# Blender 4.3.2
# www.blender.org
mtllib BloodTemple.mtl
o Angel
v -0.471364 0.018600 -0.591512
v -0.471451 0.290293 -0.248460
v 0.532313 0.019704 -0.581782
v -0.308542 3.298582 -0.498805
v -0.434422 3.107443 -0.363771
v -0.667284 3.638673 -0.462136
v -0.444823 2.268661 -0.303682
v -0.452443 2.947946 -0.523325
v -0.624804 2.498940 -0.369154
v -0.289304 3.714646 -0.477770
v -0.679482 3.204613 -0.527980
v -0.291370 2.995362 -0.188683
v -0.581299 3.499775 -0.560004
v -0.419256 3.345426 -0.364249
v -0.315554 3.031512 -0.464687
v -0.625596 3.052904 -0.558615
v -0.555773 1.929864 -0.100519
v -0.593683 2.245235 -0.236253
v -0.583539 3.098683 -0.429248
v -0.362946 3.531754 -0.328655
v 0.551686 0.278472 -0.597525
v 0.522632 0.238238 0.013024
v -0.485375 0.017790 0.394443
v 0.505962 0.018675 0.413588
v 0.070924 4.650313 0.393602
v -0.064945 4.592652 0.435305
v -0.018565 4.270278 0.468986
v 0.658627 3.789014 -0.443517
v 0.309096 4.388395 0.386590
v 0.169433 3.895192 -0.222929
v 0.474900 4.204717 -0.194838
v -0.014162 3.878148 -0.240668
v -0.055320 3.779332 -0.229787
v -0.140394 4.018430 -0.208563
v -0.069461 4.474455 0.513630
v -0.275164 4.471372 -0.176707
v 0.279183 3.968152 -0.118464
v 0.343906 3.647638 -0.168822
v 0.566842 4.345761 -0.243104
v 0.317099 4.314044 0.265666
v 0.184037 4.307544 0.472626
v 0.415520 4.051602 -0.363585
v -0.194611 4.103000 -0.291462
v 0.278471 4.462370 0.425157
v -0.126773 4.510937 0.406093
v -0.173449 4.045147 0.079817
v -0.186681 4.114501 0.017434
v 0.237386 3.934520 0.216993
v -0.235379 4.033876 -0.008157
v 0.292422 4.135234 -0.134405
v 0.747957 4.017207 -0.303756
v -0.118263 4.064540 0.061703
v 0.227953 4.208906 0.094190
v 0.155353 4.196581 0.116095
v 0.118887 4.540845 0.517408
v -0.193853 4.446132 0.188060
v 0.347986 3.788312 0.265661
v 0.196881 4.610984 -0.038686
v 0.274890 4.030560 -0.060783
v 0.081985 4.419521 0.582315
v 0.169731 4.559044 0.051939
v 0.167961 4.132046 0.297640
v 0.179140 4.426878 -0.004801
v 0.498583 3.672325 -0.061557
v -0.209480 4.341971 0.180697
v 0.024446 4.535170 -0.109675
v 0.646063 4.281480 -0.197619
v 0.215151 4.401269 0.556055
v -0.263713 3.909604 0.183199
v -0.422225 3.989465 -0.474476
v 0.247634 3.691956 0.368622
v 0.047858 4.413592 -0.048851
v 0.209517 4.068882 0.084276
v 0.552484 4.488581 -0.106844
v -0.090002 4.230584 0.146016
v 0.538828 3.665980 -0.318852
v 0.489023 3.903096 -0.292722
v 0.215283 4.240982 0.232474
v 0.074507 3.881915 -0.244607
v -0.484421 3.825292 -0.011461
v -0.442083 3.918621 0.058718
v -0.189956 3.724929 0.357190
v -0.227870 4.397437 0.325261
v -0.142054 4.258289 0.279438
v -0.112834 4.395608 0.498854
v 0.288454 4.456727 0.251382
v 0.163107 4.050574 0.062140
v 0.060240 4.132831 0.433004
v -0.194026 4.462592 0.347386
v -0.112185 4.344959 0.409583
v -0.317311 3.759129 0.230311
v 0.172827 3.428972 -0.219896
v 0.489859 3.855137 -0.000423
v 0.351363 4.403505 -0.138291
v 0.090898 4.233298 0.464640
v 0.223330 4.617128 0.307955
v 0.467873 3.874435 0.137083
v 0.061062 3.649305 0.419113
v -0.124386 3.886206 0.291653
v 0.102515 3.895019 0.300263
v -0.009515 3.912732 0.234119
v 0.245058 4.178680 -0.047928
v 0.157457 3.774290 0.347397
v -0.046519 3.878207 0.344156
v -0.233617 3.754213 -0.199164
v 0.251576 4.278852 0.040591
v -0.224914 3.985757 -0.156692
v 0.388831 4.447615 -0.017221
v -0.105663 4.628803 -0.015739
v -0.075134 4.480947 -0.103151
v -0.492759 3.477097 0.032235
v 0.116187 4.112105 -0.177585
v -0.584684 4.047289 -0.356935
v -0.221343 4.178079 -0.157560
v 0.249253 4.490960 0.120539
v -0.012011 4.106084 -0.184676
v -0.378703 3.739841 -0.355627
v -0.107721 4.138082 -0.110368
v -0.340825 3.998333 -0.304426
v 0.008179 4.018717 0.332387
v 0.032510 4.043114 0.235648
v -0.131616 4.240706 -0.069298
v 0.031255 4.202595 -0.142513
v 0.323800 4.370052 0.182100
v -0.163574 4.288914 0.101210
v -0.080871 4.089671 0.194271
v -0.120281 4.498956 0.097521
v -0.112272 4.546091 0.194550
v 0.113476 4.043168 0.161406
v -0.110173 4.324639 0.021626
v -0.259340 4.472674 -0.038162
v 0.056400 4.675795 0.145816
v -0.085824 4.501925 0.010992
v -0.540175 4.223698 -0.374718
v -0.420703 4.495738 -0.155558
v -0.062856 4.595998 0.144042
v -0.388996 4.161836 -0.278722
v -0.404047 3.396679 -0.026479
v -0.202390 1.921000 0.339236
v -0.343359 1.778087 0.052278
v -0.275752 1.672003 0.216626
v -0.334114 1.894896 0.110198
v -0.312020 1.624561 0.182114
v 0.115492 2.558589 0.412441
v -0.311329 1.923722 0.199395
v -0.308722 3.018887 0.461992
v 0.061298 3.252215 0.356573
v 0.057445 1.376932 0.280073
v 0.040877 3.135765 0.423440
v -0.324244 2.253883 0.192301
v 0.056932 1.391530 0.340238
v -0.145791 3.278284 0.323330
v -0.038590 1.817056 0.282533
v -0.081659 1.854444 0.295124
v -0.313210 2.376855 -0.149777
v -0.507465 1.750030 0.107864
v -0.295602 3.553977 -0.105978
v -0.234317 3.130765 -0.062938
v -0.263618 3.521713 0.266780
v -0.344203 2.612626 0.083891
v 0.064249 2.959058 0.512408
v 0.001335 1.827834 0.282853
v -0.225853 3.142234 0.039755
v -0.324821 1.510895 -0.003573
v -0.359510 1.546564 0.303781
v -0.337902 2.183811 -0.061899
v 0.088716 2.068693 0.412811
v -0.312079 2.868322 0.172373
v 0.002957 2.070421 0.342101
v -0.465203 3.052757 0.224859
v -0.018527 3.303370 0.369515
v 0.086781 2.940546 0.413717
v -0.243971 2.988485 -0.094379
v 0.139627 3.438211 0.395640
v -0.006051 3.546642 0.392811
v 0.022745 2.969068 0.418798
v 0.063508 2.443765 0.379463
v 0.009537 2.950962 0.539829
v 0.088343 3.190433 0.576797
v -0.080516 3.139545 0.525149
v -0.004027 3.412654 0.421587
v -0.091069 3.045400 0.565732
v 0.016951 2.580310 0.381629
v 0.186825 3.117184 0.589162
v 0.153779 2.369674 0.433806
v -0.160466 3.338757 0.362701
v 0.208930 2.936666 0.479430
v 0.207841 3.166513 0.418581
v -0.144114 3.251527 0.373409
v 0.211209 3.084653 0.451118
v -0.435290 3.447537 0.306395
v -0.345558 2.867824 0.300832
v 0.485324 3.155087 0.388877
v 0.449602 3.288343 0.438149
v -0.349032 3.318413 0.400458
v -0.081554 2.314439 0.371489
v -0.500130 3.160091 0.308771
v -0.273415 3.218408 0.470490
v -0.177215 2.701318 0.424740
v -0.229779 2.698315 0.315189
v -0.114989 2.677613 0.365017
v -0.202449 2.960684 0.412231
v -0.158479 2.994398 0.509675
v -0.072227 2.959105 0.400219
v 0.370781 1.563849 -0.420780
v 0.251303 0.597567 0.271700
v 0.401428 1.677432 -0.230858
v 0.548257 0.874700 -0.111950
v 0.246802 0.801398 -0.515513
v 0.269251 0.294601 0.373193
v 0.476943 0.879480 -0.516482
v 0.434444 1.130918 -0.246402
v -0.012021 2.065430 -0.389423
v -0.134699 0.926714 -0.544557
v 0.505147 0.304192 0.404135
v 0.364244 0.239620 -0.586733
v 0.072118 0.457684 -0.607622
v 0.010803 0.379932 -0.588958
v 0.476306 0.721082 -0.339053
v 0.160648 1.808634 -0.407003
v 0.084270 1.019153 -0.571065
v 0.332147 0.380034 -0.585531
v -0.293088 1.032814 -0.541196
v 0.359401 0.628465 0.120998
v -0.437676 0.403948 -0.615214
v 0.112239 0.251508 0.406346
v 0.598690 0.379353 -0.300907
v 0.419893 1.647248 0.216497
v 0.586187 0.335874 -0.285011
v 0.203335 0.484785 0.404757
v 0.497856 1.664372 -0.054829
v 0.510823 1.325027 -0.082374
v 0.484509 1.024004 -0.079344
v 0.576054 0.452757 -0.548918
v -0.422858 0.440663 0.287420
v 0.599996 0.560122 -0.108016
v -0.179909 0.494428 0.382011
v -0.071330 0.404079 0.457935
v -0.232387 0.518830 0.267150
v -0.422631 0.323683 0.393973
v -0.137715 0.601867 0.377272
v 0.088001 0.716485 0.350020
v -0.212145 0.232067 0.398957
v 0.443116 0.411633 0.348761
v -0.474834 0.333478 -0.063952
v -0.482218 0.268593 0.391255
v 0.526226 0.226394 -0.278439
v -0.305950 1.179204 -0.486973
v -0.239344 0.375177 0.389389
v -0.094722 0.767601 0.225131
v 0.016603 0.616424 0.270438
v -0.349202 0.608699 -0.011466
v -0.399842 0.462608 0.126178
v 0.447517 1.606111 -0.031490
v -0.230486 1.230388 -0.390357
v -0.259835 0.551859 0.195256
v 0.041475 0.483341 0.357425
v 0.158551 0.626825 0.197982
v -0.227207 0.604209 -0.012329
v 0.491687 0.620532 -0.118773
v -0.481218 0.548518 -0.022353
v 0.436783 1.112908 -0.071705
v -0.206039 0.703920 -0.036534
v -0.101586 0.683021 0.128560
v 0.159716 0.734897 0.147845
v -0.090256 0.242405 -0.585331
v -0.480909 0.507786 -0.406613
v -0.444806 0.491194 -0.338826
v 0.450072 0.529816 0.025147
v -0.476087 0.264845 -0.585338
v 0.436016 1.251807 0.026890
v -0.466199 0.476190 -0.556619
v 0.059489 0.765487 0.358278
v -0.445629 1.619606 0.097058
v -0.528153 1.511829 0.232277
v -0.387971 0.884540 -0.491297
v -0.448582 1.449569 0.289914
v 0.441905 1.604662 0.300674
v 0.439136 1.061718 -0.102621
v -0.005881 0.717334 0.259841
v -0.021512 1.364280 0.276843
v -0.028418 1.419992 0.227775
v -0.091804 1.182721 0.144860
v -0.117257 1.036847 0.032137
v -0.188533 0.935010 0.042687
v -0.236429 1.110758 0.013897
v 0.110521 1.233093 0.356418
v 0.120957 0.925701 0.190281
v 0.317201 1.017480 0.179220
v -0.252571 1.332472 0.048051
v -0.051982 0.913679 0.116933
v -0.322635 1.358428 -0.101047
v -0.306085 1.151645 -0.196994
v 0.235086 1.054904 0.214678
v -0.375914 0.627921 -0.115168
v -0.325493 0.689066 -0.214129
v -0.260601 0.927393 -0.175121
v -0.302790 0.758383 -0.218213
v -0.136584 1.455547 0.186466
v -0.319841 0.715792 -0.421503
v -0.155370 1.342969 0.096722
v 0.307296 1.016785 0.135599
v -0.056656 1.479249 0.185877
v 0.355204 0.707819 0.087436
v 0.146117 1.605071 0.297323
v 0.312814 0.850018 0.138894
v 0.504153 1.649743 0.167655
v -0.288171 1.540953 -0.259000
v 0.506590 0.409481 0.187624
v 0.474945 0.505803 0.176557
v 0.592029 0.479823 -0.054676
v 0.582090 3.148247 0.016747
v 0.446007 3.171983 -0.404171
v 0.649753 3.053573 0.155635
v 0.580734 3.302826 0.318886
v 0.567815 3.296387 0.367854
v 0.726630 2.202344 -0.089794
v 0.856202 3.272684 -0.365756
v 0.802588 3.121695 -0.419527
v 0.485058 2.191659 -0.074705
v -0.238855 2.245379 -0.218070
v -0.137024 2.158800 -0.338245
v 0.210594 1.842904 0.319961
v 0.571814 3.128189 -0.260527
v 0.814264 2.786235 -0.299334
v 0.439674 3.371557 -0.223405
v 0.613962 3.264502 -0.463569
v 0.087835 2.350915 -0.340644
v 0.828887 3.600472 -0.380556
v 0.051555 3.231982 -0.244868
v 0.449044 2.116563 0.209263
v 0.161061 3.189152 -0.169443
v -0.058167 3.195347 -0.218864
v 0.628636 2.284188 -0.201765
v 0.710825 3.028079 -0.291709
v 0.349152 3.634332 -0.396722
v 0.476710 2.635868 -0.156158
v 0.625819 1.703784 0.141644
v 0.493843 1.986039 0.090168
v 0.465706 2.892627 0.051969
v 0.568622 2.944850 0.066518
v 0.604827 2.905813 0.224527
v 0.155921 2.336201 0.366014
v 0.485077 2.134122 0.022381
v 0.227877 2.565400 0.396822
v 0.186920 2.887555 0.397869
v 0.299260 2.956650 0.360022
v 0.447583 2.745721 0.265070
v 0.296237 2.992455 0.449697
v 0.509689 3.118824 0.264339
v -0.043229 3.500083 -0.236891
v 0.465806 2.769496 0.300499
v 0.332526 3.116189 0.339451
v 0.279490 3.272562 0.334946
v 0.551871 2.804050 0.323528
v 0.639741 3.358255 0.221754
v 0.665251 3.345198 0.078416
v 0.373444 3.330092 -0.106373
v 0.380866 3.424702 -0.126488
v 0.420918 3.037965 0.243334
v 0.482816 2.888050 0.256115
v 0.371831 2.957800 -0.120717
v 0.536255 2.941021 0.244709
v 0.510643 3.439455 0.308816
v -0.027580 2.791498 -0.279789
v 0.563481 1.697372 0.224735
v 0.323298 3.386766 0.264457
v -0.134008 2.976030 -0.205611
v 0.480314 2.381932 -0.090953
v 0.289851 2.414254 -0.285191
v 0.437848 3.401519 0.376287
v -0.311515 2.669029 -0.233988
v 0.415682 3.071106 -0.037113
v 0.285069 3.020874 -0.185253
v 0.447500 2.955589 -0.231098
v 0.474299 2.981896 -0.184522
v 0.510647 2.975831 -0.356016
v -0.305487 2.303812 -0.163031
v -0.213498 3.273275 -0.111644
v -0.285047 2.965943 -0.271526
v -0.285201 2.819047 -0.301928
v -0.198654 3.039835 -0.358556
v 0.228032 3.333665 0.372627
v 0.522759 2.228502 -0.019025
v -0.231091 3.469789 -0.148111
v 0.470485 1.751619 0.121688
v 0.468571 1.816648 0.026459
v 0.499506 1.912760 0.039390
v 0.400284 1.742146 0.235138
vn -0.5699 -0.5739 -0.5881
vn -0.9994 0.0314 -0.0108
vn 0.5712 -0.6018 -0.5582
vn 0.4903 -0.0321 -0.8710
vn -0.5638 0.0365 0.8251
vn -0.9805 0.1624 0.1104
vn 0.2766 -0.4040 -0.8719
vn 0.2653 -0.2129 -0.9404
vn -0.9615 -0.1935 -0.1954
vn 0.4963 0.1124 -0.8609
vn -0.9740 -0.0064 -0.2265
vn -0.6706 -0.6001 0.4361
vn -0.2208 0.1075 -0.9694
vn -0.5746 0.0417 0.8174
vn 0.6362 -0.2397 -0.7333
vn -0.3709 -0.1558 -0.9155
vn -0.7378 -0.4275 -0.5224
vn -0.8572 0.1743 0.4846
vn -0.5367 0.0690 0.8409
vn -0.7191 0.0665 0.6918
vn 0.6563 -0.0407 -0.7534
vn 0.9905 -0.1053 0.0886
vn -0.5907 -0.5732 0.5678
vn 0.5621 -0.5716 0.5978
vn -0.0121 0.9379 0.3467
vn -0.5199 0.7493 0.4102
vn -0.4713 -0.5292 0.7055
vn 0.2008 0.1907 -0.9609
vn 0.9463 -0.1755 0.2717
vn -0.2097 0.2306 -0.9502
vn 0.3328 -0.3098 0.8907
vn -0.0806 0.0626 -0.9948
vn 0.2320 0.0866 -0.9688
vn 0.4193 0.5819 -0.6969
vn -0.5055 0.3443 0.7912
vn 0.5694 0.6960 -0.4375
vn 0.8094 0.5811 0.0850
vn 0.9923 0.1209 0.0277
vn 0.2479 0.5759 -0.7790
vn 0.8482 -0.5191 0.1053
vn 0.5294 -0.6218 0.5771
vn -0.3524 0.3337 -0.8743
vn 0.7914 0.3117 -0.5259
vn 0.8371 0.4006 0.3725
vn -0.7818 0.5176 0.3476
vn -0.6992 0.3609 0.6171
vn -0.9563 0.2895 -0.0415
vn 0.3577 0.6647 0.6559
vn -0.6717 0.7402 0.0319
vn -0.7301 0.2880 0.6197
vn 0.9593 0.2306 0.1632
vn -0.3584 0.3540 0.8639
vn 0.7980 -0.4804 0.3639
vn 0.7042 -0.5917 0.3925
vn 0.2159 0.6329 0.7436
vn -0.8793 0.3956 -0.2650
vn 0.4458 0.3768 0.8120
vn 0.7660 0.4776 -0.4304
vn 0.8077 0.5303 -0.2578
vn -0.0450 -0.0352 0.9984
vn 0.9097 0.4152 -0.0043
vn 0.8108 -0.5430 0.2184
vn 0.6697 0.1693 -0.7231
vn 0.7570 0.1399 -0.6382
vn -0.9449 -0.2182 -0.2441
vn 0.1271 0.1526 -0.9801
vn 0.8885 0.1876 0.4189
vn 0.5436 -0.1280 0.8295
vn -0.4034 0.6606 0.6331
vn 0.1371 0.2929 -0.9463
vn 0.3931 0.1931 0.8990
vn -0.0330 -0.0308 -0.9990
vn 0.3781 0.4129 0.8286
vn 0.5394 0.7983 0.2679
vn -0.8791 -0.3892 0.2751
vn 0.3797 0.0114 0.9251
vn 0.3860 -0.1269 0.9137
vn 0.7768 -0.6233 0.0899
vn 0.1214 -0.7100 -0.6937
vn -0.9343 0.2463 -0.2579
vn -0.7764 0.5770 0.2534
vn -0.4420 0.2106 0.8719
vn -0.9412 -0.0300 0.3366
vn -0.8300 -0.5164 0.2106
vn -0.7137 -0.2007 0.6711
vn 0.9330 0.3579 -0.0381
vn 0.2177 0.3974 0.8915
vn 0.1172 -0.5651 0.8167
vn -0.8589 0.4259 0.2844
vn -0.7483 -0.4827 0.4551
vn -0.6082 0.3146 0.7288
vn -0.2555 -0.0664 -0.9645
vn 0.8370 0.4590 -0.2979
vn -0.7310 0.5765 -0.3652
vn 0.2510 -0.5104 0.8225
vn 0.6674 0.7376 0.1025
vn 0.7303 0.5652 0.3838
vn 0.4613 -0.2329 0.8561
vn -0.3905 0.5590 0.7314
vn -0.5343 -0.5004 0.6813
vn -0.0040 0.7237 0.6901
vn 0.8837 0.2131 -0.4167
vn 0.2201 0.4042 0.8878
vn -0.1851 0.5373 0.8228
vn -0.9994 0.0065 -0.0340
vn 0.9576 -0.0050 -0.2880
vn -0.8206 0.5397 0.1879
vn -0.2560 0.4938 0.8310
vn -0.6980 0.6333 -0.3344
vn -0.6060 -0.3989 -0.6882
vn -0.8905 -0.0984 -0.4443
vn 0.3197 0.3358 -0.8860
vn -0.8371 0.0236 0.5466
vn 0.4411 -0.0137 0.8973
vn 0.8288 0.4041 -0.3870
vn -0.1441 0.4273 -0.8926
vn -0.5220 -0.0536 0.8513
vn -0.6108 0.4200 -0.6712
vn -0.5301 -0.1426 0.8359
vn -0.1879 -0.9010 0.3910
vn -0.1083 -0.9303 0.3505
vn -0.6526 0.4695 -0.5948
vn -0.1568 0.4435 -0.8824
vn 0.9846 -0.0112 -0.1743
vn -0.9794 -0.1004 -0.1755
vn -0.9009 -0.2088 0.3805
vn -0.9153 0.2988 -0.2702
vn -0.7033 0.7106 -0.0173
vn 0.8880 -0.0954 0.4499
vn -0.7275 0.2895 -0.6221
vn 0.3572 0.4112 0.8386
vn -0.0005 0.9999 -0.0170
vn -0.9000 -0.2158 -0.3788
vn -0.6198 0.5318 -0.5771
vn -0.6703 0.7225 0.1693
vn -0.6672 0.7134 0.2144
vn -0.3621 -0.3178 0.8763
vn -0.4776 -0.2984 -0.8263
vn -0.3156 -0.1642 0.9346
vn -0.3967 -0.4158 -0.8184
vn -0.2293 -0.1789 0.9568
vn -0.7507 0.2541 0.6098
vn 0.4399 -0.8948 -0.0765
vn -0.5773 -0.0380 0.8156
vn -0.9088 -0.0313 0.4160
vn -0.5492 -0.2310 0.8031
vn -0.0341 0.1557 0.9872
vn -0.7145 -0.0436 0.6982
vn -0.0243 0.9248 0.3797
vn -0.9258 0.0103 0.3780
vn -0.8679 -0.0182 0.4964
vn 0.3569 0.2276 0.9060
vn 0.0196 -0.2087 0.9778
vn 0.1293 -0.2466 0.9605
vn -0.8208 0.5712 0.0027
vn -0.6066 0.3983 0.6881
vn -0.3979 -0.3024 -0.8662
vn -0.9985 0.0117 -0.0532
vn 0.6833 -0.1750 0.7089
vn -0.9980 0.0627 -0.0016
vn 0.1962 -0.8757 0.4412
vn -0.7454 -0.1180 0.6561
vn -0.8200 -0.1932 -0.5388
vn -0.9864 -0.1156 0.1165
vn 0.4361 -0.3527 0.8279
vn -0.8080 0.3083 0.5020
vn -0.5638 -0.0522 0.8242
vn -0.9538 -0.2151 -0.2097
vn -0.4355 -0.0702 0.8974
vn -0.8838 -0.4383 -0.1636
vn -0.1370 -0.3663 0.9204
vn -0.2683 -0.6463 0.7144
vn -0.9831 -0.0776 -0.1655
vn 0.1663 -0.0842 0.9825
vn -0.0157 0.1139 0.9934
vn -0.1111 -0.8182 0.5640
vn -0.3866 -0.0286 0.9218
vn -0.0691 -0.8396 0.5388
vn -0.2283 0.7593 0.6094
vn -0.1923 0.6672 0.7197
vn -0.1873 -0.2041 0.9609
vn -0.4721 -0.1607 0.8668
vn -0.0305 -0.0956 0.9949
vn 0.3753 -0.2371 0.8961
vn 0.5187 -0.0236 0.8547
vn -0.5421 -0.3071 0.7822
vn 0.3386 -0.4930 0.8015
vn -0.6542 0.7537 0.0627
vn 0.3903 0.7494 0.5349
vn 0.6097 -0.5077 0.6087
vn -0.5716 0.3137 0.7582
vn -0.8315 -0.5154 0.2073
vn -0.6785 -0.7316 0.0661
vn 0.2283 0.3411 0.9119
vn -0.1846 0.4797 0.8578
vn -0.0116 -0.0726 0.9973
vn -0.9138 -0.1417 0.3807
vn -0.1875 0.4138 0.8909
vn -0.1323 -0.4606 0.8777
vn -0.7707 -0.2667 0.5787
vn -0.2014 -0.1976 0.9594
vn 0.7704 -0.4790 0.4207
vn -0.0889 -0.5419 0.8357
vn -0.0865 -0.6176 0.7817
vn 0.6550 0.1389 -0.7428
vn 0.1583 0.8334 0.5295
vn 0.9251 0.0750 -0.3722
vn 0.9638 0.1673 0.2077
vn 0.1839 0.1078 -0.9770
vn 0.0428 0.4211 0.9060
vn 0.7013 0.2191 -0.6784
vn 0.9454 0.1144 -0.3052
vn -0.1593 0.1248 -0.9793
vn -0.0674 0.0912 -0.9935
vn 0.6319 0.2666 0.7278
vn -0.0222 -0.0200 -0.9996
vn -0.0431 -0.0247 -0.9988
vn -0.0420 -0.0207 -0.9989
vn 0.9651 0.2597 -0.0320
vn 0.1091 0.1449 -0.9834
vn 0.1332 0.1481 -0.9800
vn 0.0496 0.0978 -0.9940
vn -0.3310 0.1631 -0.9294
vn 0.6123 0.5773 0.5402
vn -0.4429 0.2542 -0.8598
vn 0.0472 0.0308 0.9984
vn 0.9951 -0.0921 -0.0348
vn 0.1797 -0.8427 0.5074
vn 0.8912 -0.3900 -0.2315
vn 0.0375 0.4176 0.9078
vn 0.9804 -0.1007 0.1692
vn 0.9423 0.0002 0.3347
vn 0.4910 0.5983 0.6333
vn 0.7521 0.1687 -0.6371
vn -0.7051 0.5953 0.3853
vn 0.8581 0.3137 0.4064
vn -0.4645 0.4077 0.7861
vn 0.0402 0.2359 0.9709
vn -0.5543 0.6344 0.5387
vn -0.4273 0.4324 0.7940
vn -0.4660 0.4957 0.7329
vn 0.7883 -0.3435 0.5104
vn -0.0681 -0.0301 0.9972
vn 0.3956 0.5455 0.7389
vn -0.9978 0.0388 0.0532
vn -0.7298 0.2903 0.6190
vn 0.9746 -0.2237 0.0123
vn -0.9242 0.3211 -0.2070
vn -0.3109 0.3045 0.9004
vn -0.8035 0.2960 0.5165
vn 0.6563 0.0124 0.7544
vn -0.2812 0.7705 0.5721
vn -0.7306 0.6478 0.2157
vn 0.8878 -0.1003 0.4491
vn -0.9871 0.1231 0.1021
vn -0.6007 0.7629 0.2388
vn 0.0801 0.5311 0.8435
vn 0.3085 0.6176 0.7235
vn -0.4255 0.5991 0.6782
vn 0.4249 0.2224 0.8775
vn -0.8415 0.4574 0.2875
vn 0.7332 -0.1346 0.6666
vn -0.7413 0.2653 0.6165
vn -0.8654 0.4974 0.0610
vn 0.4332 0.0882 0.8970
vn 0.0177 -0.0300 -0.9994
vn -0.9656 0.1946 0.1723
vn -0.8878 0.3749 0.2668
vn 0.7267 0.5940 0.3450
vn -0.7418 -0.0290 -0.6700
vn 0.9515 -0.1069 0.2884
vn -0.8073 0.0475 -0.5883
vn -0.2820 0.1340 0.9500
vn 0.0830 -0.6641 -0.7430
vn -0.8482 -0.4532 0.2744
vn -0.9587 0.2747 0.0741
vn -0.0477 -0.8551 0.5163
vn -0.1822 -0.6566 0.7319
vn 0.2699 -0.3358 0.9025
vn -0.6435 0.4492 0.6198
vn -0.6625 -0.0372 0.7481
vn -0.9193 0.0047 0.3936
vn -0.8428 -0.0159 0.5380
vn -0.9379 0.1237 0.3240
vn -0.8516 0.1654 0.4975
vn -0.9026 -0.0009 0.4305
vn 0.5055 -0.0224 0.8626
vn 0.6930 -0.1814 0.6978
vn 0.8170 -0.3378 0.4674
vn -0.6704 -0.3660 0.6454
vn -0.9137 0.0134 0.4062
vn -0.9913 -0.0951 0.0910
vn -0.9844 -0.1555 -0.0827
vn 0.1600 -0.1984 0.9670
vn -0.4096 0.8561 0.3152
vn -0.8286 0.5401 0.1473
vn -0.4909 0.6335 -0.5981
vn -0.9523 0.1843 0.2433
vn -0.6495 -0.1433 0.7468
vn -0.6851 0.3941 0.6126
vn -0.9289 -0.0018 0.3704
vn 0.8937 -0.1842 0.4090
vn -0.4842 -0.2042 0.8508
vn 0.6801 0.1260 0.7222
vn 0.7084 -0.1210 0.6954
vn 0.4052 -0.0592 0.9123
vn 0.0904 -0.8483 -0.5217
vn -0.9185 0.1803 -0.3519
vn 0.9646 0.2199 0.1454
vn 0.7992 0.5689 0.1939
vn 0.9040 0.2025 0.3766
vn 0.6953 -0.1384 -0.7053
vn -0.4373 -0.2340 -0.8683
vn 0.9888 -0.1285 -0.0759
vn 0.8343 0.3082 0.4571
vn 0.7450 0.3148 0.5881
vn 0.9878 -0.0804 0.1335
vn 0.9769 0.0718 0.2014
vn 0.5103 -0.1661 -0.8438
vn 0.1926 -0.1779 -0.9650
vn -0.7206 0.0207 -0.6931
vn -0.5215 0.1006 -0.8473
vn 0.1797 -0.1059 0.9780
vn 0.5025 0.1446 0.8524
vn 0.9789 -0.1991 0.0462
vn 0.6907 0.1685 0.7033
vn -0.0404 -0.0860 -0.9955
vn 0.0664 0.1535 -0.9859
vn 0.9868 0.1526 0.0546
vn 0.1209 -0.3698 -0.9212
vn 0.8418 -0.0109 0.5397
vn -0.0880 -0.1466 -0.9853
vn 0.3912 -0.1009 -0.9148
vn 0.0152 -0.3893 -0.9210
vn 0.3299 0.1202 0.9363
vn -0.4625 0.0247 -0.8863
vn -0.7319 0.0937 0.6750
vn 0.8047 -0.5709 -0.1630
vn 0.6337 0.2844 0.7194
vn 0.8374 -0.2512 -0.4855
vn 0.6056 -0.4548 -0.6530
vn 0.9086 -0.4174 0.0169
vn 0.6586 -0.0933 0.7467
vn 0.7453 0.2205 0.6292
vn 0.1560 -0.0394 0.9870
vn 0.3202 -0.4083 0.8548
vn 0.6526 -0.1536 0.7420
vn 0.7330 -0.3853 0.5606
vn 0.8749 0.0854 0.4768
vn -0.5500 -0.6042 0.5766
vn 0.9999 0.0024 0.0108
vn -0.2065 -0.4757 0.8550
vn 0.5286 -0.6530 0.5424
vn -0.1024 0.6129 0.7835
vn 0.4356 -0.5532 0.7101
vn 0.9117 0.2028 0.3573
vn 0.9684 0.0054 -0.2492
vn 0.9601 -0.0063 -0.2796
vn 0.9604 0.0446 -0.2751
vn 0.3914 -0.0644 0.9180
vn 0.0787 0.2922 0.9531
vn 0.7544 -0.4440 -0.4835
vn -0.6341 -0.0376 0.7723
vn 0.4311 0.3940 0.8117
vn -0.2059 0.1453 -0.9677
vn 0.6078 -0.2038 0.7675
vn 0.1281 0.3412 0.9312
vn -0.2757 -0.4640 -0.8418
vn -0.0332 0.5948 -0.8032
vn 0.5141 0.1337 -0.8472
vn -0.0800 0.7274 0.6816
vn 0.1494 0.2217 0.9636
vn 0.9115 -0.2003 -0.3592
vn -0.1394 -0.2381 -0.9612
vn -0.7212 -0.6822 -0.1204
vn 0.4208 -0.3681 0.8291
vn -0.4885 -0.3390 -0.8040
vn 0.1129 -0.1702 -0.9789
vn -0.9858 -0.0877 -0.1429
vn 0.0947 -0.9063 0.4118
vn 0.9888 -0.1104 -0.1002
vn 0.6348 -0.4929 -0.5951
vn 0.3731 -0.1629 0.9134
vn 0.6015 0.2307 0.7649
vn -0.9944 -0.0687 -0.0797
vn 0.2316 -0.6140 -0.7545
vn 0.8955 -0.2997 0.3289
vn 0.5115 -0.4232 -0.7478
vn 0.2775 0.1034 0.9551
vt 0.122841 0.001261
vt 0.077911 0.041119
vt 0.006895 0.003341
vt 0.911251 0.751336
vt 0.903813 0.824097
vt 0.845994 0.770534
vt 0.425165 0.399792
vt 0.467516 0.370420
vt 0.472519 0.396236
vt 0.484967 0.420855
vt 0.030083 0.604998
vt 0.023159 0.584001
vt 0.038316 0.483803
vt 0.016180 0.659057
vt 0.008238 0.596994
vt 0.048254 0.445169
vt 0.056139 0.396026
vt 0.025193 0.469947
vt 0.310706 0.403837
vt 0.358867 0.393047
vt 0.393939 0.426187
vt 0.410699 0.316704
vt 0.437645 0.266838
vt 0.508603 0.298944
vt 0.509256 0.322795
vt 0.597211 0.388661
vt 0.591756 0.358053
vt 0.594606 0.333689
vt 0.521810 0.343334
vt 0.617568 0.296168
vt 0.548392 0.295440
vt 0.495328 0.259458
vt 0.579227 0.281519
vt 0.035042 0.671501
vt 0.528235 0.421249
vt 0.388163 0.258117
vt 0.791632 0.050012
vt 0.828294 0.120609
vt 0.794020 0.083601
vt 0.022442 0.042438
vt 0.002897 0.047137
vt 0.511644 0.693197
vt 0.626286 0.695643
vt 0.574871 0.733866
vt 0.994101 0.000656
vt 0.993777 0.000551
vt 0.993821 0.000504
vt 0.374422 0.808759
vt 0.398497 0.807887
vt 0.385844 0.816286
vt 0.863033 0.719385
vt 0.860822 0.730891
vt 0.856779 0.713687
vt 0.872009 0.898801
vt 0.863516 0.892613
vt 0.887117 0.872814
vt 0.012948 0.140991
vt 0.003298 0.127465
vt 0.011866 0.120552
vt 0.216993 0.755028
vt 0.254371 0.745012
vt 0.248796 0.809134
vt 0.918116 0.862113
vt 0.945670 0.862507
vt 0.936922 0.872579
vt 0.327307 0.557508
vt 0.342459 0.558777
vt 0.341061 0.567903
vt 0.749887 0.841306
vt 0.737336 0.849232
vt 0.738823 0.832717
vt 0.810080 0.722606
vt 0.806515 0.713506
vt 0.817724 0.708594
vt 0.376840 0.583999
vt 0.430397 0.580533
vt 0.702079 0.702127
vt 0.725790 0.708811
vt 0.706371 0.716247
vt 0.737172 0.047119
vt 0.733619 0.054077
vt 0.729614 0.052458
vt 0.797041 0.165405
vt 0.792038 0.160670
vt 0.792248 0.147523
vt 0.842408 0.725377
vt 0.829020 0.720899
vt 0.836096 0.704259
vt 0.296335 0.362587
vt 0.937348 0.889302
vt 0.912184 0.875599
vt 0.388629 0.780415
vt 0.655704 0.825339
vt 0.654523 0.853018
vt 0.613595 0.854228
vt 0.731141 0.824618
vt 0.744878 0.809766
vt 0.740829 0.829167
vt 0.313035 0.345808
vt 0.911264 0.501877
vt 0.938019 0.544923
vt 0.898093 0.552211
vt 0.050385 0.574217
vt 0.078163 0.585678
vt 0.057723 0.591648
vt 0.952609 0.507774
vt 0.972478 0.560240
vt 0.398454 0.559517
vt 0.458377 0.561949
vt 0.920467 0.023480
vt 0.927032 0.040482
vt 0.914160 0.023954
vt 0.945620 0.605664
vt 0.928667 0.592464
vt 0.988538 0.507965
vt 0.926576 0.633569
vt 0.515259 0.025073
vt 0.528747 0.034996
vt 0.522608 0.040548
vt 0.928312 0.745461
vt 0.911125 0.724039
vt 0.941669 0.745001
vt 0.305856 0.803487
vt 0.325614 0.806915
vt 0.309901 0.827766
vt 0.625224 0.819686
vt 0.352920 0.826607
vt 0.368774 0.799194
vt 0.276926 0.100048
vt 0.288783 0.092690
vt 0.290115 0.101405
vt 0.852179 0.713583
vt 0.326691 0.840935
vt 0.047506 0.090848
vt 0.039758 0.085965
vt 0.033815 0.079093
vt 0.025783 0.087927
vt 0.030783 0.090992
vt 0.025210 0.098999
vt 0.849026 0.750762
vt 0.866854 0.825807
vt 0.872980 0.835659
vt 0.860282 0.830589
vt 0.294963 0.789716
vt 0.308486 0.778143
vt 0.303050 0.786357
vt 0.098633 0.699213
vt 0.081296 0.665459
vt 0.104445 0.684219
vt 0.292526 0.713172
vt 0.841604 0.859919
vt 0.852416 0.841781
vt 0.859879 0.859823
vt 0.552157 0.654054
vt 0.548622 0.686298
vt 0.529704 0.654834
vt 0.869839 0.848054
vt 0.867379 0.857343
vt 0.512372 0.683893
vt 0.818986 0.737740
vt 0.701266 0.011870
vt 0.715693 0.022222
vt 0.694654 0.017842
vt 0.270215 0.881348
vt 0.255242 0.868978
vt 0.283146 0.869878
vt 0.688640 0.050378
vt 0.696908 0.039253
vt 0.700839 0.051274
vt 0.884832 0.705901
vt 0.873357 0.709951
vt 0.060137 0.900197
vt 0.062400 0.895001
vt 0.081082 0.899989
vt 0.882587 0.699460
vt 0.868356 0.705257
vt 0.868098 0.677850
vt 0.549682 0.620603
vt 0.524125 0.622335
vt 0.340137 0.817694
vt 0.116934 0.793609
vt 0.120061 0.810563
vt 0.080356 0.822439
vt 0.106438 0.537418
vt 0.104949 0.547768
vt 0.086926 0.533044
vt 0.791269 0.814345
vt 0.778918 0.820248
vt 0.799108 0.801521
vt 0.881383 0.717856
vt 0.783960 0.838245
vt 0.193107 0.881373
vt 0.193440 0.889147
vt 0.186791 0.893824
vt 0.805317 0.810474
vt 0.057399 0.848495
vt 0.061054 0.841897
vt 0.083411 0.834740
vt 0.331580 0.153283
vt 0.325349 0.148789
vt 0.333243 0.131684
vt 0.117885 0.566313
vt 0.100454 0.564362
vt 0.108687 0.554905
vt 0.746536 0.082457
vt 0.748772 0.084071
vt 0.742798 0.088745
vt 0.334857 0.853732
vt 0.901341 0.730466
vt 0.823189 0.810526
vt 0.164847 0.597707
vt 0.129670 0.594890
vt 0.148972 0.580676
vt 0.748199 0.785870
vt 0.725718 0.785044
vt 0.759968 0.763708
vt 0.039464 0.730684
vt 0.032033 0.772215
vt 0.077514 0.572421
vt 0.056768 0.566594
vt 0.066385 0.548488
vt 0.137769 0.567504
vt 0.905840 0.686968
vt 0.917349 0.705928
vt 0.903038 0.702992
vt 0.900617 0.869356
vt 0.904918 0.876600
vt 0.160227 0.779892
vt 0.185438 0.786577
vt 0.159247 0.802202
vt 0.074601 0.688948
vt 0.056741 0.698101
vt 0.061631 0.684648
vt 0.079747 0.702473
vt 0.657673 0.277355
vt 0.615367 0.254681
vt 0.131684 0.812012
vt 0.127134 0.823281
vt 0.463832 0.024836
vt 0.469059 0.038181
vt 0.455661 0.030671
vt 0.304391 0.805338
vt 0.301276 0.797780
vt 0.803170 0.728758
vt 0.788360 0.718366
vt 0.925650 0.770743
vt 0.656661 0.250266
vt 0.773820 0.738366
vt 0.076489 0.790568
vt 0.162404 0.052385
vt 0.173346 0.043231
vt 0.173098 0.062088
vt 0.609653 0.003421
vt 0.587247 0.017772
vt 0.588819 0.008799
vt 0.099315 0.764621
vt 0.073218 0.531496
vt 0.338406 0.078815
vt 0.320504 0.080389
vt 0.334094 0.069934
vt 0.127404 0.561006
vt 0.774047 0.828137
vt 0.768481 0.819498
vt 0.094855 0.551588
vt 0.717888 0.796781
vt 0.905033 0.631354
vt 0.059108 0.712545
vt 0.070539 0.715158
vt 0.070134 0.736911
vt 0.804173 0.762081
vt 0.891944 0.669257
vt 0.734915 0.795628
vt 0.663799 0.311447
vt 0.792523 0.762222
vt 0.202309 0.804283
vt 0.929320 0.103439
vt 0.942731 0.088116
vt 0.941616 0.098050
vt 0.495466 0.009473
vt 0.510898 0.004032
vt 0.502706 0.015956
vt 0.858451 0.761641
vt 0.851309 0.863813
vt 0.865710 0.874022
vt 0.846560 0.871071
vt 0.926214 0.094693
vt 0.015725 0.728147
vt 0.549316 0.608065
vt 0.569473 0.640344
vt 0.700955 0.758266
vt 0.686034 0.729559
vt 0.704263 0.721403
vt 0.156163 0.034114
vt 0.169697 0.029517
vt 0.756862 0.816803
vt 0.990141 0.145540
vt 0.986269 0.157479
vt 0.984794 0.143526
vt 0.909736 0.855813
vt 0.915656 0.851761
vt 0.955848 0.075622
vt 0.946015 0.082691
vt 0.948435 0.057335
vt 0.683598 0.282110
vt 0.692446 0.249470
vt 0.732933 0.247499
vt 0.942939 0.071976
vt 0.150471 0.048344
vt 0.544049 0.049341
vt 0.253091 0.107099
vt 0.255799 0.123963
vt 0.243770 0.118764
vt 0.090652 0.750492
vt 0.105020 0.747935
vt 0.096986 0.764436
vt 0.215112 0.011795
vt 0.207056 0.012602
vt 0.204809 0.005987
vt 0.732334 0.751739
vt 0.712468 0.762341
vt 0.574815 0.650963
vt 0.575340 0.664114
vt 0.183624 0.003117
vt 0.201143 0.011850
vt 0.731584 0.725330
vt 0.743368 0.744740
vt 0.173432 0.766131
vt 0.159068 0.058667
vt 0.149919 0.063101
vt 0.147452 0.054431
vt 0.116613 0.604070
vt 0.127983 0.605269
vt 0.188227 0.001230
vt 0.460536 0.008610
vt 0.240437 0.362239
vt 0.236363 0.343017
vt 0.283906 0.350145
vt 0.940504 0.701547
vt 0.925711 0.695683
vt 0.937844 0.694535
vt 0.443958 0.008727
vt 0.181525 0.047517
vt 0.196316 0.036676
vt 0.179846 0.053583
vt 0.877661 0.016620
vt 0.869751 0.016968
vt 0.880780 0.011104
vt 0.212019 0.801739
vt 0.681496 0.290207
vt 0.095883 0.721121
vt 0.109952 0.714671
vt 0.225749 0.074219
vt 0.212715 0.053586
vt 0.221144 0.046383
vt 0.525256 0.642341
vt 0.922987 0.704810
vt 0.797311 0.810750
vt 0.805263 0.814736
vt 0.798254 0.836528
vt 0.123280 0.723001
vt 0.118865 0.744131
vt 0.206587 0.063522
vt 0.997918 0.049070
vt 0.984144 0.057342
vt 0.989303 0.052163
vt 0.088717 0.712283
vt 0.735614 0.269154
vt 0.009523 0.106339
vt 0.289181 0.828303
vt 0.902599 0.578070
vt 0.159601 0.869743
vt 0.154195 0.855525
vt 0.178403 0.871845
vt 0.367230 0.781145
vt 0.670537 0.314823
vt 0.347347 0.339666
vt 0.098403 0.060651
vt 0.088554 0.063757
vt 0.093878 0.054152
vt 0.811023 0.814074
vt 0.972296 0.069224
vt 0.962497 0.077515
vt 0.965354 0.054141
vt 0.047403 0.670705
vt 0.048759 0.654214
vt 0.054006 0.679812
vt 0.262763 0.389761
vt 0.092958 0.523690
vt 0.895819 0.658301
vt 0.930461 0.059700
vt 0.977136 0.042411
vt 0.982675 0.047195
vt 0.982590 0.053117
vt 0.155596 0.608871
vt 0.132360 0.605773
vt 0.921223 0.750651
vt 0.366784 0.294142
vt 0.304921 0.271449
vt 0.284117 0.244262
vt 0.578200 0.799007
vt 0.574957 0.814321
vt 0.566994 0.807663
vt 0.172615 0.256899
vt 0.189177 0.269640
vt 0.184956 0.291501
vt 0.314054 0.212072
vt 0.270969 0.210833
vt 0.314255 0.187852
vt 0.587158 0.802537
vt 0.411902 0.693026
vt 0.423165 0.683773
vt 0.402813 0.740778
vt 0.120706 0.768789
vt 0.264003 0.008535
vt 0.263521 0.001501
vt 0.291835 0.010799
vt 0.308359 0.228392
vt 0.864693 0.666410
vt 0.933642 0.114086
vt 0.933829 0.130438
vt 0.923142 0.119580
vt 0.191675 0.559581
vt 0.167857 0.585009
vt 0.181073 0.521726
vt 0.054955 0.600247
vt 0.065828 0.599160
vt 0.072899 0.601734
vt 0.141098 0.372314
vt 0.065508 0.624335
vt 0.079139 0.624328
vt 0.252227 0.208774
vt 0.064250 0.358961
vt 0.086645 0.327896
vt 0.228359 0.008910
vt 0.226346 0.026090
vt 0.224007 0.019709
vt 0.161822 0.493578
vt 0.198160 0.474269
vt 0.176614 0.515006
vt 0.185514 0.470376
vt 0.460113 0.619124
vt 0.431531 0.848023
vt 0.434483 0.835402
vt 0.438974 0.891501
vt 0.455753 0.773680
vt 0.477591 0.786207
vt 0.467940 0.794160
vt 0.181894 0.833057
vt 0.178352 0.849213
vt 0.162372 0.836769
vt 0.143246 0.947650
vt 0.139711 0.948447
vt 0.149513 0.864230
vt 0.476259 0.595820
vt 0.459624 0.602280
vt 0.482686 0.158561
vt 0.434353 0.174896
vt 0.481683 0.153421
vt 0.405665 0.790670
vt 0.414075 0.744052
vt 0.420039 0.743215
vt 0.467249 0.768637
vt 0.363927 0.869793
vt 0.343091 0.919521
vt 0.349386 0.885718
vt 0.242302 0.232750
vt 0.675852 0.895084
vt 0.715418 0.882450
vt 0.688676 0.895788
vt 0.828078 0.276658
vt 0.825197 0.236132
vt 0.833528 0.099415
vt 0.653809 0.372265
vt 0.705344 0.339395
vt 0.553672 0.799827
vt 0.558729 0.787577
vt 0.589805 0.893128
vt 0.576918 0.897996
vt 0.512993 0.895548
vt 0.332324 0.871717
vt 0.322627 0.869483
vt 0.319644 0.855893
vt 0.389626 0.855345
vt 0.393569 0.817069
vt 0.397614 0.846401
vt 0.051857 0.624383
vt 0.051926 0.613624
vt 0.150593 0.909122
vt 0.163157 0.881183
vt 0.156045 0.903224
vt 0.357080 0.250832
vt 0.681146 0.334280
vt 0.706805 0.314008
vt 0.638092 0.898126
vt 0.644493 0.894627
vt 0.169366 0.822174
vt 0.041611 0.906393
vt 0.811188 0.392758
vt 0.830196 0.385742
vt 0.828299 0.403500
vt 0.480247 0.658460
vt 0.435198 0.663333
vt 0.573952 0.786214
vt 0.939634 0.046556
vt 0.948474 0.053100
vt 0.944255 0.052416
vt 0.158256 0.874524
vt 0.309694 0.851166
vt 0.483075 0.055919
vt 0.476801 0.055649
vt 0.476373 0.051448
vt 0.844725 0.412719
vt 0.879787 0.415339
vt 0.801999 0.420688
vt 0.151888 0.759262
vt 0.159699 0.720483
vt 0.077342 0.846672
vt 0.133246 0.859318
vt 0.118276 0.867884
vt 0.166170 0.385835
vt 0.191702 0.427036
vt 0.527560 0.808344
vt 0.660806 0.017104
vt 0.638315 0.046053
vt 0.638872 0.032937
vt 0.485997 0.638969
vt 0.452950 0.622686
vt 0.500322 0.688297
vt 0.481352 0.693019
vt 0.477749 0.640483
vt 0.697146 0.415677
vt 0.438554 0.619682
vt 0.408402 0.622992
vt 0.441600 0.884824
vt 0.438896 0.806907
vt 0.446629 0.929120
vt 0.413901 0.666064
vt 0.437872 0.189245
vt 0.374911 0.174555
vt 0.142997 0.886573
vt 0.465962 0.214764
vt 0.367724 0.215957
vt 0.399861 0.631420
vt 0.381135 0.642952
vt 0.356442 0.625259
vt 0.356963 0.614074
vt 0.406889 0.599031
vt 0.449829 0.643336
vt 0.195331 0.880847
vt 0.198475 0.882703
vt 0.200596 0.913186
vt 0.424949 0.230481
vt 0.892333 0.897398
vt 0.892334 0.884103
vt 0.936477 0.895657
vt 0.955641 0.121201
vt 0.948707 0.128023
vt 0.948647 0.122662
vt 0.373077 0.885865
vt 0.368464 0.911249
vt 0.364123 0.904714
vt 0.228272 0.824736
vt 0.226319 0.873166
vt 0.215885 0.871028
vt 0.929348 0.900027
vt 0.220836 0.503941
vt 0.209856 0.571791
vt 0.458737 0.641985
vt 0.425420 0.593939
vt 0.601469 0.805456
vt 0.590169 0.829002
vt 0.593584 0.808256
vt 0.930080 0.809954
vt 0.933822 0.832616
vt 0.914174 0.828232
vt 0.947657 0.813059
vt 0.404271 0.813303
vt 0.604620 0.825052
vt 0.600422 0.837394
vt 0.590106 0.829304
vt 0.934247 0.832018
vt 0.939240 0.838058
vt 0.956537 0.153198
vt 0.951639 0.152205
vt 0.952543 0.138598
vt 0.308549 0.103694
vt 0.296509 0.109741
vt 0.301644 0.100236
vt 0.357056 0.914545
vt 0.908171 0.851879
vt 0.916405 0.834432
vt 0.580742 0.823416
vt 0.231422 0.525587
vt 0.159649 0.379411
vt 0.417101 0.841549
vt 0.411310 0.907790
vt 0.426207 0.727807
vt 0.422155 0.774428
vt 0.437799 0.914806
vt 0.196388 0.367727
vt 0.430230 0.671083
vt 0.189954 0.740966
vt 0.174838 0.674888
vt 0.196506 0.679829
vt 0.643717 0.088548
vt 0.611910 0.065925
vt 0.688628 0.061426
vt 0.699856 0.144257
vt 0.749673 0.170295
vt 0.665092 0.165449
vt 0.982243 0.923602
vt 0.974053 0.875912
vt 0.985710 0.908718
vt 0.783366 0.119089
vt 0.758422 0.110212
vt 0.763067 0.084701
vt 0.656943 0.199556
vt 0.520583 0.162600
vt 0.532613 0.153777
vt 0.601805 0.172195
vt 0.766221 0.136891
vt 0.763532 0.125192
vt 0.974912 0.932495
vt 0.968423 0.910525
vt 0.964108 0.842877
vt 0.971217 0.847373
vt 0.710350 0.094681
vt 0.778210 0.788131
vt 0.760916 0.777840
vt 0.786459 0.763950
vt 0.771059 0.142920
vt 0.789804 0.140067
vt 0.769786 0.163762
vt 0.552404 0.089755
vt 0.111190 0.169215
vt 0.117779 0.192104
vt 0.117431 0.321282
vt 0.815652 0.775118
vt 0.573455 0.117675
vt 0.506101 0.704332
vt 0.536081 0.726216
vt 0.512203 0.735568
vt 0.209611 0.765801
vt 0.209086 0.781042
vt 0.026460 0.062369
vt 0.029521 0.843215
vt 0.000066 0.814493
vt 0.000122 0.809682
vt 0.505636 0.728321
vt 0.581029 0.767598
vt 0.596201 0.739502
vt 0.519458 0.746687
vt 0.535673 0.747333
vt 0.822167 0.868473
vt 0.823848 0.844246
vt 0.837711 0.859757
vt 0.545525 0.732562
vt 0.550158 0.753181
vt 0.779818 0.060654
vt 0.738404 0.055636
vt 0.756817 0.056896
vt 0.760511 0.078318
vt 0.547836 0.763768
vt 0.573447 0.759036
vt 0.843761 0.877263
vt 0.702794 0.059448
vt 0.699829 0.053375
vt 0.707282 0.054638
vt 0.354180 0.667569
vt 0.367020 0.710553
vt 0.313196 0.676667
vt 0.435078 0.027655
vt 0.449812 0.037695
vt 0.424803 0.032544
vt 0.315415 0.774661
vt 0.799933 0.861365
vt 0.164824 0.618076
vt 0.183996 0.611504
vt 0.934417 0.639410
vt 0.929291 0.668208
vt 0.918943 0.650347
vt 0.533604 0.142586
vt 0.950237 0.650800
vt 0.955982 0.663147
vt 0.362747 0.653922
vt 0.384395 0.668924
vt 0.964116 0.699571
vt 0.947476 0.684097
vt 0.976304 0.682217
vt 0.376751 0.694154
vt 0.869167 0.435696
vt 0.881234 0.445039
vt 0.883237 0.462212
vt 0.773791 0.806751
vt 0.757489 0.802975
vt 0.358324 0.738038
vt 0.396135 0.711082
vt 0.182377 0.091900
vt 0.192908 0.085192
vt 0.190453 0.098592
vt 0.549874 0.059858
vt 0.973937 0.714372
vt 0.959088 0.712655
vt 0.521453 0.459557
vt 0.489323 0.476320
vt 0.480415 0.468700
vt 0.535357 0.779741
vt 0.507593 0.773051
vt 0.593634 0.774182
vt 0.513001 0.033293
vt 0.510983 0.041057
vt 0.497353 0.040546
vt 0.479090 0.453757
vt 0.483964 0.451366
vt 0.782786 0.082632
vt 0.457710 0.887002
vt 0.452674 0.877134
vt 0.526426 0.885320
vt 0.908378 0.101871
vt 0.908102 0.169732
vt 0.884980 0.163172
vt 0.189580 0.032199
vt 0.161964 0.016935
vt 0.185669 0.018688
vt 0.627690 0.898507
vt 0.655988 0.901381
vt 0.601563 0.904092
vt 0.878076 0.534956
vt 0.865951 0.559032
vt 0.885550 0.483424
vt 0.359633 0.739420
vt 0.260848 0.085818
vt 0.274056 0.092034
vt 0.260339 0.102350
vt 0.952297 0.001055
vt 0.956416 0.004187
vt 0.946407 0.008994
vt 0.560097 0.016596
vt 0.556839 0.019409
vt 0.546997 0.013022
vt 0.797062 0.490645
vt 0.796551 0.498134
vt 0.767028 0.471411
vt 0.859660 0.663518
vt 0.855163 0.654378
vt 0.867617 0.606932
vt 0.984387 0.741764
vt 0.991699 0.728935
vt 0.386899 0.688107
vt 0.123635 0.196578
vt 0.144742 0.252907
vt 0.039079 0.888027
vt 0.050814 0.861167
vt 0.063770 0.876861
vt 0.887773 0.088651
vt 0.062546 0.169103
vt 0.089361 0.152071
vt 0.074836 0.295393
vt 0.335532 0.779621
vt 0.066542 0.062376
vt 0.125760 0.041855
vt 0.144004 0.080729
vt 0.118438 0.065734
vt 0.582449 0.783707
vt 0.384073 0.773368
vt 0.391401 0.745973
vt 0.027747 0.850500
vt 0.022161 0.886152
vt 0.006122 0.879956
vt 0.011541 0.850684
vt 0.584019 0.667127
vt 0.585962 0.655585
vt 0.648687 0.667085
vt 0.624801 0.738692
vt 0.589752 0.730512
vt 0.384074 0.135990
vt 0.391209 0.148301
vt 0.390234 0.152710
vt 0.382446 0.161499
vt 0.382865 0.150064
vt 0.387259 0.156980
vt 0.125973 0.144412
vt 0.126893 0.076924
vt 0.144730 0.083914
vt 0.631097 0.644095
vt 0.359738 0.780946
vt 0.224272 0.887203
vt 0.246991 0.883680
vt 0.226183 0.909677
vt 0.430515 0.740614
vt 0.443709 0.710414
vt 0.515955 0.445837
vt 0.616229 0.446569
vt 0.579580 0.437869
vt 0.160338 0.105250
vt 0.151567 0.094137
vt 0.166518 0.090931
vt 0.435179 0.815972
vt 0.221553 0.105482
vt 0.225213 0.103693
vt 0.231372 0.140106
vt 0.869834 0.494554
vt 0.851017 0.479089
vt 0.879723 0.470971
vt 0.212734 0.107207
vt 0.205610 0.094577
vt 0.218003 0.089114
vt 0.739246 0.557055
vt 0.682911 0.590307
vt 0.671282 0.577017
vt 0.628983 0.449936
vt 0.589988 0.467041
vt 0.543299 0.467783
vt 0.523745 0.425612
vt 0.834210 0.050827
vt 0.830644 0.080397
vt 0.644432 0.873512
vt 0.675079 0.869886
vt 0.678877 0.878419
vt 0.810948 0.794115
vt 0.829545 0.795619
vt 0.629982 0.624642
vt 0.710063 0.693361
vt 0.688836 0.690198
vt 0.750220 0.664518
vt 0.797990 0.513327
vt 0.791317 0.525972
vt 0.771858 0.491404
vt 0.509966 0.499786
vt 0.494695 0.493977
vt 0.507719 0.475064
vt 0.739527 0.685788
vt 0.624094 0.427708
vt 0.840683 0.071328
vt 0.865197 0.071719
vt 0.857715 0.054838
vt 0.876024 0.066642
vt 0.744083 0.648668
vt 0.792083 0.650683
vt 0.774866 0.674602
vt 0.776180 0.894576
vt 0.844102 0.891490
vt 0.772032 0.901024
vt 0.842781 0.895383
vt 0.810544 0.141912
vt 0.799927 0.137977
vt 0.806436 0.125476
vt 0.968555 0.751919
vt 0.976534 0.767276
vt 0.980742 0.800995
vt 0.873788 0.039175
vt 0.876042 0.046889
vt 0.512307 0.017472
vt 0.529039 0.020000
vt 0.509250 0.026509
vt 0.839394 0.008863
vt 0.866941 0.011770
vt 0.839494 0.024264
vt 0.991609 0.719755
vt 0.833110 0.491793
vt 0.150324 0.182176
vt 0.136493 0.147978
vt 0.926138 0.153145
vt 0.930725 0.184967
vt 0.925484 0.164582
vt 0.354614 0.149852
vt 0.360899 0.135873
vt 0.360666 0.159658
vt 0.701396 0.307425
vt 0.709851 0.305602
vt 0.806193 0.534790
vt 0.953037 0.114763
vt 0.945215 0.112247
vt 0.952588 0.104783
vt 0.639714 0.636616
vt 0.703521 0.639737
vt 0.524230 0.528007
vt 0.543775 0.496631
vt 0.040780 0.845112
vt 0.049672 0.772471
vt 0.054436 0.783623
vt 0.596548 0.646874
vt 0.627980 0.645279
vt 0.761660 0.848093
vt 0.773571 0.868873
vt 0.765363 0.880741
vt 0.234477 0.220936
vt 0.203865 0.870373
vt 0.206906 0.916382
vt 0.204314 0.911207
vt 0.968151 0.737537
vt 0.954460 0.725987
vt 0.949994 0.708758
vt 0.754032 0.692087
vt 0.695022 0.657192
vt 0.986937 0.813893
vt 0.158054 0.673532
vt 0.196112 0.848534
vt 0.797435 0.658663
vt 0.577606 0.864949
vt 0.570435 0.859540
vt 0.643375 0.865601
vt 0.055429 0.076557
vt 0.043088 0.066354
vt 0.059742 0.738264
vt 0.254298 0.200080
vt 0.252821 0.207056
vt 0.832964 0.507936
vt 0.860057 0.561250
vt 0.638984 0.883993
vt 0.566718 0.871451
vt 0.638443 0.879312
vt 0.600818 0.420198
vt 0.885371 0.047778
vt 0.902620 0.047194
vt 0.246611 0.866951
vt 0.549165 0.005986
vt 0.529824 0.011956
vt 0.526746 0.002423
vt 0.734379 0.318064
vt 0.721386 0.314259
vt 0.047759 0.838778
vt 0.002570 0.088156
vt 0.019449 0.096404
vt 0.019544 0.101440
vt 0.773938 0.077968
vt 0.531576 0.891071
vt 0.539308 0.884453
vt 0.864708 0.574745
vt 0.881181 0.180790
vt 0.435154 0.706211
vt 0.951815 0.030332
vt 0.971008 0.013908
vt 0.964344 0.029732
vt 0.651072 0.748881
vt 0.647731 0.729672
vt 0.955987 0.890608
vt 0.159663 0.221657
vt 0.830261 0.005162
vt 0.792533 0.005671
vt 0.643617 0.773109
vt 0.083744 0.876020
vt 0.087909 0.886747
vt 0.199387 0.837071
vt 0.819399 0.525416
vt 0.797999 0.503050
vt 0.825970 0.504921
vt 0.855656 0.569243
vt 0.708758 0.037602
vt 0.703793 0.034073
vt 0.733976 0.016865
vt 0.844660 0.454505
vt 0.546449 0.014913
vt 0.881312 0.161156
vt 0.945099 0.046091
vt 0.266338 0.146193
vt 0.263306 0.137203
vt 0.271165 0.138466
vt 0.851227 0.791847
vt 0.822575 0.775928
vt 0.843015 0.160304
vt 0.917476 0.179465
vt 0.954159 0.261959
vt 0.905299 0.177975
vt 0.655614 0.788285
vt 0.659034 0.759768
vt 0.676880 0.745482
vt 0.461567 0.863695
vt 0.471970 0.870357
vt 0.457356 0.869746
vt 0.951458 0.415187
vt 0.539485 0.564379
vt 0.517710 0.555385
vt 0.594458 0.550376
vt 0.884161 0.656788
vt 0.879795 0.562074
vt 0.893397 0.561653
vt 0.962029 0.121992
vt 0.961625 0.113127
vt 0.972506 0.128039
vt 0.559329 0.877040
vt 0.467417 0.874932
vt 0.496640 0.870325
vt 0.210374 0.687360
vt 0.611722 0.566492
vt 0.559824 0.574501
vt 0.119580 0.354815
vt 0.971715 0.404007
vt 0.984958 0.357454
vt 0.995062 0.434246
vt 0.241626 0.677561
vt 0.393280 0.339859
vt 0.443667 0.336512
vt 0.510600 0.583953
vt 0.882145 0.356262
vt 0.882634 0.248752
vt 0.912582 0.244320
vt 0.573183 0.882115
vt 0.660540 0.892896
vt 0.579334 0.885961
vt 0.306535 0.040467
vt 0.324584 0.020775
vt 0.339640 0.035102
vt 0.995118 0.451723
vt 0.906454 0.225674
vt 0.915222 0.251444
vt 0.276621 0.025300
vt 0.297265 0.013486
vt 0.275488 0.461672
vt 0.265719 0.507556
vt 0.243914 0.527439
vt 0.564773 0.859729
vt 0.585735 0.854918
vt 0.613176 0.858425
vt 0.830743 0.372347
vt 0.840126 0.315391
vt 0.824965 0.319107
vt 0.834231 0.280970
vt 0.668275 0.733545
vt 0.849194 0.383959
vt 0.925491 0.048120
vt 0.925370 0.051676
vt 0.909240 0.058677
vt 0.847556 0.199962
vt 0.916107 0.148149
vt 0.917222 0.130834
vt 0.925886 0.144059
vt 0.088441 0.381283
vt 0.920486 0.150906
vt 0.453118 0.142898
vt 0.899809 0.348780
vt 0.571933 0.251530
vt 0.700146 0.768728
vt 0.688310 0.847095
vt 0.675361 0.843587
vt 0.238660 0.061612
vt 0.263731 0.079236
vt 0.289235 0.419559
vt 0.853987 0.407856
vt 0.196118 0.049311
vt 0.205991 0.044431
vt 0.203029 0.051016
vt 0.216923 0.826085
vt 0.194589 0.827246
vt 0.685346 0.021950
vt 0.673151 0.026431
vt 0.671676 0.014856
vt 0.713576 0.544150
vt 0.694651 0.533261
vt 0.774727 0.516623
vt 0.095056 0.868429
vt 0.836406 0.403225
vt 0.222365 0.808815
vt 0.485803 0.032108
vt 0.489724 0.018333
vt 0.506692 0.021732
vt 0.928111 0.455788
vt 0.534590 0.794051
vt 0.292575 0.670869
vt 0.913739 0.463260
vt 0.992284 0.068518
vt 0.983951 0.090970
vt 0.978388 0.076485
vt 0.860127 0.899768
vt 0.912287 0.907721
vt 0.862825 0.903890
vt 0.706240 0.826110
vt 0.712916 0.841960
vt 0.705933 0.865756
vt 0.911290 0.448406
vt 0.890944 0.594373
vt 0.218872 0.159281
vt 0.219335 0.150699
vt 0.223114 0.160883
vt 0.243337 0.084623
vt 0.682309 0.751213
vt 0.664321 0.797301
vt 0.281486 0.078198
vt 0.124297 0.624182
vt 0.152070 0.664017
vt 0.129749 0.696061
vt 0.152666 0.620685
vt 0.841297 0.697946
vt 0.782793 0.702449
vt 0.718827 0.856097
vt 0.717022 0.874817
vt 0.215667 0.159436
vt 0.214197 0.145771
vt 0.219356 0.141736
vt 0.913696 0.110771
vt 0.917883 0.105136
vt 0.917043 0.112671
vt 0.116502 0.641285
vt 0.798309 0.890125
vt 0.805289 0.878187
vt 0.832316 0.891657
vt 0.336847 0.877489
vt 0.351029 0.874099
vt 0.334531 0.893306
vt 0.977594 0.870922
vt 0.974716 0.849188
vt 0.989567 0.877610
vt 0.239311 0.047266
vt 0.249121 0.029449
vt 0.269009 0.023662
vt 0.872247 0.821821
vt 0.822018 0.823577
vt 0.888064 0.819205
vt 0.981066 0.824267
vt 0.566422 0.362796
vt 0.643325 0.804597
vt 0.714032 0.781801
vt 0.910655 0.404908
vt 0.165483 0.231809
vt 0.235103 0.639381
vt 0.280479 0.644500
vt 0.371494 0.869461
vt 0.687138 0.878573
vt 0.699794 0.879272
vt 0.431433 0.110042
vt 0.723853 0.860765
vt 0.713991 0.807707
vt 0.725551 0.846596
vt 0.117343 0.467849
vt 0.383676 0.003338
vt 0.414760 0.007849
vt 0.403401 0.010131
vt 0.505262 0.374791
vt 0.061534 0.857487
vt 0.459112 0.822340
vt 0.451782 0.825345
vt 0.465101 0.820261
vt 0.930837 0.389496
vt 0.165025 0.507964
vt 0.680594 0.853552
vt 0.535485 0.243019
vt 0.493112 0.238635
vt 0.544556 0.031270
vt 0.559222 0.027535
vt 0.558877 0.032881
vt 0.621021 0.049267
vt 0.616766 0.023522
vt 0.630667 0.033745
vt 0.145750 0.490813
vt 0.140844 0.491236
vt 0.933123 0.336063
vt 0.997078 0.076726
vt 0.989124 0.087597
vt 0.922449 0.287693
vt 0.511791 0.235391
vt 0.699600 0.029608
vt 0.684415 0.035307
vt 0.604942 0.042387
vt 0.265851 0.539026
vt 0.259335 0.581275
vt 0.480268 0.375156
vt 0.093912 0.594374
vt 0.104527 0.623051
vt 0.081205 0.609393
vt 0.653120 0.007288
vt 0.635611 0.012536
vt 0.631815 0.000620
vt 0.487750 0.272799
vt 0.924609 0.265602
vt 0.606290 0.058472
vt 0.729230 0.904329
vt 0.729589 0.889665
vt 0.472761 0.899164
vt 0.459229 0.893614
vt 0.504314 0.897311
vt 0.034920 0.136142
vt 0.041972 0.134364
vt 0.034287 0.146362
vt 0.883188 0.017944
vt 0.880005 0.016956
vt 0.884932 0.014457
vt 0.968367 0.089223
vt 0.958884 0.114624
vt 0.956177 0.109395
vt 0.253001 0.637783
vt 0.354435 0.126969
vt 0.316733 0.109834
vt 0.333180 0.097091
vt 0.516411 0.003592
vt 0.516773 0.821868
vt 0.454539 0.813614
vt 0.452993 0.807424
vt 0.355086 0.048187
vt 0.325524 0.065784
vt 0.127012 0.523164
vt 0.528101 0.864262
vt 0.565503 0.861606
vt 0.159427 0.538307
vt 0.167367 0.518849
vt 0.157377 0.577022
vt 0.345255 0.074747
vt 0.384397 0.020712
vt 0.396799 0.020666
vt 0.380871 0.027262
vt 0.477675 0.343343
vt 0.583032 0.028637
vt 0.578338 0.015673
vt 0.084933 0.761539
vt 0.778983 0.137085
vt 0.776444 0.133820
vt 0.778508 0.129305
vt 0.564524 0.012515
vt 0.584367 0.000473
vt 0.901193 0.366539
vt 0.472263 0.062652
vt 0.025512 0.076553
vt 0.018445 0.084318
vt 0.011267 0.076792
vt 0.075910 0.757944
vt 0.260434 0.458143
vt 0.284387 0.435460
vt 0.294683 0.423657
vt 0.491375 0.767322
vt 0.490829 0.759128
vt 0.505477 0.757538
vt 0.851656 0.689942
vt 0.461631 0.055626
vt 0.438799 0.064747
vt 0.106046 0.475607
vt 0.507965 0.050242
vt 0.165233 0.161480
vt 0.162231 0.143529
vt 0.169458 0.155697
vt 0.855718 0.709456
vt 0.812473 0.617540
s 1
usemtl Angel
f 1/1/1 266/2/266 3/3/3
f 23/4/23 1/5/1 3/6/3
f 4/7/4 382/8/382 15/9/15
f 4/7/4 15/9/15 8/10/8
f 11/11/11 16/12/16 9/13/9
f 11/11/11 13/14/13 16/12/16
f 16/12/16 13/14/13 8/15/8
f 18/16/18 9/13/9 17/17/17
f 16/12/16 7/18/7 9/13/9
f 70/19/70 10/20/10 13/21/13
f 9/22/9 372/23/372 5/24/5
f 5/24/5 19/25/19 9/22/9
f 7/26/7 8/10/8 15/9/15
f 7/26/7 15/9/15 378/27/378
f 6/28/6 11/29/11 19/25/19
f 4/7/4 13/21/13 10/20/10
f 17/17/17 9/13/9 7/18/7
f 117/30/117 6/28/6 14/31/14
f 14/31/14 5/24/5 12/32/12
f 14/31/14 20/33/20 117/30/117
f 11/11/11 6/34/6 13/14/13
f 16/35/16 8/10/8 7/26/7
f 6/28/6 19/25/19 14/31/14
f 372/23/372 9/22/9 155/36/155
f 13/21/13 4/7/4 8/10/8
f 19/25/19 11/29/11 9/22/9
f 14/31/14 19/25/19 5/24/5
f 22/37/22 3/38/3 247/39/247
f 216/40/216 21/41/21 3/3/3
f 23/42/23 24/43/24 226/44/226
f 23/45/23 3/46/3 24/47/24
f 41/48/41 78/49/78 29/50/29
f 25/51/25 26/52/26 55/53/55
f 78/54/78 40/55/40 29/56/29
f 134/57/134 135/58/135 36/59/36
f 28/60/28 336/61/336 42/62/42
f 68/63/68 29/64/29 44/65/44
f 74/66/74 67/67/67 39/68/39
f 47/69/47 49/70/49 46/71/46
f 27/72/27 95/73/95 60/74/60
f 42/75/42 39/68/39 28/76/28
f 55/77/55 96/78/96 25/79/25
f 41/80/41 95/81/95 62/82/62
f 58/83/58 61/84/61 63/85/63
f 35/86/35 85/87/85 60/88/60
f 70/19/70 43/89/43 10/20/10
f 44/65/44 96/90/96 55/91/55
f 78/49/78 41/48/41 62/92/62
f 64/93/64 38/94/38 37/95/37
f 46/96/46 126/97/126 52/98/52
f 34/99/34 10/20/10 43/89/43
f 68/63/68 44/65/44 55/91/55
f 38/100/38 77/101/77 37/102/37
f 58/103/58 72/104/72 66/105/66
f 77/101/77 76/106/76 51/107/51
f 60/88/60 85/87/85 27/72/27
f 39/68/39 51/108/51 28/76/28
f 67/67/67 51/108/51 39/68/39
f 28/76/28 51/108/51 329/109/329
f 29/110/29 86/111/86 44/112/44
f 67/113/67 31/114/31 77/101/77
f 76/106/76 329/115/329 51/107/51
f 67/113/67 74/116/74 31/114/31
f 85/117/85 45/118/45 89/119/89
f 73/120/73 48/121/48 59/122/59
f 57/123/57 97/124/97 48/125/48
f 64/93/64 37/95/37 93/126/93
f 60/127/60 95/128/95 41/48/41
f 53/129/53 78/130/78 54/131/54
f 55/132/55 26/52/26 35/86/35
f 48/125/48 97/124/97 59/133/59
f 124/134/124 40/135/40 78/136/78
f 60/137/60 55/138/55 35/139/35
f 35/86/35 26/52/26 45/140/45
f 35/141/35 45/142/45 85/143/85
f 30/144/30 32/145/32 79/146/79
f 48/147/48 71/148/71 57/149/57
f 30/144/30 92/150/92 32/145/32
f 84/151/84 90/152/90 83/153/83
f 69/154/69 81/155/81 91/156/91
f 85/143/85 89/157/89 90/152/90
f 90/152/90 89/158/89 83/153/83
f 77/101/77 51/107/51 67/113/67
f 91/156/91 81/155/81 80/159/80
f 85/87/85 90/160/90 27/72/27
f 68/161/68 55/162/55 60/163/60
f 74/164/74 39/165/39 94/166/94
f 29/167/29 40/168/40 86/169/86
f 103/170/103 48/121/48 104/171/104
f 103/172/103 71/173/71 48/174/48
f 103/175/103 104/176/104 98/177/98
f 99/178/99 69/154/69 82/179/82
f 59/133/59 97/124/97 93/180/93
f 336/61/336 30/144/30 42/62/42
f 80/181/80 81/182/81 107/183/107
f 78/184/78 53/185/53 124/186/124
f 101/187/101 104/188/104 100/189/100
f 100/190/100 104/171/104 48/121/48
f 101/187/101 46/191/46 104/188/104
f 87/192/87 53/193/53 54/194/54
f 101/187/101 100/189/100 129/195/129
f 30/196/30 37/197/37 50/198/50
f 99/199/99 82/200/82 98/201/98
f 102/202/102 106/203/106 53/204/53
f 98/205/98 104/206/104 99/207/99
f 93/180/93 37/208/37 59/133/59
f 42/62/42 94/166/94 39/165/39
f 31/114/31 37/102/37 77/101/77
f 73/209/73 100/190/100 48/121/48
f 100/189/100 87/210/87 129/195/129
f 30/211/30 112/212/112 37/213/37
f 66/214/66 109/215/109 58/216/58
f 113/217/113 134/218/134 6/34/6
f 63/219/63 61/220/61 115/221/115
f 59/222/59 112/212/112 102/202/102
f 34/223/34 118/224/118 116/225/116
f 29/56/29 68/226/68 41/227/41
f 69/228/69 49/229/49 81/230/81
f 118/231/118 123/232/123 116/233/116
f 123/232/123 118/231/118 122/234/122
f 119/235/119 117/30/117 105/236/105
f 50/198/50 108/237/108 94/238/94
f 129/239/129 87/240/87 54/241/54
f 112/242/112 30/243/30 79/146/79
f 27/244/27 90/160/90 88/245/88
f 53/246/53 73/120/73 59/122/59
f 95/73/95 27/244/27 88/245/88
f 105/236/105 107/247/107 119/235/119
f 120/248/120 88/245/88 90/160/90
f 105/249/105 80/181/80 107/183/107
f 121/250/121 120/251/120 126/252/126
f 74/253/74 94/254/94 108/255/108
f 80/181/80 105/249/105 138/256/138
f 63/219/63 112/212/112 72/104/72
f 115/221/115 86/257/86 124/186/124
f 58/258/58 132/259/132 61/260/61
f 102/202/102 53/261/53 59/222/59
f 125/262/125 46/71/46 75/263/75
f 106/264/106 115/221/115 124/186/124
f 126/97/126 46/96/46 101/265/101
f 108/266/108 31/114/31 74/116/74
f 20/33/20 105/236/105 117/30/117
f 112/267/112 123/268/123 72/269/72
f 90/160/90 84/270/84 120/248/120
f 76/106/76 77/101/77 38/100/38
f 34/223/34 116/225/116 32/271/32
f 126/97/126 101/265/101 121/272/121
f 113/273/113 117/30/117 119/235/119
f 120/248/120 84/270/84 126/274/126
f 107/275/107 81/230/81 49/229/49
f 125/276/125 84/277/84 65/278/65
f 66/279/66 72/280/72 110/281/110
f 26/52/26 128/282/128 45/140/45
f 83/283/83 56/284/56 65/285/65
f 75/286/75 84/277/84 125/276/125
f 13/14/13 134/218/134 70/287/70
f 104/288/104 46/289/46 99/178/99
f 128/290/128 26/291/26 25/292/25
f 120/251/120 62/293/62 88/294/88
f 52/98/52 126/97/126 75/295/75
f 52/296/52 75/297/75 46/298/46
f 60/299/60 41/300/41 68/63/68
f 125/301/125 130/302/130 47/303/47
f 137/304/137 114/305/114 131/306/131
f 130/302/130 122/307/122 47/303/47
f 120/251/120 121/250/121 129/308/129
f 46/71/46 125/262/125 47/69/47
f 128/309/128 89/119/89 45/118/45
f 136/310/136 109/311/109 127/312/127
f 102/202/102 63/219/63 106/203/106
f 133/313/133 127/314/127 109/315/109
f 62/293/62 120/251/120 129/308/129
f 136/316/136 56/317/56 128/318/128
f 128/290/128 132/319/132 136/320/136
f 112/212/112 63/219/63 102/202/102
f 99/178/99 46/321/46 49/322/49
f 83/323/83 128/318/128 56/324/56
f 96/325/96 61/326/61 132/319/132
f 49/229/49 69/228/69 99/327/99
f 133/328/133 110/329/110 72/330/72
f 123/331/123 112/212/112 116/332/116
f 83/323/83 89/333/89 128/318/128
f 54/241/54 62/334/62 129/239/129
f 36/335/36 131/336/131 114/337/114
f 36/335/36 114/337/114 43/89/43
f 47/338/47 34/339/34 49/340/49
f 78/341/78 62/334/62 54/241/54
f 128/290/128 25/292/25 132/319/132
f 87/342/87 100/343/100 73/344/73
f 133/345/133 125/346/125 127/347/127
f 49/229/49 34/348/34 107/275/107
f 137/349/137 113/273/113 119/235/119
f 96/325/96 132/319/132 25/292/25
f 130/350/130 125/351/125 133/313/133
f 109/352/109 110/353/110 133/354/133
f 69/154/69 91/355/91 82/179/82
f 47/338/47 118/356/118 34/339/34
f 132/319/132 109/215/109 136/320/136
f 107/357/107 34/358/34 114/359/114
f 125/351/125 65/360/65 127/314/127
f 58/216/58 109/215/109 132/319/132
f 56/361/56 127/314/127 65/360/65
f 109/352/109 66/362/66 110/353/110
f 84/151/84 83/283/83 65/285/65
f 106/264/106 124/186/124 53/185/53
f 130/350/130 133/313/133 72/269/72
f 123/268/123 130/350/130 72/269/72
f 56/363/56 136/364/136 127/365/127
f 122/366/122 130/350/130 123/268/123
f 137/349/137 135/367/135 113/273/113
f 131/368/131 36/59/36 135/58/135
f 113/273/113 6/28/6 117/30/117
f 50/369/50 94/166/94 42/62/42
f 50/370/50 37/102/37 31/114/31
f 121/371/121 101/372/101 129/373/129
f 108/266/108 50/370/50 31/114/31
f 114/305/114 137/304/137 119/235/119
f 114/305/114 119/235/119 107/247/107
f 88/374/88 62/92/62 95/128/95
f 134/375/134 113/273/113 135/367/135
f 37/213/37 112/212/112 59/222/59
f 10/20/10 34/99/34 33/376/33
f 84/377/84 75/378/75 126/379/126
f 134/218/134 13/14/13 6/34/6
f 50/369/50 42/62/42 30/144/30
f 135/367/135 137/304/137 131/306/131
f 43/380/43 114/359/114 34/358/34
f 115/381/115 61/382/61 96/383/96
f 63/219/63 72/104/72 58/103/58
f 79/384/79 32/385/32 116/386/116
f 134/387/134 36/335/36 70/19/70
f 86/257/86 40/388/40 124/186/124
f 33/389/33 34/223/34 32/271/32
f 118/390/118 47/303/47 122/307/122
f 70/19/70 36/335/36 43/89/43
f 96/383/96 44/391/44 86/392/86
f 115/381/115 96/383/96 86/393/86
f 112/212/112 79/394/79 116/395/116
f 87/396/87 73/120/73 53/246/53
f 63/219/63 115/221/115 106/264/106
f 18/397/18 17/398/17 156/399/156
f 161/400/161 176/401/176 172/402/172
f 164/403/164 143/404/143 140/405/140
f 145/406/145 141/407/141 139/408/139
f 178/409/178 176/401/176 161/400/161
f 141/410/141 301/411/301 139/412/139
f 111/413/111 80/181/80 138/256/138
f 158/414/158 163/415/163 157/416/157
f 141/407/141 145/406/145 142/417/142
f 98/177/98 175/418/175 103/175/103
f 147/419/147 152/420/152 149/421/149
f 138/422/138 157/423/157 163/424/163
f 171/425/171 147/426/147 383/427/383
f 164/403/164 140/405/140 321/428/321
f 174/429/174 171/425/171 383/430/383
f 165/431/165 141/407/141 156/399/156
f 17/17/17 274/432/274 275/433/275
f 179/434/179 180/435/180 182/436/182
f 173/437/173 168/438/168 163/439/163
f 168/438/168 173/437/173 160/440/160
f 82/179/82 91/355/91 186/441/186
f 148/442/148 151/443/151 167/444/167
f 182/445/182 184/446/184 179/447/179
f 188/448/188 149/449/149 180/450/180
f 172/451/172 176/452/176 177/453/177
f 181/454/181 82/179/82 171/455/171
f 204/456/204 201/457/201 176/458/176
f 196/459/196 154/460/154 153/461/153
f 184/446/184 182/445/182 178/462/178
f 171/463/171 82/464/82 186/465/186
f 17/398/17 275/466/275 156/399/156
f 181/467/181 71/468/71 175/469/175
f 185/470/185 167/471/167 287/472/287
f 156/399/156 142/417/142 18/397/18
f 17/473/17 7/26/7 274/474/274
f 161/400/161 346/475/346 187/476/187
f 185/477/185 144/478/144 167/479/167
f 186/480/186 152/481/152 171/482/171
f 161/400/161 172/402/172 346/475/346
f 91/483/91 189/484/189 159/485/159
f 181/486/181 171/487/171 174/429/174
f 139/412/139 154/460/154 196/459/196
f 82/488/82 175/489/175 98/490/98
f 166/491/166 142/417/142 145/406/145
f 274/474/274 140/492/140 143/493/143
f 172/494/172 144/478/144 185/477/185
f 172/494/172 185/477/185 346/495/346
f 179/496/179 188/448/188 180/450/180
f 103/172/103 175/497/175 71/173/71
f 161/498/161 187/499/187 190/500/190
f 191/501/191 80/159/80 197/502/197
f 161/400/161 184/503/184 178/409/178
f 184/504/184 161/505/161 190/506/190
f 181/507/181 175/489/175 82/488/82
f 171/482/171 152/481/152 147/508/147
f 190/509/190 187/510/187 349/511/349
f 144/512/144 172/513/172 177/514/177
f 191/501/191 91/156/91 80/159/80
f 18/397/18 142/417/142 166/491/166
f 177/453/177 169/515/169 148/516/148
f 142/417/142 156/399/156 141/407/141
f 193/517/193 184/518/184 190/519/190
f 173/437/173 155/520/155 160/521/160
f 184/446/184 194/522/194 179/447/179
f 189/523/189 191/524/191 195/525/195
f 186/441/186 159/526/159 152/527/152
f 80/528/80 111/529/111 197/502/197
f 189/530/189 91/156/91 191/501/191
f 144/512/144 177/514/177 167/531/167
f 198/532/198 197/502/197 146/533/146
f 162/534/162 281/535/281 169/536/169
f 197/502/197 170/537/170 146/533/146
f 200/538/200 139/408/139 196/539/196
f 177/453/177 176/452/176 183/540/183
f 196/539/196 201/457/201 200/538/200
f 200/538/200 168/541/168 139/408/139
f 18/397/18 166/491/166 155/36/155
f 145/406/145 139/408/139 150/542/150
f 7/26/7 140/492/140 274/474/274
f 196/539/196 176/458/176 201/457/201
f 146/543/146 192/544/192 200/545/200
f 200/545/200 199/546/199 203/547/203
f 139/408/139 168/541/168 150/542/150
f 146/543/146 200/545/200 203/547/203
f 198/532/198 195/548/195 197/502/197
f 301/549/301 299/550/299 154/551/154
f 168/541/168 160/552/160 150/542/150
f 202/553/202 203/554/203 199/555/199
f 199/556/199 200/557/200 201/558/201
f 146/559/146 170/560/170 192/561/192
f 201/562/201 204/563/204 202/564/202
f 201/565/201 202/553/202 199/555/199
f 170/566/170 111/567/111 138/422/138
f 195/568/195 191/501/191 197/502/197
f 180/569/180 198/532/198 146/533/146
f 182/570/182 204/571/204 178/572/178
f 203/547/203 180/569/180 146/543/146
f 180/573/180 189/574/189 198/575/198
f 189/574/189 180/573/180 149/576/149
f 139/412/139 301/411/301 154/460/154
f 152/577/152 159/485/159 189/484/189
f 203/578/203 202/579/202 204/580/204
f 170/566/170 138/422/138 168/438/168
f 182/570/182 203/578/203 204/580/204
f 189/581/189 149/576/149 152/582/152
f 138/422/138 163/424/163 168/438/168
f 192/583/192 168/584/168 200/585/200
f 180/586/180 203/587/203 182/588/182
f 170/560/170 168/589/168 192/561/192
f 189/574/189 195/590/195 198/591/198
f 178/409/178 204/592/204 176/401/176
f 150/542/150 155/36/155 166/491/166
f 91/355/91 159/526/159 186/441/186
f 197/593/197 111/567/111 170/566/170
f 378/594/378 321/428/321 140/405/140
f 7/26/7 378/27/378 140/492/140
f 145/406/145 150/542/150 166/491/166
f 183/595/183 176/596/176 196/459/196
f 183/595/183 196/459/196 153/461/153
f 153/461/153 162/597/162 169/598/169
f 177/599/177 148/442/148 167/444/167
f 183/595/183 153/461/153 169/598/169
f 183/540/183 169/515/169 177/453/177
f 150/600/150 160/521/160 155/520/155
f 162/597/162 153/461/153 282/601/282
f 205/602/205 211/603/211 209/604/209
f 212/605/212 232/606/232 208/607/208
f 209/608/209 217/609/217 221/610/221
f 205/611/205 219/612/219 211/613/211
f 21/614/21 234/615/234 227/616/227
f 223/617/223 213/618/213 220/619/220
f 214/620/214 223/617/223 220/619/220
f 21/614/21 222/621/222 234/622/234
f 205/611/205 212/623/212 219/612/219
f 211/624/211 227/625/227 234/626/234
f 3/3/3 266/2/266 216/40/216
f 212/605/212 208/607/208 219/627/219
f 206/628/206 230/629/230 244/630/244
f 222/631/222 216/632/216 218/633/218
f 232/606/232 212/605/212 207/634/207
f 223/635/223 248/636/248 213/637/213
f 206/628/206 244/630/244 310/638/310
f 212/605/212 205/639/205 207/634/207
f 23/640/23 243/641/243 240/642/240
f 205/602/205 209/643/209 220/644/220
f 21/41/21 216/40/216 222/645/222
f 242/646/242 241/647/241 237/648/237
f 23/640/23 240/642/240 246/649/246
f 230/650/230 226/44/226 210/651/210
f 240/652/240 243/641/243 249/653/249
f 249/654/249 238/655/238 237/656/237
f 243/657/243 226/44/226 238/658/238
f 247/39/247 229/659/229 22/37/22
f 236/660/236 311/661/311 227/662/227
f 237/663/237 238/658/238 257/664/257
f 249/654/249 237/656/237 239/665/239
f 240/666/240 245/667/245 246/668/246
f 246/669/246 245/670/245 23/671/23
f 242/672/242 237/673/237 251/674/251
f 23/671/23 245/670/245 1/675/1
f 238/655/238 249/654/249 243/676/243
f 234/677/234 222/678/222 209/604/209
f 249/679/249 235/680/235 240/681/240
f 209/608/209 221/610/221 220/682/220
f 235/680/235 239/683/239 256/684/256
f 23/42/23 226/44/226 243/641/243
f 240/685/240 235/686/235 245/670/245
f 252/687/252 253/688/253 259/689/259
f 253/690/253 245/670/245 235/686/235
f 22/691/22 229/692/229 311/693/311
f 206/628/206 258/694/258 257/695/257
f 2/696/2 245/670/245 261/697/261
f 256/698/256 264/699/264 259/700/259
f 207/634/207 231/701/231 232/606/232
f 257/664/257 238/658/238 226/44/226
f 295/702/295 261/703/261 252/687/252
f 250/704/250 256/705/256 239/706/239
f 254/707/254 387/708/387 271/709/271
f 256/710/256 250/711/250 264/712/264
f 237/713/237 241/714/241 239/706/239
f 239/683/239 235/680/235 249/679/249
f 247/39/247 227/616/227 229/715/229
f 219/627/219 236/660/236 227/662/227
f 256/684/256 259/689/259 253/688/253
f 260/716/260 236/717/236 233/718/233
f 256/684/256 253/688/253 235/680/235
f 271/719/271 387/720/387 228/721/228
f 257/722/257 226/723/226 230/724/230
f 232/725/232 254/726/254 262/727/262
f 208/728/208 233/729/233 236/730/236
f 245/670/245 2/731/2 1/675/1
f 215/732/215 244/733/244 210/734/210
f 206/628/206 257/695/257 230/629/230
f 253/688/253 252/687/252 261/703/261
f 257/735/257 265/736/265 251/737/251
f 257/738/257 251/739/251 237/740/237
f 258/741/258 265/742/265 257/743/257
f 231/744/231 254/745/254 232/746/232
f 268/747/268 261/703/261 296/748/296
f 245/670/245 253/749/253 261/697/261
f 255/750/255 308/751/308 213/637/213
f 230/752/230 210/753/210 244/754/244
f 271/719/271 228/721/228 302/755/302
f 221/756/221 214/757/214 220/758/220
f 2/731/2 270/759/270 1/675/1
f 266/2/266 218/760/218 216/40/216
f 270/761/270 267/762/267 225/763/225
f 262/764/262 254/707/254 271/709/271
f 267/765/267 2/731/2 268/766/268
f 242/646/242 273/767/273 241/647/241
f 261/768/261 268/769/268 2/770/2
f 267/771/267 268/772/268 276/773/276
f 226/44/226 215/774/215 210/775/210
f 226/44/226 24/43/24 215/774/215
f 277/776/277 165/777/165 156/778/156
f 227/779/227 247/780/247 21/781/21
f 276/782/276 272/783/272 267/784/267
f 268/772/268 300/785/300 276/773/276
f 270/786/270 2/731/2 267/765/267
f 241/787/241 280/788/280 239/789/239
f 267/762/267 272/783/272 225/763/225
f 291/790/291 250/791/250 281/535/281
f 280/792/280 250/704/250 239/706/239
f 281/793/281 250/704/250 148/794/148
f 295/795/295 252/796/252 263/797/263
f 281/535/281 282/798/282 291/790/291
f 285/799/285 284/800/284 298/801/298
f 260/802/260 269/803/269 311/804/311
f 274/805/274 143/806/143 165/807/165
f 299/808/299 286/809/286 284/810/284
f 282/811/282 283/812/283 291/813/291
f 273/814/273 148/794/148 280/792/280
f 270/761/270 266/2/266 1/1/1
f 273/815/273 287/472/287 151/816/151
f 288/817/288 242/818/242 251/819/251
f 217/609/217 209/608/209 222/631/222
f 224/820/224 310/638/310 269/821/269
f 298/822/298 284/810/284 286/809/286
f 293/823/293 297/824/297 290/825/290
f 265/826/265 288/827/288 251/828/251
f 263/829/263 259/830/259 264/831/264
f 292/832/292 293/823/293 290/825/290
f 250/704/250 280/792/280 148/794/148
f 151/833/151 148/794/148 273/814/273
f 273/815/273 242/834/242 287/472/287
f 294/835/294 288/836/288 289/837/289
f 290/825/290 297/824/297 301/838/301
f 141/839/141 164/840/164 290/825/290
f 294/841/294 323/842/323 288/843/288
f 288/843/288 323/842/323 305/844/305
f 296/845/296 295/846/295 263/847/263
f 297/848/297 286/849/286 301/850/301
f 265/851/265 302/852/302 289/837/289
f 306/853/306 302/854/302 265/855/265
f 206/856/206 224/857/224 258/858/258
f 261/703/261 295/702/295 296/859/296
f 265/742/265 258/741/258 224/860/224
f 293/861/293 255/750/255 297/862/297
f 223/635/223 272/783/272 276/782/276
f 282/863/282 153/864/153 303/865/303
f 300/866/300 296/867/296 298/868/298
f 141/869/141 165/870/165 143/493/143
f 289/871/289 288/827/288 265/826/265
f 275/872/275 274/873/274 277/874/277
f 300/785/300 297/875/297 255/876/255
f 298/877/298 263/829/263 285/878/285
f 154/879/154 299/880/299 303/881/303
f 268/772/268 296/882/296 300/883/300
f 276/773/276 300/785/300 255/876/255
f 263/884/263 298/885/298 296/886/296
f 264/831/264 291/813/291 263/829/263
f 275/466/275 277/887/277 156/399/156
f 283/888/283 282/889/282 303/890/303
f 286/891/286 297/892/297 300/893/300
f 276/782/276 248/636/248 223/635/223
f 164/840/164 292/894/292 290/825/290
f 283/812/283 285/878/285 291/813/291
f 298/822/298 286/809/286 300/883/300
f 276/773/276 255/876/255 248/895/248
f 301/850/301 286/849/286 299/896/299
f 281/897/281 148/516/148 169/515/169
f 303/890/303 284/898/284 283/888/283
f 141/839/141 143/899/143 164/840/164
f 305/900/305 287/901/287 242/902/242
f 211/603/211 234/677/234 209/604/209
f 217/903/217 222/904/222 218/760/218
f 299/880/299 284/905/284 303/881/303
f 301/906/301 141/407/141 290/907/290
f 282/798/282 281/535/281 162/534/162
f 304/908/304 260/802/260 279/909/279
f 263/829/263 291/813/291 285/878/285
f 302/910/302 228/911/228 289/912/289
f 167/531/167 151/833/151 287/913/287
f 306/914/306 304/915/304 271/719/271
f 280/788/280 241/787/241 273/916/273
f 278/917/278 307/918/307 366/919/366
f 277/920/277 274/474/274 165/921/165
f 223/635/223 214/757/214 272/783/272
f 153/922/153 154/879/154 303/881/303
f 252/923/252 259/924/259 263/925/263
f 236/730/236 260/802/260 311/804/311
f 227/662/227 311/661/311 229/926/229
f 279/927/279 233/718/233 262/928/262
f 233/729/233 208/728/208 262/929/262
f 389/930/389 294/835/294 289/837/289
f 288/817/288 305/900/305 242/902/242
f 250/791/250 291/790/291 264/931/264
f 214/757/214 221/756/221 217/903/217
f 260/802/260 304/908/304 224/860/224
f 310/932/310 215/933/215 309/934/309
f 233/718/233 279/927/279 260/716/260
f 306/914/306 271/719/271 302/755/302
f 293/861/293 308/751/308 255/750/255
f 309/935/309 215/774/215 22/936/22
f 224/860/224 269/803/269 260/802/260
f 211/624/211 219/937/219 227/625/227
f 293/861/293 292/938/292 308/751/308
f 262/929/262 208/728/208 232/746/232
f 24/939/24 22/37/22 215/940/215
f 271/709/271 304/941/304 262/764/262
f 215/942/215 310/943/310 244/754/244
f 285/944/285 283/888/283 284/898/284
f 306/945/306 265/946/265 304/908/304
f 3/38/3 22/37/22 24/939/24
f 272/783/272 214/757/214 218/760/218
f 224/860/224 304/947/304 265/742/265
f 279/909/279 262/948/262 304/908/304
f 225/949/225 272/950/272 218/951/218
f 309/952/309 22/691/22 311/693/311
f 310/638/310 224/820/224 206/628/206
f 228/953/228 307/918/307 278/917/278
f 289/837/289 228/721/228 389/954/389
f 269/955/269 310/932/310 309/934/309
f 266/2/266 270/761/270 225/763/225
f 218/760/218 214/757/214 217/903/217
f 219/627/219 208/607/208 236/660/236
f 225/956/225 218/957/218 266/958/266
f 311/959/311 269/821/269 309/960/309
f 247/39/247 3/38/3 21/614/21
f 287/472/287 305/961/305 185/470/185
f 338/962/338 317/963/317 366/964/366
f 336/61/336 92/150/92 30/144/30
f 315/965/315 316/966/316 314/967/314
f 323/968/323 343/969/343 305/970/305
f 329/115/329 76/106/76 324/971/324
f 319/972/319 318/973/318 325/974/325
f 32/975/32 330/976/330 333/977/333
f 32/975/32 333/977/333 33/389/33
f 330/978/330 332/979/332 333/980/333
f 330/981/330 32/982/32 92/983/92
f 336/61/336 28/60/28 327/984/327
f 334/985/334 327/986/327 319/972/319
f 318/973/318 319/972/319 329/109/329
f 322/987/322 213/637/213 308/751/308
f 335/988/335 325/989/325 318/990/318
f 92/150/92 336/61/336 313/991/313
f 351/992/351 333/993/333 382/8/382
f 319/972/319 327/994/327 28/76/28
f 348/995/348 331/996/331 344/997/344
f 185/998/185 305/999/305 343/1000/343
f 312/1001/312 314/1002/314 341/1003/341
f 324/971/324 318/1004/318 329/115/329
f 339/1005/339 317/963/317 344/1006/344
f 312/1001/312 357/1007/357 356/1008/356
f 388/1009/388 320/1010/320 334/1011/334
f 28/76/28 329/109/329 319/972/319
f 343/1012/343 345/1013/345 346/1014/346
f 346/1015/346 345/1016/345 348/995/348
f 185/1017/185 343/1018/343 346/1015/346
f 316/966/316 342/1019/342 314/967/314
f 346/1015/346 348/995/348 347/1020/347
f 345/1016/345 389/930/389 331/996/331
f 187/499/187 346/1015/346 347/1020/347
f 349/1021/349 187/1022/187 347/1023/347
f 345/1016/345 323/1024/323 389/930/389
f 341/1025/341 342/1026/342 348/1027/348
f 322/987/322 328/1028/328 213/637/213
f 356/1008/356 314/1002/314 312/1001/312
f 340/1029/340 341/1025/341 348/1027/348
f 345/1013/345 343/1012/343 323/968/323
f 213/618/213 328/1030/328 220/682/220
f 336/61/336 327/984/327 313/991/313
f 344/997/344 340/1031/340 348/995/348
f 105/236/105 20/33/20 385/1032/385
f 355/1033/355 316/1034/316 194/1035/194
f 64/1036/64 357/1007/357 359/1037/359
f 334/1011/334 307/1038/307 388/1009/388
f 353/1039/353 347/1020/347 348/995/348
f 190/1040/190 349/1041/349 347/1042/347
f 354/1043/354 188/1044/188 179/496/179
f 188/1045/188 147/1046/147 149/1047/149
f 334/1048/334 317/1049/317 338/1050/338
f 353/1051/353 193/517/193 190/519/190
f 353/1039/353 190/1052/190 347/1020/347
f 351/992/351 4/7/4 10/20/10
f 179/496/179 194/1053/194 354/1043/354
f 147/1054/147 188/1055/188 354/1056/354
f 324/971/324 76/106/76 326/1057/326
f 194/522/194 184/446/184 193/1058/193
f 326/1057/326 76/106/76 38/100/38
f 332/1059/332 92/150/92 313/991/313
f 38/100/38 359/1060/359 326/1057/326
f 355/1061/355 348/1062/348 342/1063/342
f 352/1064/352 353/1065/353 348/1066/348
f 352/1067/352 361/1068/361 360/1069/360
f 359/1060/359 358/1070/358 326/1057/326
f 33/389/33 333/977/333 351/1071/351
f 342/1072/342 341/1073/341 314/1074/314
f 359/1037/359 38/1075/38 64/1036/64
f 315/965/315 314/1076/314 356/1077/356
f 33/376/33 351/992/351 10/20/10
f 312/1001/312 358/1078/358 359/1037/359
f 364/1079/364 93/1080/93 97/1081/97
f 294/835/294 389/930/389 323/1024/323
f 312/1001/312 359/1037/359 357/1007/357
f 93/1080/93 364/1079/364 356/1082/356
f 322/1083/322 308/1084/308 292/894/292
f 361/1068/361 363/1085/363 350/1086/350
f 4/7/4 351/992/351 382/8/382
f 64/1087/64 356/1088/356 357/1089/357
f 352/1090/352 355/1091/355 361/1092/361
f 97/1081/97 57/149/57 364/1093/364
f 367/1094/367 364/1095/364 57/1096/57
f 371/1097/371 364/1098/364 367/1099/367
f 350/1100/350 363/1101/363 193/1102/193
f 325/974/325 334/985/334 319/972/319
f 64/1103/64 93/1104/93 356/1105/356
f 193/1106/193 355/1107/355 194/1108/194
f 18/397/18 155/36/155 9/22/9
f 363/1101/363 355/1109/355 193/1102/193
f 15/9/15 155/1110/155 378/27/378
f 315/965/315 356/1077/356 371/1111/371
f 316/1034/316 355/1033/355 342/1112/342
f 324/971/324 326/1057/326 373/1113/373
f 373/1113/373 326/1057/326 358/1070/358
f 292/1114/292 321/428/321 322/987/322
f 313/991/313 377/1115/377 374/1116/374
f 364/1098/364 371/1097/371 356/1117/356
f 345/1016/345 331/996/331 348/995/348
f 353/1118/353 360/1069/360 350/1119/350
f 327/984/327 377/1115/377 313/991/313
f 370/1120/370 207/634/207 205/639/205
f 372/1121/372 155/1122/155 381/1123/381
f 173/437/173 365/1124/365 378/594/378
f 361/1125/361 350/1126/350 360/1127/360
f 15/9/15 381/1128/381 155/1110/155
f 352/1067/352 360/1069/360 353/1118/353
f 321/428/321 378/594/378 365/1124/365
f 193/517/193 353/1051/353 350/1129/350
f 315/1130/315 371/1131/371 316/1132/316
f 327/984/327 334/1011/334 377/1115/377
f 324/971/324 335/988/335 318/1004/318
f 335/988/335 324/971/324 376/1133/376
f 158/1134/158 173/437/173 163/439/163
f 373/1113/373 376/1133/376 324/971/324
f 316/1034/316 371/1135/371 194/1035/194
f 379/1136/379 12/32/12 173/1137/173
f 377/1138/377 375/1139/375 374/1140/374
f 331/996/331 339/1005/339 344/997/344
f 380/1141/380 368/1142/368 12/1143/12
f 12/1144/12 368/1145/368 173/437/173
f 335/988/335 337/1146/337 325/989/325
f 355/1061/355 352/1147/352 348/1148/348
f 365/1124/365 173/437/173 368/1145/368
f 369/1149/369 325/989/325 337/1146/337
f 379/1136/379 173/1137/173 158/1150/158
f 354/1151/354 383/1152/383 147/1046/147
f 382/1153/382 368/1142/368 380/1141/380
f 377/1115/377 369/1154/369 337/1155/337
f 14/31/14 12/32/12 379/1136/379
f 380/1156/380 381/1128/381 15/9/15
f 71/148/71 181/486/181 174/429/174
f 354/1157/354 367/1158/367 383/1159/383
f 71/148/71 383/1159/383 57/149/57
f 320/1010/320 369/1154/369 377/1115/377
f 174/429/174 383/1159/383 71/148/71
f 317/963/317 325/989/325 369/1149/369
f 367/1158/367 57/149/57 383/1159/383
f 363/1160/363 361/1161/361 355/1162/355
f 380/1163/380 5/24/5 372/23/372
f 317/963/317 369/1149/369 384/1164/384
f 382/1153/382 380/1141/380 15/1165/15
f 164/403/164 321/428/321 292/1114/292
f 380/1166/380 372/1121/372 381/1167/381
f 317/1049/317 334/985/334 325/974/325
f 375/1168/375 337/1169/337 376/1170/376
f 194/1171/194 371/1172/371 354/1173/354
f 12/32/12 5/24/5 380/1163/380
f 376/1174/376 362/1175/362 375/1176/375
f 371/1177/371 367/1178/367 354/1179/354
f 375/1180/375 377/1115/377 337/1155/337
f 337/1146/337 335/988/335 376/1133/376
f 384/1164/384 344/1006/344 317/963/317
f 365/1181/365 332/1182/332 374/1183/374
f 313/991/313 374/1116/374 332/1059/332
f 366/919/366 307/918/307 338/1184/338
f 320/1010/320 377/1115/377 334/1011/334
f 220/682/220 328/1030/328 370/1120/370
f 365/1185/365 333/1186/333 332/1187/332
f 312/1001/312 340/1188/340 373/1189/373
f 358/1078/358 312/1001/312 373/1189/373
f 370/1120/370 328/1030/328 365/1181/365
f 155/520/155 173/437/173 378/594/378
f 365/1124/365 368/1145/368 333/1190/333
f 321/428/321 365/1124/365 322/987/322
f 330/981/330 92/1191/92 332/1192/332
f 341/1003/341 340/1188/340 312/1001/312
f 379/1193/379 158/1194/158 385/1195/385
f 374/1183/374 362/1196/362 370/1120/370
f 158/1194/158 157/423/157 385/1195/385
f 278/1197/278 366/1198/366 389/1199/389
f 368/1200/368 382/8/382 333/993/333
f 374/1201/374 375/1139/375 362/1202/362
f 385/1032/385 20/33/20 379/1136/379
f 138/256/138 105/249/105 157/1203/157
f 20/33/20 14/31/14 379/1136/379
f 389/1204/389 228/1205/228 278/1206/278
f 376/1207/376 373/1208/373 362/1202/362
f 340/1209/340 344/1006/344 384/1164/384
f 320/1210/320 370/1120/370 362/1196/362
f 387/1211/387 386/1212/386 228/1213/228
f 389/930/389 339/1005/339 331/996/331
f 366/964/366 339/1005/339 389/930/389
f 157/1203/157 105/249/105 385/1214/385
f 339/1005/339 366/964/366 317/963/317
f 334/1011/334 338/1215/338 307/1038/307
f 365/1181/365 374/1183/374 370/1120/370
f 386/1216/386 307/1038/307 228/1217/228
f 387/1218/387 388/1219/388 386/1220/386
f 254/745/254 231/744/231 387/1221/387
f 386/1216/386 388/1009/388 307/1038/307
f 320/1210/320 231/701/231 207/634/207
f 384/1222/384 362/1196/362 373/1189/373
f 384/1222/384 369/1223/369 362/1196/362
f 340/1188/340 384/1222/384 373/1189/373
f 207/634/207 370/1120/370 320/1210/320
f 322/987/322 365/1224/365 328/1028/328
f 231/701/231 320/1210/320 388/1225/388
f 369/1223/369 320/1210/320 362/1196/362
f 370/1226/370 205/1227/205 220/1228/220
f 388/1229/388 387/1221/387 231/744/231
f 255/876/255 213/1230/213 248/895/248
o BrokenPart.003
v 0.080662 10.147284 5.173034
v -0.803177 9.996236 5.173034
v -1.547876 9.504679 5.173034
v -2.024731 8.757994 5.173034
v 1.627805 9.581894 5.173034
v 2.129408 8.796455 5.173034
v -2.183381 8.027398 5.173034
v -2.182286 8.637511 5.173034
v -1.741917 9.457613 5.173034
v -1.000215 10.030893 5.173034
v -0.085258 10.257851 5.173034
v 2.219791 8.030217 5.173034
v 2.074222 8.606893 5.173034
v 1.655581 9.386530 5.173034
v 0.950475 9.931524 5.173034
v 0.844454 10.098964 5.173034
v -0.081061 10.147284 4.979289
v -0.950874 9.931524 4.979289
v -1.655979 9.386530 4.979289
v -2.074620 8.606893 4.979289
v -2.142266 8.027796 4.979289
v 0.999817 10.030893 4.979289
v 1.741518 9.457613 4.979289
v 2.181887 8.637511 4.979289
v 2.185229 8.029811 4.979289
v -2.279732 8.037723 4.979289
v -2.064367 8.931976 4.979289
v -1.628204 9.581894 4.979289
v -0.844853 10.098964 4.979289
v 0.084859 10.257851 4.979289
v 1.962121 8.886828 4.979289
v 1.547478 9.504679 4.979289
v 0.802778 9.996236 4.979289
v 1.024294 10.005686 5.145728
v 1.419901 9.752947 5.145728
v 1.753415 9.424849 5.145728
v 2.010271 9.035747 5.145728
v 2.179263 8.602651 5.145728
v 2.249762 8.179811 5.145728
v -2.247193 8.209427 5.145728
v -2.204204 8.489146 5.145728
v -2.106702 8.823554 5.145728
v -1.892608 9.236916 5.145728
v -1.595802 9.597490 5.145728
v -1.229234 9.889511 5.145728
v -0.808918 10.100196 5.145728
v -0.353229 10.220315 5.145728
v 0.117908 10.244605 5.145728
v 0.583874 10.172003 5.145728
v 1.143154 10.243635 5.143883
v 1.503833 10.117416 5.143639
v 1.917577 10.315889 5.145247
v 2.291695 10.423306 5.145302
v -2.233745 10.519221 5.142121
v -2.111301 10.485326 5.145875
v -1.880146 10.528933 5.143556
v -1.555117 10.399920 5.145728
v -0.996810 10.544170 5.145223
v -0.538739 10.548056 5.147608
v 0.067512 10.534639 5.147768
v 1.024294 10.005686 5.013726
v 1.419901 9.752947 5.013726
v 1.753415 9.424849 5.013726
v 2.010271 9.035747 5.013726
v 2.179263 8.602651 5.013726
v 2.249779 8.179642 5.013726
v -2.246535 8.215649 5.013726
v -2.204204 8.489146 5.013726
v -2.106702 8.823554 5.013726
v -1.892608 9.236916 5.013726
v -1.595802 9.597490 5.013726
v -1.229234 9.889511 5.013726
v -0.808918 10.100196 5.013726
v -0.353229 10.220315 5.013726
v 0.117908 10.244605 5.013726
v 0.583874 10.172003 5.013726
v 1.449212 10.118954 5.013726
v 1.722391 10.262532 5.018512
v 2.114872 10.401632 5.013690
v 2.292360 10.402180 5.014532
v -2.223096 10.492715 5.012503
v -1.861748 10.503010 5.013330
v -1.334076 10.424846 5.012019
v -1.062856 10.522172 5.016670
v -0.571087 10.565354 5.013870
v 0.018617 10.548831 5.013822
v 1.036299 10.265707 5.016368
vn -0.0000 -0.0000 1.0000
vn -0.0000 -0.0000 -1.0000
vn 0.6785 0.7333 -0.0433
vn 0.9222 0.3849 -0.0367
vn 0.7912 0.6100 0.0438
vn -0.7827 -0.6222 0.0183
vn -0.4738 -0.8798 0.0385
vn -0.6756 -0.7360 -0.0431
vn -0.0802 -0.9960 0.0384
vn 0.3264 -0.9445 0.0382
vn 0.0802 -0.9960 -0.0384
vn 0.9938 0.0276 -0.1079
vn 0.9769 0.2082 0.0488
vn -0.8954 0.0016 0.4454
vn -0.3264 -0.9445 -0.0382
vn 0.6804 -0.7318 0.0378
vn 0.4738 -0.8798 -0.0385
vn -0.9480 0.2801 -0.1512
vn -0.8946 0.4400 0.0777
vn -0.9462 0.2279 -0.2296
vn -0.7839 0.6205 -0.0229
vn 0.9117 -0.4072 0.0538
vn 0.7899 -0.6121 -0.0383
vn -0.4757 0.8785 -0.0439
vn -0.6738 0.7373 0.0487
vn 0.9799 -0.1349 0.1467
vn 0.9603 -0.2788 0.0086
vn -0.0825 0.9956 -0.0439
vn -0.3240 0.9450 0.0436
vn 0.3240 0.9450 -0.0436
vn 0.0825 0.9956 0.0439
vn -0.9553 -0.2412 0.1709
vn -0.9485 -0.2912 0.1245
vn -0.9542 -0.2424 0.1752
vn 0.4757 0.8785 0.0439
vn -0.8939 -0.4419 -0.0749
vn 0.0010 0.0002 1.0000
vn -0.0001 0.0003 1.0000
vn -0.0013 -0.0041 1.0000
vn -0.0014 -0.0010 1.0000
vn 0.0007 -0.0053 1.0000
vn -0.0007 -0.0070 1.0000
vn 0.0026 -0.0006 1.0000
vn -0.0002 -0.0064 1.0000
vn -0.0292 -0.0001 0.9996
vn -0.0106 0.0016 0.9999
vn -0.0101 0.0016 0.9999
vn 0.0030 0.0051 1.0000
vn 0.0031 0.0062 1.0000
vn -0.0055 0.0014 1.0000
vn 0.0040 0.0050 1.0000
vn -0.0114 0.0006 0.9999
vn 0.0002 0.0004 1.0000
vn -0.0002 0.0035 1.0000
vn 0.0004 0.0011 1.0000
vn 0.0027 0.0012 1.0000
vn -0.0020 0.0011 1.0000
vn 0.0005 0.0002 1.0000
vn -0.0015 0.0007 1.0000
vn -0.0030 0.0003 1.0000
vn 0.0001 0.0003 1.0000
vn -0.0020 -0.0000 1.0000
vn -0.0001 0.0004 -1.0000
vn -0.0030 0.0035 -1.0000
vn -0.0021 0.0014 -1.0000
vn 0.0017 0.0017 -1.0000
vn 0.0009 0.0006 -1.0000
vn 0.0009 0.0096 -1.0000
vn 0.0036 -0.0006 -1.0000
vn 0.0037 -0.0006 -1.0000
vn 0.0023 -0.0006 -1.0000
vn 0.0004 0.0076 -1.0000
vn 0.0027 0.0150 -0.9999
vn 0.0019 -0.0006 -1.0000
vn 0.0094 0.0008 -1.0000
vn 0.0006 -0.0003 -1.0000
vn 0.0001 -0.0008 -1.0000
vn 0.0002 -0.0009 -1.0000
vn -0.0004 0.0019 -1.0000
vn -0.0044 0.0041 -1.0000
vn -0.0016 0.0014 -1.0000
vn 0.0030 -0.0003 -1.0000
vn 0.0074 -0.0008 -1.0000
vn 0.0009 0.0003 -1.0000
vn 0.0043 -0.0003 -1.0000
vn 0.0027 0.0028 -1.0000
vn -0.3368 0.9276 0.1616
vn -0.2293 0.9662 0.1180
vn -0.4083 0.8816 0.2368
vn -0.1157 0.9933 -0.0082
vn -0.0023 0.9872 -0.1595
vn 0.3665 0.9211 -0.1316
vn -0.1126 0.9846 -0.1334
vn -0.2332 0.9721 -0.0245
vn -0.2573 0.9462 -0.1961
vn -0.0150 0.9941 0.1075
vn -0.0373 0.9899 0.1371
vn 0.1182 0.9909 0.0639
vn 0.1739 0.9840 0.0384
vn 0.3120 0.9448 -0.0996
vn 0.2811 0.9573 -0.0672
vn 0.3276 0.9363 -0.1266
vn 0.3284 0.9363 -0.1246
vn -0.4485 0.8660 0.2210
vn -0.4583 0.8653 0.2029
vn 0.9844 0.0054 -0.1756
vn 0.9719 -0.1135 0.2060
vn -0.0720 -0.9973 -0.0173
vn 0.0018 0.0003 -1.0000
vn 0.0020 0.0003 -1.0000
vn 0.0056 0.0030 -1.0000
vn 0.0294 0.9989 -0.0371
vn 0.1164 0.9923 -0.0426
vn 0.2677 0.9480 -0.1719
vn -0.1329 0.9840 -0.1189
vn -0.1831 0.9589 -0.2167
vn 0.1357 0.9092 0.3937
vn -0.2438 0.9428 -0.2273
vt -0.032545 0.285210
vt -0.201017 0.198192
vt -0.025717 0.333715
vt -0.986557 0.671299
vt -0.940778 0.490035
vt -0.979924 0.519839
vt -0.637155 0.182127
vt -0.417341 0.144530
vt -0.458518 0.117039
vt -0.227295 0.156588
vt -0.822296 0.304402
vt -0.686069 0.173487
vt 0.092086 0.480477
vt 0.078339 0.527455
vt -0.870468 0.316044
vt -0.928765 1.017919
vt -0.822296 0.865871
vt -0.870468 0.877513
vt 0.078323 1.088970
vt 0.130194 1.230893
vt 0.079449 1.006618
vt -0.637155 0.743595
vt -0.686069 0.734956
vt 0.102348 1.232924
vt -0.417341 0.705998
vt -0.227295 0.718057
vt -0.458518 0.678508
vt -0.201017 0.759661
vt -0.032545 0.846678
vt -0.983170 1.231490
vt -0.979908 1.081357
vt -0.025717 0.895184
vt -0.574052 1.592898
vt -0.808934 1.592898
vt -0.616143 1.641718
vt -0.635339 1.486978
vt -0.410734 1.486978
vt -0.595324 1.438158
vt -0.184870 1.486978
vt 0.041116 1.486977
vt -0.144448 1.438158
vt -1.005005 1.592898
vt -0.850750 1.641718
vt 0.763111 1.592898
vt 0.608653 1.592898
vt 0.761211 1.641718
vt -0.370433 1.438158
vt 0.266007 1.486977
vt 0.081416 1.438157
vt 0.529213 1.641718
vt 0.374075 1.592898
vt 0.489300 1.486977
vt 0.306021 1.438157
vt 0.137813 1.592898
vt 0.331983 1.641718
vt 0.675696 1.486977
vt 0.529052 1.438157
vt -0.099774 1.592898
vt 0.095420 1.641718
vt -0.337489 1.592898
vt -0.142294 1.641718
vt -1.005179 1.486978
vt -0.858343 1.486978
vt -1.003373 1.438159
vt -0.379882 1.641718
vt -0.782823 1.438158
vt 0.923268 0.037281
vt 0.941938 0.145027
vt 0.952011 -0.428826
vt 0.228371 -0.456548
vt 0.159817 -0.342319
vt 0.275966 -0.373331
vt 0.396135 -0.379906
vt 0.515063 -0.361758
vt 0.383034 -0.455393
vt -0.204615 -0.449419
vt -0.206228 0.141051
vt -0.196324 0.069426
vt 0.657300 -0.379745
vt 0.627545 -0.319682
vt -0.170188 -0.015620
vt 0.728661 -0.255524
vt -0.174271 -0.441604
vt -0.115915 -0.121229
vt 0.749124 -0.354761
vt 0.813994 -0.172097
vt -0.115615 -0.450893
vt -0.040501 -0.213445
vt 0.879820 -0.073051
vt 0.856727 -0.399051
vt -0.031857 -0.422796
vt 0.052768 -0.288234
vt 0.111615 -0.453253
vt 0.276992 0.746901
vt 0.160745 0.716259
vt 0.221215 0.834253
vt 0.397181 0.753094
vt 0.371662 0.831804
vt 0.631220 0.759407
vt -0.196704 0.305649
vt -0.206605 0.235645
vt -0.207270 0.816319
vt 0.628399 0.692134
vt 0.516050 0.734568
vt -0.170297 0.390611
vt 0.737782 0.722493
vt -0.115689 0.496047
vt -0.108784 0.816925
vt -0.039982 0.588022
vt 0.814377 0.543957
vt 0.807600 0.759836
vt 0.908079 0.794733
vt 0.053524 0.662514
vt 0.025556 0.802566
vt 0.879887 0.444703
vt 0.953267 0.794868
vt 0.096712 0.829808
vt 0.917591 0.940751
vt 0.980061 0.918608
vt 0.874513 0.895976
vt 1.022908 0.965079
vt 1.035601 0.933326
vt -0.084388 0.937329
vt 0.001182 0.911613
vt -0.088625 0.901953
vt 0.144512 0.877657
vt 0.127002 0.842677
vt 0.047251 0.864106
vt 0.262189 0.876092
vt 0.256890 0.841466
vt 0.407421 0.853877
vt 0.418067 0.888822
vt 0.703591 0.909080
vt 0.678638 0.871472
vt 0.800902 0.919993
vt 0.793700 0.884520
vt 0.120967 0.671246
vt -1.005179 1.641718
vt 0.675862 1.438157
vt 0.830674 1.353977
vt 0.781854 1.335360
vt 0.781854 1.363375
vt 0.922985 0.334232
vt 0.941314 0.226383
vt 0.729310 0.627655
vt -0.143809 0.953087
vt -0.205734 0.931832
vt -0.186228 0.961239
s 1
usemtl MarbleBase
f 394/1231/390 404/1232/390 403/1233/390
f 396/1234/390 393/1235/390 397/1236/390
f 391/1237/390 390/1238/390 400/1239/390
f 405/1240/390 390/1238/390 404/1232/390
f 392/1241/390 391/1237/390 399/1242/390
f 395/1243/390 403/1233/390 402/1244/390
f 393/1235/390 392/1241/390 398/1245/390
f 420/1246/391 421/1247/391 412/1248/391
f 409/1249/391 415/1250/391 416/1251/391
f 421/1247/391 422/1252/391 411/1253/391
f 409/1249/391 410/1254/391 415/1250/391
f 406/1255/391 418/1256/391 419/1257/391
f 422/1252/391 406/1255/391 419/1257/391
f 407/1258/391 417/1259/391 418/1256/391
f 414/1260/391 420/1246/391 413/1261/391
f 408/1262/391 416/1251/391 417/1259/391
f 394/1263/392 395/1264/393 412/1265/394
f 403/1266/395 404/1267/396 421/1268/397
f 390/1269/398 391/1270/399 406/1271/400
f 395/1264/393 401/1272/401 413/1273/402
f 396/1274/403 397/1275/403 415/1276/403
f 404/1267/396 390/1269/398 422/1277/404
f 391/1270/399 392/1278/405 407/1279/406
f 397/1275/407 416/1280/408 415/1276/409
f 397/1275/407 398/1281/410 416/1280/408
f 392/1278/405 393/1282/411 408/1283/412
f 398/1281/410 399/1284/413 417/1285/414
f 393/1282/411 396/1286/415 409/1287/416
f 399/1284/413 400/1288/417 418/1289/418
f 400/1288/417 405/1290/419 419/1291/420
f 401/1292/421 402/1293/422 414/1294/423
f 405/1290/419 394/1263/392 411/1295/424
f 402/1293/422 420/1296/425 414/1294/423
f 402/1293/422 403/1266/395 420/1296/425
f 427/1297/426 428/1298/426 442/1299/427
f 448/1300/428 435/1301/429 436/1302/430
f 437/1303/431 438/1304/432 449/1305/433
f 448/1300/428 436/1302/430 437/1303/431
f 443/1306/434 429/1307/435 430/1308/436
f 439/1309/437 438/1304/432 423/1310/438
f 443/1306/434 430/1308/436 431/1311/439
f 439/1309/437 423/1310/438 424/1312/440
f 444/1313/441 431/1311/439 432/1314/442
f 440/1315/443 424/1312/440 425/1316/444
f 445/1317/445 432/1314/442 433/1318/446
f 425/1316/444 426/1319/447 441/1320/448
f 446/1321/449 433/1318/446 434/1322/450
f 426/1319/447 427/1297/426 442/1299/427
f 447/1323/451 434/1322/450 435/1301/429
f 463/1324/452 462/1325/453 474/1326/454
f 464/1327/455 475/1328/456 476/1329/457
f 464/1327/455 463/1324/452 475/1328/456
f 457/1330/458 456/1331/459 470/1332/460
f 450/1333/461 465/1334/462 476/1329/457
f 458/1335/463 457/1330/458 470/1332/460
f 450/1333/461 476/1329/457 466/1336/464
f 459/1337/465 458/1335/463 471/1338/466
f 460/1339/467 459/1337/465 471/1338/466
f 452/1340/468 467/1341/469 468/1342/470
f 461/1343/471 460/1339/467 472/1344/472
f 453/1345/473 468/1342/470 469/1346/474
f 462/1325/453 461/1343/471 473/1347/475
f 441/1348/476 468/1349/477 467/1350/478
f 442/1351/479 469/1352/480 468/1349/477
f 445/1353/481 446/1354/481 471/1355/481
f 447/1356/482 473/1357/483 472/1358/484
f 448/1359/485 474/1360/486 473/1357/483
f 448/1359/485 475/1361/487 474/1360/486
f 449/1362/488 439/1363/489 476/1364/490
f 439/1363/489 440/1365/491 466/1366/492
f 440/1365/493 467/1350/478 466/1366/494
f 394/1231/390 403/1233/390 395/1243/390
f 393/1235/390 398/1245/390 397/1236/390
f 405/1240/390 404/1232/390 394/1231/390
f 391/1237/390 400/1239/390 399/1242/390
f 400/1239/390 390/1238/390 405/1240/390
f 395/1243/390 402/1244/390 401/1367/390
f 392/1241/390 399/1242/390 398/1245/390
f 409/1249/391 416/1251/391 408/1262/391
f 421/1247/391 411/1253/391 412/1248/391
f 407/1258/391 418/1256/391 406/1255/391
f 422/1252/391 419/1257/391 411/1253/391
f 408/1262/391 417/1259/391 407/1258/391
f 420/1246/391 412/1248/391 413/1261/391
f 403/1266/395 421/1268/397 420/1296/425
f 395/1264/393 413/1273/402 412/1265/394
f 404/1267/396 422/1277/404 421/1268/397
f 391/1270/399 407/1279/406 406/1271/400
f 401/1272/401 414/1368/495 413/1273/402
f 390/1269/398 406/1271/400 422/1277/404
f 392/1278/405 408/1283/412 407/1279/406
f 398/1281/410 417/1285/414 416/1280/408
f 393/1282/411 409/1287/416 408/1283/412
f 399/1284/413 418/1289/418 417/1285/414
f 396/1286/415 410/1369/496 409/1287/416
f 400/1288/417 419/1291/420 418/1289/418
f 405/1290/419 411/1295/424 419/1291/420
f 396/1370/497 415/1371/497 410/1372/497
f 394/1263/392 412/1265/394 411/1295/424
f 447/1323/451 435/1301/429 448/1300/428
f 449/1305/433 438/1304/432 439/1309/437
f 448/1300/428 437/1303/431 449/1305/433
f 443/1306/434 431/1311/439 444/1313/441
f 439/1309/437 424/1312/440 440/1315/443
f 444/1313/441 432/1314/442 445/1317/445
f 440/1315/443 425/1316/444 441/1320/448
f 445/1317/445 433/1318/446 446/1321/449
f 446/1321/449 434/1322/450 447/1323/451
f 426/1319/447 442/1299/427 441/1320/448
f 462/1325/453 473/1347/475 474/1326/454
f 454/1373/498 469/1346/474 455/1374/499
f 464/1327/455 476/1329/457 465/1334/462
f 463/1324/452 474/1326/454 475/1328/456
f 458/1335/463 470/1332/460 471/1338/466
f 450/1333/461 466/1336/464 451/1375/500
f 451/1375/500 466/1336/464 467/1341/469
f 451/1375/500 467/1341/469 452/1340/468
f 460/1339/467 471/1338/466 472/1344/472
f 452/1340/468 468/1342/470 453/1345/473
f 461/1343/471 472/1344/472 473/1347/475
f 453/1345/473 469/1346/474 454/1373/498
f 442/1351/479 468/1349/477 441/1348/476
f 444/1376/501 470/1377/502 443/1378/503
f 444/1376/501 471/1355/504 470/1377/502
f 445/1353/505 471/1355/504 444/1376/501
f 446/1354/506 472/1358/506 471/1355/506
f 447/1356/482 472/1358/484 446/1354/507
f 448/1359/485 473/1357/483 447/1356/482
f 449/1362/488 476/1364/490 475/1361/487
f 449/1362/488 475/1361/487 448/1359/485
f 439/1363/489 466/1366/492 476/1364/490
f 441/1348/476 467/1350/478 440/1365/493
o BrokenPart.001
v -5.172685 10.142523 0.305599
v -5.168044 10.028152 -0.794353
v -5.164379 9.353060 -1.662953
v -5.162739 8.561367 -2.051610
v -5.177093 9.834817 1.350120
v -5.179795 9.055294 1.990706
v -5.180877 8.052608 2.247177
v -5.162220 8.043336 -2.174781
v -5.162265 8.534462 -2.164118
v -5.163531 9.257314 -1.864048
v -5.166173 9.896356 -1.237798
v -5.169942 10.249746 -0.344416
v -5.180345 8.045887 2.120844
v -5.179723 8.832422 1.973563
v -5.176985 9.727832 1.324541
v -5.173489 10.212672 0.495950
v -4.976405 10.142523 -0.294758
v -4.972911 9.838745 -1.122732
v -4.970525 9.308069 -1.688166
v -4.969064 8.622326 -2.034459
v -4.983529 9.815843 1.393844
v -4.986253 8.948901 2.039320
v -4.987105 8.055286 2.241292
v -4.968426 8.046762 -2.185612
v -4.969281 9.098057 -1.983045
v -4.972664 9.932511 -1.181307
v -4.975723 10.217260 -0.456209
v -4.979007 10.252056 0.322018
v -4.986667 8.051596 2.137365
v -4.985383 9.136704 1.833059
v -4.982542 9.819815 1.159721
v -4.979642 10.105082 0.472543
v -5.148374 10.020924 1.012653
v -5.149607 9.836517 1.307802
v -5.150733 9.612797 1.574386
v -5.151965 9.252235 1.866361
v -5.152653 8.944959 2.029766
v -5.153160 8.617914 2.148776
v -5.153432 8.216796 2.216016
v -5.134782 8.214223 -2.206020
v -5.135063 8.617914 -2.138522
v -5.135568 8.944959 -2.019512
v -5.136260 9.252235 -1.856107
v -5.137486 9.612797 -1.564132
v -5.138614 9.836517 -1.297548
v -5.139877 10.020924 -1.002399
v -5.141708 10.187191 -0.569260
v -5.146509 10.187191 0.579514
v -5.145088 10.247645 0.236787
v -5.148427 10.416672 0.717657
v -5.135219 10.496833 1.212137
v -5.158885 10.546564 1.810390
v -5.157485 10.538603 2.216497
v -5.127185 10.573696 -2.209729
v -5.138909 10.552187 -1.983114
v -5.137080 10.479486 -1.665965
v -5.141139 10.588657 -1.303962
v -5.149466 10.400361 -0.391463
v -5.143506 10.260550 -0.101206
v -5.148238 10.450165 0.280506
v -5.016358 10.020924 1.013210
v -5.017607 9.836517 1.308359
v -5.018732 9.612797 1.574943
v -5.019966 9.252235 1.866917
v -5.020653 8.944959 2.030323
v -5.021156 8.617914 2.149333
v -5.021433 8.216317 2.216621
v -5.002773 8.211462 -2.205737
v -5.003068 8.617914 -2.137965
v -5.003568 8.944959 -2.018955
v -5.004259 9.252235 -1.855550
v -5.005161 9.526493 -1.641306
v -5.006221 9.768234 -1.390946
v -5.007854 10.020924 -1.001842
v -5.009671 10.187191 -0.568702
v -5.014541 10.187191 0.580070
v -5.013088 10.247645 0.237344
v -5.016742 10.490556 1.081991
v -5.017968 10.599974 1.410883
v -5.021597 10.544095 1.928956
v -5.026718 10.550031 2.216994
v -5.008621 10.534197 -2.216962
v -5.005242 10.581609 -1.908687
v -4.998160 10.556363 -1.574596
v -5.025599 10.543849 -1.202179
v -5.007330 10.417942 -0.794085
v -5.011195 10.490534 -0.264293
v -5.015788 10.261417 -0.087245
v -5.019361 10.413370 0.396373
vn -1.0000 -0.0000 -0.0042
vn 1.0000 -0.0000 0.0042
vn 0.3176 -0.5571 -0.7673
vn -0.2628 -0.6768 -0.6877
vn -0.0224 -0.9919 -0.1253
vn 0.3051 -0.9471 0.0998
vn 0.2560 -0.9630 0.0837
vn 0.0087 0.2241 0.9745
vn 0.0266 0.2204 0.9751
vn -0.0212 0.3678 0.9297
vn 0.0217 -0.9986 0.0476
vn 0.0249 -0.9983 0.0532
vn 0.0185 -0.9989 0.0420
vn 0.1201 -0.9178 -0.3786
vn 0.0628 -0.9550 -0.2898
vn -0.0562 0.0217 -0.9982
vn 0.2939 0.1584 -0.9426
vn 0.0451 0.0619 -0.9971
vn 0.3453 0.1778 -0.9215
vn 0.2589 -0.7621 0.5934
vn -0.0093 -0.6272 0.7788
vn 0.2266 -0.7629 0.6055
vn -0.2442 0.3714 -0.8958
vn 0.0275 -0.3277 0.9444
vn 0.0298 -0.3681 0.9293
vn 0.0261 0.8048 -0.5930
vn -0.0072 0.8545 -0.5194
vn 0.1231 0.6933 -0.7101
vn 0.0584 -0.2309 0.9712
vn 0.0442 -0.2361 0.9707
vn 0.0486 0.9883 -0.1445
vn 0.0099 0.9647 -0.2631
vn 0.0576 0.9543 0.2931
vn -0.0525 0.9906 0.1260
vn -0.0502 0.8157 0.5764
vn -0.0411 0.7742 0.6316
vn 0.0889 -0.1834 -0.9790
vn -0.2328 -0.2545 -0.9386
vn 0.0344 -0.1970 -0.9798
vn -0.2642 -0.2601 -0.9287
vn 0.0346 0.4919 0.8700
vn -1.0000 -0.0080 -0.0051
vn -0.9989 -0.0461 0.0117
vn -0.9995 -0.0314 0.0001
vn -0.9999 -0.0018 -0.0139
vn -0.9999 -0.0017 -0.0144
vn -1.0000 -0.0047 0.0012
vn -0.9999 -0.0144 -0.0052
vn -0.9999 -0.0143 -0.0059
vn -0.9999 -0.0126 -0.0048
vn -1.0000 -0.0075 -0.0041
vn -0.9993 -0.0382 0.0021
vn -0.9988 -0.0006 -0.0490
vn -0.9997 0.0032 -0.0232
vn -0.9998 0.0032 -0.0221
vn -0.9998 0.0168 0.0118
vn -1.0000 0.0015 0.0052
vn -0.9999 0.0025 -0.0136
vn -0.9999 0.0067 -0.0115
vn -0.9998 0.0178 -0.0104
vn -0.9997 -0.0012 -0.0260
vn -1.0000 -0.0017 -0.0005
vn -0.9999 -0.0060 -0.0108
vn -0.9999 0.0006 -0.0123
vn -1.0000 -0.0011 -0.0031
vn -1.0000 -0.0007 -0.0044
vn -1.0000 -0.0031 -0.0077
vn -1.0000 -0.0039 -0.0083
vn -1.0000 -0.0034 -0.0016
vn -1.0000 -0.0019 -0.0093
vn 1.0000 -0.0045 0.0083
vn 0.9997 0.0190 -0.0162
vn 0.9999 0.0051 -0.0110
vn 0.9999 -0.0091 0.0141
vn 0.9999 -0.0071 0.0121
vn 1.0000 0.0025 -0.0096
vn 0.9999 0.0025 -0.0105
vn 0.9999 0.0018 -0.0108
vn 0.9999 0.0148 0.0002
vn 0.9996 0.0273 0.0015
vn 1.0000 0.0024 0.0026
vn 1.0000 0.0025 -0.0031
vn 1.0000 0.0001 0.0041
vn 1.0000 0.0002 0.0054
vn 1.0000 0.0008 0.0027
vn 0.9999 -0.0014 -0.0141
vn 1.0000 -0.0016 0.0026
vn 1.0000 0.0007 0.0054
vn 0.9999 0.0011 0.0119
vn 0.9999 0.0027 0.0144
vn 0.9998 -0.0005 0.0206
vn 0.9997 0.0153 0.0198
vn 0.9999 0.0023 0.0108
vn 0.9998 0.0018 0.0174
vn -0.0512 0.9955 0.0800
vn -0.0317 0.9988 0.0381
vn -0.0741 0.9916 0.1064
vn -0.0622 0.9980 -0.0103
vn -0.0870 0.9960 -0.0221
vn -0.2158 0.9764 0.0016
vn -0.3028 0.9505 0.0694
vn -0.1326 0.9799 -0.1492
vn -0.4323 0.9016 -0.0143
vn 0.2878 0.9500 0.1210
vn 0.1743 0.9588 0.2242
vn 0.3183 0.9464 0.0553
vn 0.3665 0.9109 -0.1894
vn 0.2434 0.9687 -0.0491
vn 0.1324 0.9004 -0.4144
vn -0.4596 0.8794 -0.1239
vn -0.1757 0.9802 -0.0908
vn -0.0536 0.8992 0.4342
vn -0.1742 0.9667 -0.1876
vn -0.3068 0.9234 -0.2305
vn -0.5180 0.8450 -0.1329
vn -0.3169 -0.8908 0.3255
vn 0.0149 -0.9993 0.0356
vn 0.1116 -0.9180 -0.3806
vn -0.0273 -0.5755 0.8173
vn 0.1355 0.6938 -0.7074
vn 0.9999 0.0023 0.0169
vn 0.9998 0.0023 0.0176
vn 0.9990 0.0440 -0.0064
vn 0.9992 0.0395 -0.0017
vn 1.0000 -0.0001 0.0042
vn 1.0000 0.0010 0.0059
vn 0.3201 0.9414 0.1059
vn -0.4050 0.9029 -0.1439
vn -0.3194 0.9063 -0.2769
vn 0.3987 0.8960 0.1954
vn 0.4201 0.8880 0.1871
vn 0.0425 0.8950 -0.4441
vn -0.7476 0.4154 0.5182
vn -0.5669 0.8188 -0.0905
vt 1.010210 0.262085
vt 1.176618 0.475936
vt 1.181634 0.420480
vt 0.225890 0.370392
vt 0.180172 0.543168
vt 0.276322 0.347189
vt 0.602927 0.126109
vt 0.494947 0.188979
vt 0.763671 0.151703
vt 1.019504 0.231400
vt 1.217903 0.670841
vt 1.245212 0.669488
vt 0.381554 0.212671
vt 0.240732 0.964463
vt 0.351727 0.802182
vt 0.183347 1.007585
vt 1.111257 0.917822
vt 1.194370 1.089459
vt 1.172687 0.976456
vt 0.572972 0.719308
vt 0.611078 0.686055
vt 0.763671 0.713172
vt 0.968626 0.788310
vt 0.983124 0.765093
vt 0.133462 1.230206
vt -0.803598 1.383724
vt -0.526535 1.383724
vt -0.720266 1.335112
vt -0.479528 1.335112
vt -0.250296 1.383724
vt 0.027129 1.383724
vt -0.100080 1.335113
vt 0.739126 1.538464
vt 0.738370 1.489853
vt 0.508205 1.489853
vt 0.906023 1.471129
vt 0.906022 1.443692
vt 0.857411 1.443692
vt -0.292866 1.335112
vt -1.005179 1.538463
vt -0.881497 1.538464
vt -1.004532 1.489852
vt -0.734208 1.489852
vt 0.303058 1.383724
vt 0.121225 1.335113
vt -0.685065 1.538464
vt 0.524363 1.383724
vt 0.508581 1.335112
vt -0.460563 1.538464
vt -0.443907 1.489853
vt 0.654804 1.383724
vt 0.654804 1.335112
vt -0.219434 1.538464
vt -0.248562 1.489852
vt -0.008426 1.538464
vt -0.053103 1.489853
vt 0.225740 1.538464
vt 0.237487 1.489853
vt -1.004563 1.383724
vt -1.003486 1.335112
vt 0.479051 1.538464
vt -0.025802 0.693964
vt 0.112793 0.598213
vt 0.157686 0.509018
vt 1.200279 1.420793
vt 1.218857 1.602623
vt 1.304110 0.524485
vt 0.283006 0.537233
vt 0.419221 0.560768
vt 0.451491 0.487588
vt 0.557826 0.606916
vt -0.501868 0.551208
vt -0.388996 1.477426
vt -0.381401 1.318304
vt 0.738244 0.720182
vt 0.638401 0.510050
vt -0.348358 1.172195
vt 0.863922 0.817126
vt 0.856313 0.524956
vt -0.404870 0.559717
vt -0.297867 1.046152
vt 0.976113 0.934568
vt 1.119887 0.517835
vt -0.290383 0.565623
vt -0.205323 0.886332
vt 1.092072 1.106405
vt -0.168989 0.531711
vt -0.119536 0.783086
vt 1.160283 1.259217
vt 0.085548 0.369152
vt -0.070404 0.313823
vt 0.005848 0.470618
vt 0.279620 0.394268
vt 0.190894 0.457515
vt -0.491061 -0.150836
vt -0.525535 -0.295847
vt -0.484286 0.509988
vt 0.571834 0.330860
vt 0.501506 0.439557
vt 0.810474 0.451387
vt -0.445624 -0.036210
vt 0.758348 0.242375
vt 0.949549 0.465599
vt -0.384166 0.059755
vt -0.380393 0.515475
vt -0.304745 0.152830
vt 1.010278 0.039756
vt 1.178180 0.464109
vt -0.212512 0.227817
vt -0.264563 0.506758
vt -0.136936 0.482425
vt 1.217418 -0.263537
vt 1.309615 0.472748
vt -3.555490 0.743911
vt -3.832753 1.028746
vt -2.677300 0.936180
vt -4.483878 0.708209
vt -4.512859 0.985172
vt -3.903636 -0.669915
vt -3.715178 -0.934570
vt -4.436258 -1.026132
vt -3.178967 -0.597513
vt -2.396392 -0.727848
vt -2.131704 -1.033291
vt -3.002528 -0.929364
vt -0.234810 0.707374
vt -0.516076 0.948430
vt 0.456724 1.003037
vt -1.162768 0.539381
vt 1.114213 0.670410
vt 0.450951 0.725366
vt -1.966623 0.757210
vt -2.270899 0.494234
vt 0.149008 0.549045
vt 0.142382 0.671362
vt 0.811574 0.131019
vt 0.403200 0.792395
vt 1.237454 1.232363
vt 0.804538 0.690862
vt 0.160827 1.231241
vt 0.857411 1.471129
vt 0.315892 1.335113
vt 1.277249 -0.433116
vt 1.306307 -0.603629
vt 0.422183 0.359386
vt 0.889507 0.148954
vt 1.142030 -0.128419
vt -4.507208 -0.737839
vt -1.486470 -0.871925
vt 1.077293 1.024217
s 1
usemtl MarbleBase
f 491/1379/508 490/1380/508 482/1381/508
f 486/1382/508 480/1383/508 479/1384/508
f 488/1385/508 478/1386/508 477/1387/508
f 477/1387/508 491/1379/508 481/1388/508
f 490/1380/508 489/1389/508 483/1390/508
f 487/1391/508 479/1384/508 478/1386/508
f 506/1392/509 497/1393/509 498/1394/509
f 495/1395/509 496/1396/509 501/1397/509
f 508/1398/509 504/1399/509 497/1393/509
f 493/1400/509 494/1401/509 502/1402/509
f 506/1392/509 498/1394/509 499/1403/509
f 494/1401/509 495/1395/509 501/1397/509
f 490/1404/510 491/1405/510 506/1406/510
f 491/1405/511 507/1407/511 506/1406/511
f 477/1408/512 478/1409/513 493/1410/514
f 483/1411/515 499/1412/516 498/1413/517
f 483/1414/518 489/1415/519 505/1416/520
f 491/1405/521 477/1408/512 508/1417/522
f 484/1418/523 485/1419/524 500/1420/525
f 485/1419/524 501/1421/526 500/1420/525
f 478/1409/527 479/1422/528 494/1423/529
f 485/1419/530 486/1424/530 501/1421/530
f 479/1422/528 480/1425/531 496/1426/532
f 487/1427/533 502/1428/534 501/1421/535
f 480/1425/531 484/1429/536 500/1430/537
f 488/1431/538 503/1432/539 502/1428/534
f 488/1431/538 492/1433/540 504/1434/541
f 492/1433/540 481/1435/542 497/1436/543
f 489/1437/544 490/1404/545 505/1438/546
f 490/1404/545 506/1406/547 505/1438/546
f 481/1435/542 482/1439/548 497/1436/543
f 522/1440/549 523/1441/550 534/1442/551
f 514/1443/552 515/1444/553 529/1445/554
f 535/1446/555 525/1447/556 536/1448/557
f 525/1447/556 524/1449/558 536/1448/557
f 523/1441/550 535/1446/559 534/1442/551
f 530/1450/560 516/1451/561 517/1452/562
f 524/1449/558 509/1453/563 526/1454/564
f 530/1450/560 517/1452/562 518/1455/565
f 509/1453/563 510/1456/566 527/1457/567
f 531/1458/568 518/1455/565 519/1459/569
f 510/1456/566 511/1460/570 528/1461/571
f 532/1462/572 519/1459/569 520/1463/573
f 511/1460/570 512/1464/574 528/1461/571
f 533/1465/575 520/1463/573 521/1466/576
f 512/1464/574 513/1467/577 529/1445/554
f 533/1465/575 521/1466/576 522/1440/549
f 513/1467/577 514/1443/552 529/1445/554
f 551/1468/578 550/1469/579 562/1470/580
f 564/1471/581 551/1468/578 563/1472/582
f 545/1473/583 544/1474/584 558/1475/585
f 552/1476/586 565/1477/587 554/1478/588
f 546/1479/589 545/1473/583 558/1475/585
f 537/1480/590 554/1478/588 555/1481/591
f 547/1482/592 546/1479/589 559/1483/593
f 548/1484/594 547/1482/592 559/1483/593
f 539/1485/595 555/1481/591 556/1486/596
f 549/1487/597 548/1484/594 560/1488/598
f 550/1469/579 549/1487/597 561/1489/599
f 541/1490/600 556/1486/596 557/1491/601
f 550/1469/579 561/1489/599 562/1470/580
f 534/1442/617 563/1472/617 562/1470/617
f 491/1379/508 482/1381/508 481/1388/508
f 485/1512/508 480/1383/508 486/1382/508
f 484/1513/508 480/1383/508 485/1512/508
f 477/1387/508 481/1388/508 492/1514/508
f 487/1391/508 478/1386/508 488/1385/508
f 477/1387/508 492/1514/508 488/1385/508
f 490/1380/508 483/1390/508 482/1381/508
f 486/1382/508 479/1384/508 487/1391/508
f 507/1515/509 497/1393/509 506/1392/509
f 496/1396/509 500/1516/509 501/1397/509
f 493/1400/509 503/1517/509 504/1399/509
f 508/1398/509 497/1393/509 507/1515/509
f 493/1400/509 502/1402/509 503/1517/509
f 493/1400/509 504/1399/509 508/1398/509
f 506/1392/509 499/1403/509 505/1518/509
f 494/1401/509 501/1397/509 502/1402/509
f 482/1439/548 498/1413/517 497/1436/543
f 483/1411/515 498/1413/517 482/1439/548
f 478/1409/623 494/1423/623 493/1410/623
f 483/1414/518 505/1416/520 499/1519/624
f 491/1405/521 508/1417/522 507/1407/625
f 477/1408/512 493/1410/514 508/1417/522
f 479/1422/528 495/1520/626 494/1423/529
f 479/1422/528 496/1426/532 495/1520/626
f 487/1427/533 501/1421/535 486/1424/627
f 480/1425/531 500/1430/537 496/1426/532
f 488/1431/538 502/1428/534 487/1427/533
f 488/1431/538 504/1434/541 503/1432/539
f 492/1433/540 497/1436/543 504/1434/541
f 522/1440/549 534/1442/551 533/1465/575
f 524/1449/558 526/1454/564 536/1448/557
f 509/1453/563 527/1457/567 526/1454/564
f 530/1450/560 518/1455/565 531/1458/568
f 510/1456/566 528/1461/571 527/1457/567
f 531/1458/568 519/1459/569 532/1462/572
f 532/1462/572 520/1463/573 533/1465/575
f 512/1464/574 529/1445/554 528/1461/571
f 542/1521/628 557/1491/601 543/1522/629
f 564/1471/630 565/1477/587 553/1523/631
f 551/1468/578 562/1470/580 563/1472/582
f 553/1523/631 565/1477/587 552/1476/586
f 552/1476/586 554/1478/588 537/1480/590
f 546/1479/589 558/1475/585 559/1483/593
f 537/1480/590 555/1481/591 538/1524/632
f 538/1524/632 555/1481/591 539/1485/595
f 548/1484/594 559/1483/593 560/1488/598
f 539/1485/595 556/1486/596 540/1525/633
f 549/1487/597 560/1488/598 561/1489/599
f 540/1525/633 556/1486/596 541/1490/600
f 541/1490/600 557/1491/601 542/1521/628
f 534/1442/638 562/1470/637 533/1465/611
usemtl MarbleCracking
f 528/1492/602 556/1493/603 555/1494/604
f 528/1492/602 529/1495/605 556/1493/603
f 529/1495/605 557/1496/606 556/1493/603
f 531/1497/607 559/1498/608 558/1499/609
f 531/1497/607 532/1500/610 559/1498/608
f 533/1501/611 561/1502/612 560/1503/613
f 536/1504/614 565/1505/615 564/1506/616
f 536/1504/614 526/1507/618 565/1505/615
f 534/1508/619 535/1509/619 564/1506/619
f 526/1507/618 554/1510/620 565/1505/615
f 526/1507/618 527/1511/621 554/1510/620
f 527/1511/621 555/1494/622 554/1510/620
f 531/1497/634 558/1499/634 530/1526/634
f 532/1500/610 560/1503/635 559/1498/608
f 533/1501/636 560/1503/635 532/1500/610
f 533/1501/611 562/1527/637 561/1502/612
f 536/1504/614 564/1506/616 535/1509/639
f 534/1508/640 564/1506/640 563/1528/640
f 528/1492/641 555/1494/622 527/1511/621
o BrokenPart.005
v 5.201169 10.148958 0.216533
v 5.195436 9.712456 1.353551
v 5.192325 8.888418 1.970433
v 5.209243 9.760200 -1.384403
v 5.212807 8.836306 -2.091253
v 5.212946 8.027742 -2.118836
v 5.191242 8.028389 2.185189
v 5.191245 8.637700 2.184658
v 5.194069 9.617211 1.624623
v 5.199038 10.174536 0.639228
v 5.204495 10.222796 -0.442982
v 5.212282 8.707441 -1.987209
v 5.210041 9.477351 -1.542730
v 5.205980 10.005689 -0.737458
v 5.009506 10.128871 -0.196859
v 5.005757 10.084416 0.546700
v 5.000837 9.565261 1.522404
v 4.998233 8.707440 2.038698
v 4.997655 8.029308 2.153266
v 5.013109 10.047995 -0.911330
v 5.016379 9.604091 -1.559711
v 5.018629 8.959476 -2.005939
v 5.019751 8.046105 -2.228412
v 4.997099 8.031471 2.263569
v 4.997835 8.826900 2.117720
v 5.000267 9.582164 1.635381
v 5.003664 10.047995 0.961841
v 5.008387 10.271848 0.025256
v 5.019196 8.036522 -2.118394
v 5.017392 9.222168 -1.760630
v 5.013127 9.931646 -0.914872
v 5.178857 10.100226 -0.773791
v 5.180954 9.889576 -1.189539
v 5.182782 9.597584 -1.552148
v 5.184262 9.237018 -1.845769
v 5.185331 8.823638 -2.057581
v 5.185817 8.489146 -2.154059
v 5.186038 8.199306 -2.197615
v 5.163610 8.199306 2.249804
v 5.163953 8.602721 2.181955
v 5.164795 9.035843 2.014760
v 5.166077 9.424950 1.760651
v 5.167741 9.753027 1.430729
v 5.169714 10.005733 1.039407
v 5.171910 10.172018 0.603785
v 5.174234 10.244605 0.142910
v 5.176584 10.220321 -0.323075
v 5.179395 10.257129 -0.880464
v 5.180861 10.258124 -1.207576
v 5.187116 10.043434 -1.512884
v 5.187100 10.211858 -1.934154
v 5.180567 10.179018 -2.144724
v 5.120618 10.180370 -2.203038
v 5.163584 9.618378 2.254955
v 5.166643 9.688543 2.180235
v 5.163034 9.796816 1.697018
v 5.170878 10.334743 0.789190
v 5.171779 10.471126 -0.071267
v 5.173707 10.397777 -0.556791
v 5.046857 10.100226 -0.774456
v 5.048954 9.889576 -1.190205
v 5.050782 9.597584 -1.552813
v 5.052262 9.237018 -1.846435
v 5.053331 8.823638 -2.058247
v 5.053817 8.489146 -2.154725
v 5.054038 8.199306 -2.198280
v 5.031610 8.199306 2.249139
v 5.031953 8.602721 2.181289
v 5.032795 9.035843 2.014095
v 5.034077 9.424950 1.759986
v 5.035741 9.753027 1.430063
v 5.037714 10.005733 1.038741
v 5.039910 10.172018 0.603119
v 5.042234 10.244605 0.142245
v 5.044584 10.220321 -0.323741
v 5.048401 10.205139 -1.091880
v 5.050344 10.025938 -1.465969
v 5.053926 10.141861 -1.738772
v 5.052520 10.209086 -2.069716
v 5.053963 10.114585 -2.190709
v 5.029755 9.623040 2.255580
v 5.032844 9.736623 1.906558
v 5.042345 10.317081 0.819626
v 5.044548 10.432317 0.277526
v 5.037562 10.454928 -0.185797
v 5.045327 10.364476 -0.588989
vn 1.0000 -0.0000 0.0050
vn 1.0000 -0.0000 0.0051
vn -1.0000 -0.0000 -0.0050
vn 0.2335 -0.7515 0.6170
vn -0.0669 -0.8709 0.4870
vn 0.2750 -0.7359 0.6187
vn 0.0107 -0.9445 0.3283
vn 0.4953 0.0297 -0.8682
vn 0.3744 0.0008 0.9273
vn -0.1132 -0.9850 0.1305
vn -0.0681 0.2701 0.9604
vn 0.0827 0.4232 0.9022
vn -0.1617 0.1781 0.9706
vn -0.0441 0.7111 0.7017
vn 0.0731 -0.4556 -0.8872
vn 0.1115 -0.1792 -0.9775
vn -0.0169 -0.3075 -0.9514
vn -0.3008 0.9272 -0.2231
vn 0.2484 0.8699 -0.4262
vn -0.0239 0.7926 -0.6093
vn 0.2009 0.8717 -0.4470
vn -0.0064 -0.1901 0.9817
vn 0.2997 -0.2654 0.9164
vn 0.0549 -0.2068 0.9768
vn 0.1273 0.6552 -0.7446
vn -0.0080 -0.9998 0.0196
vn 0.3316 -0.2721 0.9033
vn -0.3012 -0.4774 0.8254
vn 1.0000 0.0026 0.0059
vn 0.9999 0.0055 0.0111
vn 1.0000 0.0005 0.0051
vn 0.9999 0.0032 -0.0153
vn 0.9999 0.0032 -0.0162
vn 0.9995 0.0016 -0.0301
vn 0.9999 0.0153 0.0034
vn 0.9999 0.0130 0.0037
vn 0.9999 0.0170 0.0017
vn 1.0000 0.0059 0.0075
vn 0.9999 0.0153 0.0033
vn 0.9999 0.0010 0.0101
vn 1.0000 -0.0018 0.0052
vn 1.0000 -0.0025 -0.0088
vn 0.9999 -0.0031 0.0126
vn 0.9999 0.0007 0.0107
vn 1.0000 -0.0026 -0.0009
vn 1.0000 -0.0057 0.0070
vn 0.9999 -0.0071 0.0074
vn 1.0000 0.0032 0.0011
vn 1.0000 -0.0021 0.0088
vn 0.9999 -0.0021 -0.0148
vn 0.9999 0.0099 0.0081
vn 0.9998 0.0143 0.0153
vn 1.0000 0.0025 -0.0053
vn -0.9999 0.0163 -0.0004
vn -0.9998 0.0198 0.0070
vn -0.9999 0.0155 0.0005
vn -0.9998 -0.0191 -0.0090
vn -1.0000 0.0002 0.0058
vn -0.9998 -0.0207 -0.0033
vn -0.1856 0.0039 -0.9826
vn -1.0000 -0.0070 -0.0069
vn -0.9999 0.0105 0.0036
vn -0.9999 -0.0013 -0.0120
vn -0.9999 -0.0012 -0.0125
vn -1.0000 -0.0014 -0.0093
vn -1.0000 -0.0017 -0.0051
vn -1.0000 -0.0006 -0.0051
vn -1.0000 -0.0014 -0.0087
vn -1.0000 -0.0001 -0.0050
vn -1.0000 0.0006 -0.0084
vn -1.0000 -0.0010 -0.0063
vn -1.0000 -0.0003 -0.0072
vn -1.0000 0.0021 -0.0084
vn -1.0000 0.0016 -0.0023
vn -1.0000 0.0047 -0.0052
vn -1.0000 0.0002 -0.0038
vn -1.0000 0.0003 -0.0027
vn -0.9999 -0.0006 -0.0111
vn 0.0268 0.9221 0.3860
vn -0.0808 0.9861 0.1453
vn -0.0007 0.9390 0.3440
vn 0.0045 0.9997 -0.0249
vn 0.1378 0.9780 -0.1568
vn -0.1738 0.7751 -0.6075
vn 0.0286 0.7281 0.6849
vn -0.2389 0.9298 0.2801
vn -0.0485 0.9597 0.2767
vn -0.2753 0.9149 0.2953
vn 0.2500 0.8738 0.4171
vn -0.0201 0.9215 0.3878
vn -0.0328 0.9421 0.3338
vn 0.0777 0.9859 0.1481
vn -0.1488 0.9468 -0.2853
vn -0.1296 0.9405 -0.3141
vn -0.0608 0.9929 -0.1027
vn 0.0705 0.9461 -0.3160
vn 0.1075 0.9480 -0.2997
vn -0.3705 0.9288 0.0012
vn -0.3659 0.8220 -0.4363
vn -0.2551 0.8715 -0.4188
vn -0.5495 0.7032 -0.4512
vn 0.0165 0.9201 0.3912
vn -0.1694 0.3490 -0.9217
vn -0.0824 0.4764 -0.8753
vn 0.1524 -0.9881 -0.0227
vn 0.2249 -0.9727 -0.0570
vn -0.2669 0.2278 -0.9364
vn -0.2870 -0.8938 -0.3446
vn -0.0453 -0.9952 -0.0869
vn 0.2530 -0.8546 -0.4535
vn -0.0816 0.6762 0.7322
vn -0.1960 -0.5792 -0.7913
vn -0.2353 -0.5819 -0.7785
vn 0.2113 0.8462 0.4892
vn 0.1597 -0.1646 -0.9733
vn 0.2435 0.8437 0.4784
vn -0.2409 0.9442 0.2245
vn 0.3392 0.9397 0.0436
vn 0.6974 0.0211 -0.7164
vn 0.9992 -0.0001 0.0408
vn 1.0000 0.0023 0.0085
vn -1.0000 -0.0000 -0.0049
vn -0.5284 0.6399 0.5580
vn -0.0836 0.9965 0.0071
vn -0.6415 0.6212 -0.4500
vt 0.142771 -0.041244
vt 0.138775 0.108058
vt 0.193463 -0.104487
vt 1.028184 -0.320133
vt 0.867542 -0.381105
vt 1.063823 -0.246346
vt 0.354900 -0.300180
vt 0.631264 -0.411463
vt 0.525792 -0.422223
vt 0.792884 -0.428362
vt 1.180143 -0.059523
vt 1.215001 0.109447
vt 1.191832 -0.086041
vt 0.287727 -0.277988
vt -0.879856 -0.180681
vt -0.678181 -0.362011
vt -0.838708 -0.281367
vt 0.057146 -0.059523
vt 0.087296 0.109729
vt 0.114909 0.109190
vt -0.315868 -0.399885
vt -0.211483 -0.393948
vt -0.445013 -0.440376
vt -0.500539 -0.414605
vt -0.080649 -0.264194
vt -0.045825 -0.275294
vt -0.951815 -0.122390
vt -1.004816 0.105895
vt 0.074461 -0.088391
vt -0.608792 1.435282
vt -0.414395 1.386599
vt -0.691716 1.386599
vt -0.366654 1.435282
vt -0.801331 1.541340
vt -1.005179 1.541340
vt -1.001207 1.590024
vt 0.748523 1.541339
vt 0.594498 1.541339
vt 0.747867 1.590022
vt -0.227290 1.386599
vt 0.544512 1.590022
vt 0.310936 1.541339
vt 0.440237 1.435282
vt 0.659464 1.435281
vt 0.488815 1.386598
vt -0.245489 1.541340
vt -0.370097 1.590023
vt -0.128207 1.590023
vt -0.509150 1.541340
vt -1.004556 1.435283
vt -0.832001 1.435283
vt -1.003466 1.386600
vt -0.567626 1.590023
vt 0.868254 1.262956
vt 0.819570 1.242156
vt 0.819570 1.269790
vt 0.121514 0.756296
vt -0.186188 0.895248
vt 0.225440 0.921590
vt 2.846306 2.233359
vt 2.941729 2.761724
vt 2.844050 0.720612
vt 0.817526 0.766714
vt 0.635800 0.932546
vt 1.046170 0.960564
vt 1.473408 0.960279
vt 1.210123 0.764027
vt -1.167888 0.694770
vt -1.882293 1.673326
vt -1.623789 1.401801
vt 1.922446 1.036991
vt 1.823053 0.731310
vt -1.324311 1.177578
vt 2.257683 1.226903
vt 2.221719 0.738414
vt -0.974388 1.010597
vt 2.554035 1.580860
vt 2.647346 0.688974
vt -0.771646 0.745351
vt -0.588454 0.903457
vt 2.762315 1.960792
vt 0.234434 0.502604
vt -0.171113 0.498569
vt 0.092734 0.656428
vt 1.043589 0.493184
vt 0.643184 0.502843
vt 0.908718 0.672738
vt 2.849490 -1.731415
vt 2.934367 0.575681
vt 2.956535 0.728700
vt 1.240211 0.650732
vt 0.537472 0.670811
vt -1.545061 -0.125613
vt -1.754368 -0.403301
vt -1.241510 0.607500
vt 1.456058 0.476866
vt 1.730333 0.608210
vt -1.271545 0.128149
vt 1.862612 0.346529
vt 2.159362 0.555429
vt -0.950552 0.320949
vt -0.953930 0.612393
vt 2.188926 0.039116
vt 2.464372 0.579906
vt -0.573318 0.455145
vt 2.472450 -0.422714
vt 2.772867 0.606249
vt 2.710432 -1.010064
vt -2.745471 1.863719
vt -3.746293 1.974005
vt -3.249372 2.163216
vt -3.940238 2.342575
vt -4.383402 2.248389
vt -4.170998 2.510976
vt 5.904415 2.496521
vt 5.643371 2.380121
vt 5.766634 2.736816
vt 4.997430 2.482787
vt 4.588594 2.115318
vt 2.431894 2.193283
vt 2.366580 1.911096
vt 1.267262 2.150132
vt -0.522824 1.646831
vt -0.611956 1.943838
vt 0.279486 1.969612
vt -1.294641 1.732759
vt -1.751523 2.019159
vt -1.978705 1.702946
vt -2.618197 2.135821
vt -0.678754 -0.393948
vt -0.977389 0.108283
vt -0.764684 1.590024
vt -0.124400 1.435282
vt -0.040197 1.386599
vt 0.181661 1.435282
vt 0.861962 1.551732
vt 0.813279 1.547010
vt 0.813279 1.574643
vt 0.237450 1.386599
vt 0.319326 1.590022
vt 0.113441 1.590022
vt 0.661734 1.386598
vt 0.026630 1.541340
vt 2.889416 0.743821
vt -1.248243 0.714431
vt 1.531755 0.757732
vt 2.823477 -1.445567
vt -4.309752 2.647788
vt 0.553692 1.729420
s 1
usemtl MarbleBase
f 573/1529/642 572/1530/642 568/1531/643
f 569/1532/642 579/1533/642 578/1534/642
f 567/1535/642 566/1536/642 575/1537/642
f 576/1538/642 566/1536/642 579/1533/642
f 577/1539/642 571/1540/642 570/1541/642
f 570/1541/642 578/1534/642 577/1539/642
f 568/1531/643 567/1535/642 574/1542/642
f 595/1543/644 596/1544/644 586/1545/644
f 583/1546/644 584/1547/644 589/1548/644
f 581/1549/644 592/1550/644 593/1551/644
f 596/1544/644 580/1552/644 593/1551/644
f 582/1553/644 591/1554/644 592/1550/644
f 595/1543/644 587/1555/644 588/1556/644
f 582/1553/644 590/1557/644 591/1554/644
f 578/1558/645 596/1559/646 595/1560/647
f 578/1558/645 579/1561/648 596/1559/646
f 570/1562/649 571/1563/649 588/1564/649
f 572/1565/650 573/1566/650 589/1567/650
f 579/1561/648 580/1568/651 596/1559/646
f 573/1566/652 590/1569/653 589/1567/654
f 573/1566/652 574/1570/655 590/1569/653
f 568/1571/656 572/1572/657 583/1573/658
f 576/1574/659 585/1575/659 593/1576/659
f 576/1574/660 569/1577/661 585/1575/662
f 571/1578/663 577/1579/664 594/1580/665
f 569/1577/661 586/1581/666 585/1575/662
f 572/1582/667 589/1583/667 584/1584/667
f 577/1579/664 595/1560/668 594/1580/665
f 577/1579/669 578/1558/669 595/1560/669
f 622/1585/670 609/1586/671 610/1587/672
f 602/1588/673 603/1589/674 617/1590/675
f 623/1591/676 611/1592/677 612/1593/678
f 622/1585/670 610/1587/672 611/1592/677
f 612/1593/678 597/1594/679 624/1595/680
f 620/1596/681 604/1597/682 605/1598/683
f 597/1594/679 598/1599/684 614/1600/685
f 620/1596/681 605/1598/683 606/1601/686
f 598/1599/684 599/1602/687 615/1603/688
f 620/1596/681 606/1601/686 607/1604/689
f 599/1602/687 600/1605/690 616/1606/691
f 621/1607/692 607/1604/689 608/1608/693
f 600/1605/690 601/1609/694 616/1606/691
f 621/1607/692 608/1608/693 609/1586/671
f 601/1609/694 602/1588/673 617/1590/675
f 638/1610/695 637/1611/696 648/1612/697
f 640/1613/698 639/1614/699 650/1615/700
f 631/1616/701 645/1617/701 618/1618/701
f 640/1613/698 650/1615/700 651/1619/702
f 639/1614/699 638/1610/695 649/1620/703
f 639/1614/699 649/1620/703 650/1615/700
f 633/1621/704 632/1622/705 646/1623/706
f 625/1624/707 651/1619/702 641/1625/708
f 634/1626/709 633/1621/704 646/1623/706
f 626/1627/710 641/1625/708 642/1628/711
f 635/1629/712 634/1626/709 647/1630/713
f 627/1631/714 642/1628/711 643/1632/715
f 636/1633/716 635/1629/712 647/1630/713
f 628/1634/717 643/1632/715 644/1635/718
f 637/1611/696 636/1633/716 648/1612/697
f 629/1636/710 644/1635/718 645/1617/719
f 568/1531/643 574/1542/642 573/1529/642
f 569/1532/642 578/1534/642 570/1541/642
f 566/1536/642 576/1538/642 575/1537/642
f 576/1538/642 579/1533/642 569/1532/642
f 567/1535/642 575/1537/642 574/1542/642
f 595/1543/644 586/1545/644 587/1555/644
f 583/1546/644 590/1557/644 582/1553/644
f 583/1546/644 589/1548/644 590/1557/644
f 581/1549/644 593/1551/644 580/1552/644
f 596/1544/644 585/1658/644 586/1545/644
f 596/1544/644 593/1551/644 585/1658/644
f 582/1553/644 592/1550/644 581/1549/644
f 595/1543/644 588/1556/644 594/1659/644
f 570/1562/744 587/1660/745 586/1581/666
f 566/1661/746 581/1662/747 580/1568/651
f 570/1562/744 588/1564/748 587/1660/745
f 567/1663/749 581/1662/749 566/1661/749
f 571/1664/750 594/1665/750 588/1666/750
f 567/1663/751 582/1667/751 581/1662/751
f 566/1661/746 580/1568/651 579/1561/648
f 574/1570/655 591/1668/752 590/1569/653
f 568/1571/656 582/1667/753 567/1663/754
f 568/1571/656 583/1573/658 582/1667/753
f 574/1570/655 592/1669/755 591/1668/752
f 572/1572/657 584/1670/756 583/1573/658
f 575/1671/757 592/1669/755 574/1570/655
f 575/1671/758 593/1576/758 592/1669/758
f 576/1574/759 593/1576/759 575/1671/759
f 570/1562/744 586/1581/666 569/1577/661
f 603/1589/760 618/1672/760 617/1590/760
f 612/1593/678 624/1595/680 623/1591/676
f 622/1585/670 611/1592/677 623/1591/676
f 619/1673/761 604/1597/682 620/1596/681
f 597/1594/679 613/1674/762 624/1595/680
f 597/1594/679 614/1600/685 613/1674/762
f 598/1599/684 615/1603/688 614/1600/685
f 620/1596/681 607/1604/689 621/1607/692
f 599/1602/687 616/1606/691 615/1603/688
f 621/1607/692 609/1586/671 622/1585/670
f 601/1609/694 617/1590/675 616/1606/691
f 630/1675/763 645/1617/719 631/1616/763
f 638/1610/695 648/1612/697 649/1620/703
f 640/1613/698 651/1619/702 625/1624/707
f 625/1624/707 641/1625/708 626/1627/710
f 634/1626/709 646/1623/706 647/1630/713
f 626/1627/710 642/1628/711 627/1631/714
f 627/1631/714 643/1632/715 628/1634/717
f 636/1633/716 647/1630/713 648/1612/697
f 628/1634/717 644/1635/718 629/1636/710
f 629/1636/710 645/1617/719 630/1675/763
usemtl MarbleCracking
f 615/1637/720 616/1638/721 643/1639/722
f 616/1638/721 644/1640/723 643/1639/722
f 616/1638/721 617/1641/724 644/1640/723
f 617/1641/725 645/1642/725 644/1640/725
f 619/1643/726 620/1644/726 646/1645/726
f 620/1644/727 647/1646/728 646/1645/729
f 620/1644/727 621/1647/730 647/1646/728
f 621/1647/730 648/1648/731 647/1646/728
f 622/1649/732 649/1650/733 648/1648/731
f 624/1651/734 651/1652/735 650/1653/736
f 613/1654/737 641/1655/738 651/1652/735
f 613/1654/739 614/1656/739 641/1655/739
f 615/1637/740 642/1657/741 641/1655/742
f 615/1637/720 643/1639/722 642/1657/743
f 618/1676/764 645/1642/764 617/1641/764
f 622/1649/732 648/1648/731 621/1647/730
f 624/1651/734 650/1653/736 623/1677/765
f 623/1677/765 649/1650/733 622/1649/732
f 623/1677/765 650/1653/736 649/1650/733
f 613/1654/737 651/1652/735 624/1651/734
f 615/1637/740 641/1655/742 614/1656/766
o BrokenPart.002
v -4.187439 10.019323 3.325835
v -4.601989 9.674696 2.905842
v -4.972138 8.789782 2.530833
v -5.056505 8.028930 2.445359
v -3.369264 10.071527 4.154751
v -3.021982 9.883902 4.506593
v -2.672775 9.314325 4.860385
v -2.461523 8.575873 5.074410
v -2.476700 8.029375 5.059034
v -5.123044 8.030684 2.377945
v -5.028357 8.861672 2.473876
v -4.713417 9.632747 2.792952
v -4.198302 10.150232 3.314829
v -2.595610 8.864282 4.938563
v -2.852288 9.508533 4.678516
v -4.051641 10.025978 3.187614
v -4.495315 9.612568 2.738116
v -4.799204 8.914971 2.430235
v -4.927759 8.040569 2.299993
v -3.235743 10.056552 4.014224
v -2.917893 9.919891 4.336247
v -2.431171 9.089503 4.829359
v -2.285441 8.029552 4.977003
v -4.991676 8.032959 2.235237
v -4.874060 8.908258 2.354397
v -4.604061 9.585948 2.627942
v -4.058366 10.158475 3.180801
v -2.352107 8.030005 4.909461
v -2.442122 8.819994 4.818264
v -2.775348 9.612570 4.480663
v -3.291826 10.136190 4.101060
v -3.145395 10.006186 4.346830
v -2.907631 9.754191 4.583576
v -2.708471 9.426309 4.785350
v -2.554946 9.037069 4.940891
v -2.453871 8.603511 5.043292
v -2.411688 8.179976 5.086030
v -5.094114 8.209540 2.368386
v -5.053701 8.603511 2.409329
v -4.952626 9.037070 2.511730
v -4.799103 9.426307 2.667270
v -4.599943 9.754190 2.869045
v -4.363963 10.006463 3.108123
v -4.122144 10.136152 3.259162
v -3.261698 10.336893 4.221621
v -2.887281 10.107896 4.604557
v -2.609764 10.315821 4.884672
v -2.386513 10.423092 5.110793
v -5.081652 10.501661 2.376916
v -4.873581 10.528659 2.588691
v -4.680927 10.400271 2.786998
v -4.415402 10.507913 3.056504
v -4.198936 10.539511 3.273493
v -3.051379 10.006208 4.253987
v -2.813684 9.754191 4.490847
v -2.614523 9.426306 4.692623
v -2.461000 9.037071 4.848161
v -2.359926 8.603514 4.950562
v -2.317732 8.179807 4.993310
v -4.999778 8.215744 2.276055
v -4.959754 8.603511 2.316600
v -4.858679 9.037070 2.419001
v -4.705156 9.426307 2.574541
v -4.505997 9.754190 2.776315
v -4.270016 10.006463 3.015394
v -3.206507 10.307970 4.103166
v -2.985031 10.223013 4.330856
v -2.795266 10.118954 4.509506
v -2.633417 10.263363 4.679888
v -2.397805 10.401847 4.912135
v -2.293056 10.402022 5.019526
v -4.985404 10.489538 2.289906
v -4.771162 10.502423 2.507085
v -4.372019 10.471011 2.920672
v -4.109516 10.498362 3.171798
vn -0.7117 -0.0000 0.7025
vn 0.7117 -0.0000 -0.7025
vn -0.5719 -0.6080 -0.5507
vn -0.4466 -0.7200 -0.5312
vn -0.6543 -0.3259 -0.6824
vn 0.4441 0.3643 0.8186
vn 0.3939 -0.0368 0.9184
vn 0.3806 -0.8629 0.3324
vn 0.4343 -0.7346 0.5212
vn 0.3637 -0.8589 0.3604
vn -0.0014 -1.0000 -0.0054
vn 0.4988 -0.6600 0.5617
vn -0.7275 0.1599 -0.6672
vn -0.6479 0.3185 -0.6919
vn -0.7151 0.1640 -0.6795
vn -0.4950 0.6979 -0.5177
vn -0.5446 0.6368 -0.5458
vn 0.6460 -0.2994 0.7022
vn 0.6599 -0.4225 0.6213
vn -0.4235 0.8168 -0.3919
vn -0.4158 0.8153 -0.4029
vn 0.2439 0.9514 0.1882
vn 0.1877 0.9315 0.3115
vn 0.2038 0.9388 0.2776
vn -0.7414 -0.1656 -0.6503
vn -0.7582 -0.1594 -0.6322
vn 0.0260 -0.9996 -0.0111
vn -0.0053 -0.9998 -0.0208
vn 0.0729 -0.9973 0.0034
vn 0.5957 0.6401 0.4851
vn 0.6522 0.6461 0.3965
vn 0.6343 0.6449 0.4262
vn 0.6937 0.1000 0.7133
vn 0.7097 0.0721 0.7008
vn 0.6999 0.0894 0.7086
vn -0.6366 -0.0418 0.7701
vn -0.6648 -0.0275 0.7465
vn -0.4779 -0.1219 0.8699
vn -0.7107 0.0002 0.7035
vn -0.7116 0.0004 0.7026
vn -0.7136 0.0016 0.7006
vn -0.7180 0.0013 0.6961
vn -0.7176 0.0013 0.6964
vn -0.8229 -0.0762 0.5630
vn -0.8813 -0.1390 0.4516
vn -0.7507 -0.0197 0.6604
vn -0.7145 0.0015 0.6996
vn -0.7105 -0.0009 0.7037
vn -0.7093 0.0025 0.7049
vn -0.7148 0.0015 0.6993
vn -0.7137 0.0014 0.7004
vn -0.7112 0.0003 0.7030
vn -0.7144 0.0005 0.6997
vn -0.7117 -0.0001 0.7024
vn -0.7113 0.0003 0.7029
vn -0.7099 -0.0001 0.7043
vn 0.8779 -0.1410 -0.4576
vn 0.7478 -0.0239 -0.6635
vn 0.7694 -0.0485 -0.6369
vn 0.7127 -0.0002 -0.7014
vn 0.7128 -0.0002 -0.7014
vn 0.7119 -0.0003 -0.7022
vn 0.6732 -0.0157 -0.7393
vn 0.4420 -0.2088 -0.8724
vn 0.5669 -0.1162 -0.8155
vn 0.7122 -0.0003 -0.7020
vn 0.7081 0.0334 -0.7053
vn 0.7152 0.0062 -0.6988
vn 0.7121 -0.0003 -0.7021
vn 0.7146 0.0016 -0.6995
vn 0.7125 0.0030 -0.7016
vn 0.7115 0.0016 -0.7027
vn 0.7078 0.0039 -0.7064
vn 0.7107 0.0013 -0.7035
vn 0.7056 0.0058 -0.7086
vn 0.7125 0.0003 -0.7017
vn 0.7155 -0.0003 -0.6986
vn -0.3793 0.9102 -0.1663
vn -0.2565 0.9601 -0.1111
vn -0.4452 0.8743 -0.1934
vn -0.1130 0.9886 -0.0993
vn 0.1132 0.9872 -0.1120
vn 0.2328 0.9723 -0.0205
vn 0.3908 0.8981 0.2018
vn 0.2290 0.9734 0.0003
vn 0.0477 0.9658 -0.2548
vn 0.1316 0.9538 -0.2702
vn 0.1275 0.9574 -0.2590
vn 0.3700 0.9285 0.0310
vn 0.2750 0.9272 0.2544
vn 0.3940 0.9182 -0.0406
vn -0.4423 0.8544 -0.2728
vn -0.4263 0.8483 -0.3140
vn -0.7904 0.3983 -0.4655
vn 0.7695 0.1243 0.6264
vn -0.6366 -0.3736 -0.6747
vn -0.4311 -0.8220 -0.3720
vn 0.8493 0.1856 0.4942
vn -0.4508 -0.8251 -0.3404
vn -0.6360 0.3705 -0.6769
vn 0.7247 -0.1633 0.6694
vn 0.7456 -0.1555 0.6480
vn 0.2615 0.9540 0.1468
vn 0.1049 -0.9944 0.0133
vn 0.5889 0.6390 0.4948
vn 0.6833 0.1173 0.7206
vn 0.7133 0.0004 -0.7008
vn 0.7134 0.0003 -0.7007
vn 0.7144 0.0032 -0.6998
vn 0.0504 0.9908 -0.1259
vn 0.0380 0.9946 -0.0965
vn -0.3719 0.8270 0.4217
vn -0.0113 0.9640 -0.2655
vn -0.0933 0.9529 -0.2887
vn 0.2258 0.9242 0.3080
vn 0.2125 0.9255 0.3134
vt 1.165208 -0.938506
vt 1.398175 -0.931712
vt 1.265272 -0.980469
vt -0.208328 -1.015585
vt -0.189399 -0.988200
vt 0.024798 -1.083602
vt 0.878668 -0.836116
vt 1.024563 -0.936545
vt 0.582733 -1.010395
vt 0.347240 -1.075877
vt 0.556030 -0.988073
vt 1.637110 -0.831160
vt 1.506441 -0.930769
vt 0.026622 -1.117968
vt 1.393571 -1.087204
vt 1.510161 -1.088154
vt 1.169404 -1.125137
vt -0.731566 -1.035017
vt -0.982957 -1.139402
vt -1.004237 -1.113399
vt -0.240325 -1.141149
vt -0.472436 -1.043592
vt -0.211861 -1.119905
vt 1.103791 -1.085305
vt 0.861478 -1.013149
vt -0.754884 -1.005862
vt 1.262874 1.641718
vt 1.307063 1.582711
vt 1.012333 1.582711
vt 1.160487 1.479457
vt 0.911648 1.479457
vt 1.077392 1.538465
vt 0.743835 1.479457
vt 0.744084 1.538464
vt -1.005179 -1.144027
vt -0.775861 -1.144027
vt -1.005174 -1.203035
vt 0.816696 1.240859
vt 0.757689 1.236485
vt 0.757689 1.269790
vt -0.750547 -1.203035
vt 0.665462 1.435283
vt 0.924001 1.435283
vt 0.665965 1.376275
vt 1.207717 1.435283
vt 1.187511 1.376275
vt -0.446253 -1.144027
vt -0.487781 -1.203035
vt 1.510452 1.435283
vt 1.512513 1.376275
vt 1.591666 1.479457
vt 1.407736 1.479457
vt 1.427858 1.538465
vt 0.767029 1.641718
vt 0.766550 1.582710
vt 0.810405 1.574643
vt 0.810405 1.541339
vt 0.751397 1.541339
vt 0.778979 1.335360
vt 0.719971 1.335360
vt 0.719971 1.370946
vt 0.059552 0.421072
vt 0.154422 0.905543
vt 0.402840 0.539653
vt 1.841888 2.292226
vt 1.939829 2.946054
vt 1.949423 0.176696
vt -1.041206 0.496266
vt -1.384405 3.445235
vt -1.228039 2.892091
vt 0.572184 0.240963
vt 0.404120 0.283285
vt 0.676466 0.523904
vt -0.969185 2.263004
vt 1.076896 0.797708
vt 1.140649 0.282090
vt -0.734953 0.469000
vt -0.633613 1.737626
vt 1.403578 1.240582
vt -0.432911 0.488878
vt -0.265124 1.309569
vt 1.666064 1.742082
vt 1.634404 0.219304
vt -0.061197 0.451204
vt 0.392712 0.309711
vt 0.139199 -0.094659
vt 0.060467 0.398052
vt -1.222080 -1.826405
vt -1.384992 -2.447027
vt -1.059021 0.333538
vt 0.656795 -0.114592
vt 0.414106 0.130981
vt 0.544348 0.179965
vt -0.992513 -1.325323
vt 0.775280 0.124614
vt 1.141447 0.069983
vt -0.680348 -0.879392
vt -0.718609 0.346285
vt -0.297900 -0.476677
vt 1.263371 -0.864446
vt 1.458024 0.099378
vt 1.805227 0.093450
vt -0.131651 0.355913
vt 1.439939 -1.354692
vt 1.939093 0.069783
vt -2.282549 -1.180891
vt -1.918469 -1.398205
vt -2.567240 -1.443086
vt -1.621628 -1.123019
vt -1.563612 -1.354132
vt -3.749362 0.335895
vt -3.213444 0.249797
vt -3.752604 0.088752
vt -2.516052 0.163869
vt -1.977659 0.279161
vt -1.952726 0.042737
vt -4.108731 -1.126148
vt -3.605893 -1.439302
vt -4.191355 -1.358519
vt -3.078674 -1.205179
vt -3.079459 -1.440522
vt -4.513033 -1.242626
vt -1.253721 0.318043
vt 0.306400 -1.125353
vt 1.638385 -0.990676
vt -0.509826 -1.000554
vt 0.881181 -0.986276
vt 1.027360 1.641718
vt 1.567296 1.641718
vt 1.571885 1.582711
vt 0.939808 1.376275
vt -0.213074 -1.203035
vt -0.209840 -1.144027
vt 1.591666 1.538464
vt 0.751397 1.574643
vt 0.778979 1.370946
vt 1.531952 -1.885242
vt 1.528678 -2.499368
vt 1.009667 -0.426050
vt -4.377640 0.388240
vt -4.497570 0.167691
vt -2.683111 -0.064145
s 1
usemtl MarbleBase
f 666/1678/767 665/1679/767 658/1680/767
f 661/1681/767 655/1682/767 654/1683/767
f 656/1684/767 666/1678/767 657/1685/767
f 664/1686/767 653/1687/767 652/1688/767
f 665/1679/767 660/1689/767 659/1690/767
f 662/1691/767 654/1683/767 653/1687/767
f 681/1692/768 672/1693/768 673/1694/768
f 669/1695/768 670/1696/768 675/1697/768
f 667/1698/768 668/1699/768 678/1700/768
f 680/1701/768 673/1694/768 674/1702/768
f 668/1699/768 669/1695/768 676/1703/768
f 666/1704/769 681/1705/770 680/1706/771
f 658/1707/772 659/1708/772 673/1709/772
f 659/1708/773 660/1710/773 674/1711/773
f 652/1712/774 653/1713/775 667/1714/776
f 660/1715/777 679/1716/777 674/1717/777
f 653/1713/775 668/1718/778 667/1714/776
f 661/1719/779 662/1720/780 675/1721/781
f 662/1720/780 663/1722/782 677/1723/783
f 653/1713/775 654/1724/784 669/1725/785
f 663/1722/782 664/1726/786 678/1727/787
f 656/1728/788 657/1729/789 672/1730/790
f 660/1731/791 680/1706/771 679/1732/792
f 655/1733/793 661/1734/794 675/1735/795
f 657/1729/796 658/1707/797 673/1709/798
f 652/1736/799 667/1737/800 678/1738/801
f 704/1739/802 694/1740/803 695/1741/804
f 687/1742/805 688/1743/805 699/1744/806
f 700/1745/807 689/1746/808 690/1747/809
f 696/1748/810 682/1749/811 683/1750/812
f 700/1745/807 690/1747/809 691/1751/813
f 683/1750/812 684/1752/814 697/1753/815
f 701/1754/816 691/1751/813 692/1755/817
f 697/1753/815 684/1752/814 685/1756/818
f 702/1757/819 692/1755/817 693/1758/820
f 685/1756/818 686/1759/818 698/1760/821
f 703/1761/822 693/1758/820 694/1740/803
f 686/1759/818 687/1742/805 699/1744/806
f 695/1762/823 716/1763/824 726/1764/825
f 712/1765/826 711/1766/827 723/1767/828
f 705/1768/829 682/1769/830 717/1770/831
f 713/1771/832 712/1765/826 723/1767/828
f 705/1768/829 718/1772/833 719/1773/834
f 714/1774/835 713/1771/832 724/1775/836
f 715/1776/837 714/1774/835 724/1775/836
f 707/1777/838 720/1778/839 721/1779/840
f 716/1763/824 715/1776/837 725/1780/841
f 708/1781/842 721/1779/840 722/1782/843
f 666/1678/767 658/1680/767 657/1685/767
f 661/1681/767 654/1683/767 662/1691/767
f 663/1801/767 653/1687/767 664/1686/767
f 665/1679/767 659/1690/767 658/1680/767
f 662/1691/767 653/1687/767 663/1801/767
f 681/1692/768 673/1694/768 680/1701/768
f 669/1695/768 675/1697/768 676/1703/768
f 671/1802/768 672/1693/768 681/1692/768
f 668/1699/768 677/1803/768 678/1700/768
f 680/1701/768 674/1702/768 679/1804/768
f 668/1699/768 676/1703/768 677/1803/768
f 666/1704/769 680/1706/771 665/1805/862
f 656/1806/863 681/1705/770 666/1704/769
f 659/1708/864 674/1711/864 673/1709/864
f 656/1806/863 671/1807/865 681/1705/770
f 662/1720/780 676/1808/866 675/1721/781
f 662/1720/780 677/1723/783 676/1808/866
f 653/1713/775 669/1725/785 668/1718/778
f 654/1724/784 670/1809/867 669/1725/785
f 663/1722/782 678/1727/787 677/1723/783
f 655/1810/868 670/1809/867 654/1724/784
f 656/1728/788 672/1730/790 671/1811/869
f 655/1733/793 675/1735/795 670/1812/870
f 665/1805/862 680/1706/771 660/1731/791
f 657/1729/796 673/1709/798 672/1730/871
f 652/1736/799 678/1738/801 664/1813/872
f 683/1750/812 697/1753/815 696/1748/810
f 700/1745/807 691/1751/813 701/1754/816
f 697/1753/815 685/1756/818 698/1760/821
f 701/1754/816 692/1755/817 702/1757/819
f 702/1757/819 693/1758/820 703/1761/822
f 686/1759/818 699/1744/806 698/1760/821
f 703/1761/822 694/1740/803 704/1739/802
f 709/1814/873 722/1782/843 710/1815/874
f 705/1768/829 717/1770/831 718/1772/833
f 713/1771/832 723/1767/828 724/1775/836
f 705/1768/829 719/1773/834 706/1816/875
f 706/1816/875 719/1773/834 720/1778/839
f 706/1816/875 720/1778/839 707/1777/838
f 715/1776/837 724/1775/836 725/1780/841
f 707/1777/838 721/1779/840 708/1781/842
f 708/1781/842 722/1782/843 709/1814/873
f 716/1763/824 725/1780/841 726/1764/825
usemtl MarbleCracking
f 698/1783/844 721/1784/845 720/1785/846
f 699/1786/847 722/1787/848 721/1784/845
f 701/1788/849 702/1789/850 724/1790/851
f 703/1791/852 704/1792/853 726/1793/854
f 696/1794/855 718/1795/856 717/1796/857
f 697/1797/858 720/1785/846 719/1798/859
f 682/1799/860 696/1794/860 717/1796/860
f 726/1793/861 704/1792/861 695/1800/861
f 699/1786/847 721/1784/845 698/1783/844
f 700/1817/876 724/1790/851 723/1818/877
f 701/1788/849 724/1790/851 700/1817/876
f 702/1789/878 725/1819/878 724/1790/878
f 703/1791/852 725/1819/879 702/1789/880
f 703/1791/852 726/1793/854 725/1819/879
f 697/1797/881 718/1795/856 696/1794/855
f 697/1797/881 719/1798/882 718/1795/856
f 698/1783/844 720/1785/846 697/1797/858
o BrokenPart
v -4.158857 10.152173 -3.345610
v -4.703353 9.585948 -2.809296
v -4.977180 8.908260 -2.539583
v -5.096464 8.032959 -2.422092
v -5.022305 8.030005 -2.495136
v -4.931014 8.819995 -2.585056
v -4.627367 9.553023 -2.884140
v -4.128814 10.046994 -3.375202
v -3.994615 10.071527 -3.235439
v -4.282757 9.941196 -2.951626
v -4.648334 9.434593 -2.591543
v -4.879865 8.744984 -2.363490
v -4.932881 8.030755 -2.311271
v -4.843301 8.578222 -2.399504
v -4.569316 9.432679 -2.669372
v -4.122831 10.137085 -3.343679
v -4.331292 10.003222 -3.152030
v -4.559880 9.754191 -2.912287
v -4.761863 9.426308 -2.713338
v -4.917564 9.037069 -2.559976
v -5.020071 8.603509 -2.459008
v -5.062826 8.180444 -2.416898
v -4.505862 10.047729 -2.967897
v -4.759151 10.302279 -2.717184
v -4.933623 10.445174 -2.537149
v -5.085771 10.480352 -2.390862
v -4.023667 10.139104 -3.244848
v -4.147253 10.062098 -3.123317
v -4.290655 9.947699 -2.992184
v -4.467251 9.754189 -2.818241
v -4.669233 9.426307 -2.619294
v -4.824933 9.037072 -2.465934
v -4.927441 8.603515 -2.364967
v -4.970207 8.180255 -2.322844
v -4.483492 10.116257 -2.798904
v -4.792839 10.351989 -2.500526
v -4.916527 10.509996 -2.375038
v -4.995623 10.458166 -2.297634
vn -0.7017 -0.0000 -0.7124
vn 0.7017 -0.0000 0.7124
vn 0.5978 -0.3662 -0.7131
vn 0.4739 -0.7171 -0.5111
vn 0.6167 -0.5823 -0.5297
vn -0.5051 0.6718 0.5419
vn -0.6456 0.3710 0.6675
vn -0.6190 0.5466 0.5639
vn -0.5987 0.1169 0.7924
vn -0.7109 0.2471 0.6584
vn 0.4856 -0.8120 -0.3238
vn 0.4666 -0.8100 -0.3551
vn -0.0242 -0.9996 0.0158
vn 0.0942 0.8650 0.4928
vn 0.8642 -0.2018 -0.4609
vn 0.7574 -0.2204 -0.6147
vn 0.8791 -0.2126 -0.4267
vn -0.5793 0.7803 0.2357
vn -0.5606 0.7777 0.2846
vn 0.6361 0.3719 -0.6761
vn -0.7065 0.0010 -0.7077
vn -0.7253 0.0031 -0.6884
vn -0.7009 -0.0010 -0.7132
vn -0.7061 0.0034 -0.7081
vn -0.7042 0.0011 -0.7100
vn 0.7052 -0.0062 0.7090
vn 0.6912 -0.0076 0.7226
vn 0.7129 0.0011 0.7013
vn 0.6995 -0.0002 0.7146
vn 0.5671 0.8176 -0.0994
vn 0.5785 0.7345 -0.3547
vn -0.1288 0.9254 -0.3565
vn -0.1943 0.8953 0.4009
vn 0.2765 0.6594 0.6991
vn -0.1875 0.9187 -0.3477
vn 0.5335 0.8387 -0.1095
vn -0.5570 0.1016 0.8243
vn -0.7088 0.1053 -0.6975
vn -0.7057 -0.0044 -0.7085
vn -0.7184 -0.0008 -0.6956
vn -0.6926 0.0038 -0.7213
vn 0.7020 -0.0000 0.7122
vn 0.6907 -0.0379 0.7222
vn 0.7002 0.0019 0.7140
vn 0.6995 0.0017 0.7146
vn 0.7023 -0.0003 0.7119
vn -0.1259 0.9863 0.1062
vn 0.4341 0.8134 -0.3873
vt 0.485813 0.735728
vt 0.506428 0.092626
vt 0.420488 0.121403
vt 0.731642 1.338026
vt 0.404140 0.713580
vt 0.732119 -0.474993
vt 0.669888 -0.511941
vt 0.278178 0.613422
vt 0.245023 1.106136
vt 0.364656 0.571050
vt 0.195769 -0.091278
vt 0.302686 -0.006293
vt 0.065831 -0.502496
vt -0.127982 0.101995
vt -0.127983 0.753208
vt 0.020780 0.629805
vt -0.128573 0.771416
vt -0.128573 0.173461
vt -0.277335 0.627160
vt -0.128573 -0.511616
vt -0.277335 0.041604
vt -0.127982 1.412040
vt 0.020780 1.403653
vt 0.805896 -0.365029
vt 0.733410 -0.365029
vt 0.785080 -0.216267
vt -0.128573 1.503201
vt -0.277335 1.181004
vt -0.277335 1.514381
vt -0.127983 -0.512957
vt 0.020780 -0.090041
vt 0.020780 -0.514381
vt 0.804279 -0.049453
vt 0.480267 -0.049453
vt 0.717767 0.528827
vt 0.407659 2.511178
vt 0.366799 3.279025
vt 0.954921 0.349685
vt -0.025500 0.418589
vt -0.367020 0.542177
vt -0.025533 0.842531
vt 0.500338 0.368159
vt 0.190076 1.347964
vt 0.340469 1.904838
vt 0.751035 0.347136
vt -0.048432 -0.219791
vt -0.276362 0.053366
vt 0.154123 0.200238
vt 0.658410 0.217624
vt 0.260279 -1.204870
vt 0.843684 0.267874
vt 0.295518 -1.773779
vt 0.956460 0.239466
vt -2.568536 -0.320099
vt -2.004230 -0.220532
vt -2.191915 -0.528287
vt -1.736698 -0.441921
vt -1.493554 -0.102640
vt -1.439793 -0.351612
vt -3.410644 -0.271768
vt -3.937500 -0.461910
vt -4.518244 -0.343998
vt -3.191594 -0.548430
vt 0.665310 1.386549
vt 0.041920 1.348297
vt -0.277335 -0.512883
vt -0.677987 0.414606
vt 0.231100 -2.291961
vt -0.507039 0.183095
vt 0.146853 -0.691257
vt -4.470727 -0.096364
s 1
usemtl MarbleBase
f 733/1820/883 732/1821/883 729/1822/883
f 734/1823/883 733/1820/883 728/1824/883
f 732/1821/883 731/1825/883 730/1826/883
f 741/1827/884 736/1828/884 737/1829/884
f 740/1830/884 738/1831/884 739/1832/884
f 741/1827/884 737/1829/884 738/1831/884
f 732/1833/885 733/1834/886 741/1835/887
f 728/1836/888 729/1837/889 737/1838/890
f 729/1837/889 730/1839/891 738/1840/892
f 733/1834/886 734/1841/893 735/1842/894
f 730/1843/895 731/1844/895 739/1845/895
f 727/1846/896 736/1847/896 735/1848/896
f 731/1849/897 740/1850/898 739/1851/899
f 731/1849/897 732/1833/885 740/1850/898
f 727/1846/900 728/1836/888 736/1847/901
f 728/1836/888 737/1838/890 736/1847/901
f 747/1855/903 748/1856/903 752/1857/903
f 749/1858/904 743/1859/904 744/1860/904
f 750/1861/905 744/1860/905 745/1862/905
f 745/1862/906 746/1863/906 751/1864/906
f 746/1863/907 747/1855/907 752/1857/907
f 756/1865/908 755/1866/908 761/1867/908
f 756/1865/909 761/1867/909 762/1868/909
f 758/1869/910 762/1868/910 763/1870/910
f 759/1871/911 763/1870/911 764/1872/911
f 733/1820/883 729/1822/883 728/1824/883
f 734/1823/883 728/1824/883 727/1883/883
f 732/1821/883 730/1826/883 729/1822/883
f 735/1884/884 736/1828/884 741/1827/884
f 741/1827/884 738/1831/884 740/1830/884
f 729/1837/889 738/1840/892 737/1838/890
f 733/1834/886 735/1842/894 741/1835/887
f 730/1839/891 739/1885/919 738/1840/892
f 732/1833/885 741/1835/887 740/1850/898
f 742/1886/920 743/1859/920 749/1858/920
f 749/1858/921 744/1860/921 750/1861/921
f 745/1862/922 751/1864/922 750/1861/922
f 746/1863/923 752/1857/923 751/1864/923
f 759/1871/924 764/1872/924 760/1887/924
f 755/1866/925 754/1888/925 761/1867/925
f 756/1865/926 762/1868/926 757/1889/926
f 757/1889/927 762/1868/927 758/1869/927
f 758/1869/928 763/1870/928 759/1871/928
usemtl MarbleCracking
f 734/1852/902 727/1853/902 735/1854/902
f 750/1873/912 751/1874/912 762/1875/912
f 751/1874/913 763/1876/913 762/1875/913
f 751/1874/914 752/1877/914 763/1876/914
f 752/1877/915 764/1878/915 763/1876/915
f 749/1879/916 754/1880/916 753/1881/916
f 749/1879/917 761/1882/917 754/1880/917
f 750/1873/918 762/1875/918 761/1882/918
f 749/1879/929 753/1881/929 742/1890/929
f 750/1873/930 761/1882/930 749/1879/930
o BrokenPart.004
v 3.336504 10.023462 4.171503
v 3.051318 9.798615 4.457322
v 2.733125 9.341288 4.776220
v 2.492530 8.548173 5.017349
v 4.560108 9.821354 2.945183
v 4.822619 9.434363 2.682089
v 5.079007 8.639874 2.425133
v 5.122462 8.028359 2.381581
v 2.416445 8.028172 5.093603
v 2.437463 8.639871 5.072539
v 2.693851 9.434362 4.815582
v 3.004521 9.878990 4.504222
v 3.335302 10.145342 4.172708
v 5.066665 8.036471 2.437502
v 4.893548 9.098985 2.611004
v 4.523457 9.735641 2.981916
v 3.199555 10.026706 4.034455
v 2.802511 9.677113 4.432380
v 2.539110 9.194202 4.696365
v 2.365480 8.609136 4.870380
v 4.427874 9.826953 2.803410
v 4.689936 9.410035 2.540766
v 4.901191 8.829726 2.329042
v 4.991160 8.030725 2.238873
v 2.301732 8.027984 4.934269
v 2.289688 8.575745 4.946341
v 2.504062 9.314175 4.731491
v 2.858406 9.883719 4.376360
v 3.199515 10.136150 4.034494
v 4.923624 8.028950 2.306559
v 4.832235 8.819834 2.398151
v 4.629105 9.356196 2.601733
v 4.387365 9.738647 2.844008
v 4.540778 9.821354 2.925897
v 4.803290 9.434362 2.662802
v 5.085780 8.517581 2.379699
v 2.388390 8.431373 5.082879
v 2.555048 9.141829 4.916034
v 2.823461 9.684597 4.647026
v 3.313272 10.158156 4.155696
v 4.620045 9.939210 2.848925
v 4.967672 9.592592 2.497182
v 5.111449 9.621874 2.350314
v 2.401585 10.406163 5.069489
v 2.473678 10.383769 4.998098
v 2.602028 10.501544 4.864479
v 2.899842 10.326591 4.572538
v 3.084831 10.471902 4.385193
v 4.452207 9.827155 2.827803
v 4.794621 9.245591 2.484604
v 4.996038 8.428300 2.282740
v 2.296175 8.420434 4.988595
v 2.519403 9.321371 4.764872
v 2.891749 9.878990 4.391700
v 4.540968 9.961168 2.741743
v 4.838212 9.618396 2.439017
v 5.025813 9.627531 2.251515
v 2.306094 10.363163 4.976248
v 2.541037 10.447564 4.739892
v 2.692407 10.329705 4.592119
v 2.960339 10.404634 4.320239
v 3.224563 10.152285 4.058461
vn 0.7079 -0.0000 0.7063
vn -0.7079 -0.0000 -0.7063
vn -0.5816 -0.4630 0.6689
vn -0.6286 -0.6298 0.4563
vn -0.7597 -0.2660 0.5934
vn 0.5651 0.5737 -0.5929
vn 0.6966 0.3571 -0.6222
vn 0.5553 0.5574 -0.6173
vn -0.5565 -0.6354 0.5353
vn -0.5717 -0.6396 0.5138
vn -0.0282 -0.9974 0.0670
vn -0.0417 -0.9938 0.1026
vn -0.0067 -0.9999 0.0098
vn -0.7823 -0.0136 0.6227
vn -0.6802 0.2550 0.6873
vn -0.7018 0.1743 0.6907
vn 0.4228 -0.8202 -0.3854
vn 0.4495 -0.7308 -0.5137
vn 0.3620 -0.8675 -0.3410
vn 0.6095 -0.5664 -0.5548
vn -0.5941 0.5962 0.5399
vn -0.6040 0.4912 0.6277
vn 0.6878 -0.2576 -0.6787
vn 0.6549 -0.2994 -0.6939
vn 0.7952 -0.2003 -0.5723
vn 0.7789 -0.1903 -0.5976
vn -0.6894 -0.1709 0.7039
vn -0.6618 -0.1613 0.7322
vn 0.5414 0.6919 -0.4776
vn 0.5295 0.6864 -0.4984
vn 0.7094 0.0095 -0.7047
vn 0.7075 0.0140 -0.7066
vn 0.7113 0.0053 -0.7029
vn -0.6028 0.5366 0.5905
vn -0.6032 0.5179 0.6066
vn -0.6031 0.5264 0.5994
vn 0.7127 0.0008 0.7015
vn 0.7073 -0.0002 0.7069
vn 0.7082 0.0003 0.7061
vn 0.7023 -0.0075 0.7118
vn 0.7105 -0.0010 0.7037
vn 0.7046 -0.0058 0.7095
vn 0.7101 0.0009 0.7041
vn 0.7055 0.0009 0.7087
vn 0.7114 0.0022 0.7028
vn 0.7122 -0.0007 0.7020
vn 0.7054 -0.0006 0.7088
vn 0.7099 -0.0007 0.7043
vn -0.7063 -0.0009 -0.7079
vn -0.7061 -0.0009 -0.7081
vn -0.7084 -0.0018 -0.7058
vn -0.7074 0.0082 -0.7068
vn -0.7061 0.0130 -0.7080
vn -0.7084 -0.0021 -0.7058
vn -0.7085 -0.0013 -0.7057
vn -0.7052 -0.0018 -0.7090
vn -0.7092 -0.0018 -0.7050
vn -0.7080 -0.0025 -0.7062
vn -0.7089 -0.0034 -0.7053
vn -0.7058 -0.0042 -0.7084
vn 0.0252 0.9929 0.1165
vn 0.0046 0.9986 0.0532
vn 0.0472 0.9818 0.1839
vn 0.7499 -0.0358 -0.6606
vn 0.7497 -0.0358 -0.6609
vn 0.7538 -0.0350 -0.6561
vn 0.7008 -0.3293 -0.6328
vn 0.6936 -0.3308 -0.6400
vn 0.4618 -0.5136 -0.7231
vn -0.7148 0.0082 0.6993
vn -0.7008 0.0095 0.7133
vn -0.7013 0.0095 0.7128
vn 0.3723 -0.5534 -0.7451
vn 0.7100 -0.3657 -0.6018
vn -0.1454 0.9687 0.2014
vn -0.6716 0.7408 0.0078
vn 0.6130 -0.6990 -0.3682
vn 0.6690 -0.6667 -0.3286
vn 0.3025 -0.8037 -0.5124
vn 0.1128 0.8568 -0.5031
vn 0.0046 0.8464 -0.5325
vn 0.2062 0.8570 -0.4723
vn 0.3731 -0.8592 -0.3500
vn 0.3978 -0.8633 -0.3107
vn 0.0430 0.9515 0.3046
vn -0.5244 0.8408 0.1343
vn -0.0174 0.7110 -0.7030
vn -0.5533 -0.3314 0.7642
vn -0.8055 -0.3868 0.4490
vn -0.7919 -0.3850 0.4740
vn 0.5576 0.7713 -0.3069
vn 0.3635 0.8176 -0.4464
vn 0.3930 0.8139 -0.4279
vn -0.5268 -0.3239 0.7859
vn -0.5193 0.6804 0.5171
vn -0.5183 0.6780 0.5213
vn -0.5198 0.6814 0.5154
vn 0.6511 0.2174 -0.7272
vn 0.7077 0.1113 -0.6977
vn 0.7330 0.1000 -0.6728
vn 0.0050 -0.9998 -0.0212
vn -0.8112 -0.0307 0.5840
vn 0.3338 -0.8736 -0.3542
vn 0.6103 -0.4517 -0.6508
vn -0.4109 0.7903 0.4545
vn -0.3854 0.7943 0.4697
vn -0.3494 0.8823 0.3152
vn -0.3598 0.8853 0.2946
vn 0.7133 0.0005 -0.7008
vn -0.6025 0.5446 0.5834
vn 0.7037 0.0001 0.7105
vn 0.7142 -0.0093 0.6999
vn 0.7105 0.0026 0.7037
vn -0.7046 -0.0022 -0.7096
vn -0.7094 -0.0007 -0.7048
vn 0.0733 0.9619 0.2635
vn 0.7542 -0.0350 -0.6557
vn -0.7154 0.0081 0.6987
vn -0.0675 0.9305 -0.3600
vn -0.0386 0.8393 -0.5423
vn 0.4919 0.7182 -0.4922
vn -0.5563 -0.6911 0.4614
vn -0.5317 -0.6846 0.4986
vn -0.3977 -0.6341 0.6631
vn -0.3798 -0.6257 0.6813
vn 0.5894 0.7580 -0.2795
vn -0.5209 0.6839 0.5108
vt 1.030013 -0.718126
vt 1.023170 -0.679796
vt 1.288016 -0.723077
vt 1.256333 -0.200759
vt 1.513207 -0.262499
vt 1.406928 -0.285420
vt 1.500056 -0.716017
vt 1.493629 -0.682359
vt 1.632705 -0.607383
vt 1.299604 -0.756296
vt 1.841137 -0.201556
vt 1.679211 -0.287944
vt 1.684423 -0.149794
vt 1.685228 -0.184065
vt 1.480333 -0.190840
vt 1.234354 -0.484871
vt 1.041193 -0.525331
vt 1.011054 -0.500874
vt 1.843288 -0.094290
vt 1.858129 -0.124553
vt 1.633159 -0.604804
vt 1.430221 -0.511612
vt 1.496921 -0.498652
vt 1.493419 -0.158182
vt 1.241370 -0.124627
vt 1.254294 -0.452495
vt 1.508563 -0.366415
vt 1.409549 -0.306996
vt 1.602151 -0.306996
vt 1.326452 -1.204218
vt 1.111901 -1.144799
vt 1.318393 -1.144799
vt 1.241067 -0.366415
vt 1.240752 -0.306996
vt 0.738155 1.486978
vt 0.738155 1.453295
vt 0.678736 1.453295
vt 0.570197 1.332238
vt 0.759471 1.332238
vt 0.739131 1.272819
vt 1.019746 -0.764845
vt 1.085808 -0.824264
vt 0.860731 -0.824264
vt 1.231012 -0.764845
vt 1.035358 1.332238
vt 0.989767 1.272819
vt 1.503107 -0.764845
vt 1.483771 -0.824264
vt 1.663705 -0.764845
vt 1.663705 -0.824264
vt 1.847810 -0.366415
vt 1.849940 -0.306997
vt 1.502266 -1.204218
vt 1.501838 -1.144799
vt 1.200787 2.147674
vt 1.200787 1.699142
vt 0.457034 1.699142
vt 0.149412 0.881496
vt 0.893163 0.881496
vt 0.893163 0.459334
vt 0.280693 0.471580
vt -0.064797 -0.068081
vt 0.003729 0.169671
vt 0.821560 0.513933
vt 0.880084 0.691657
vt 0.875959 0.498690
vt 0.246230 0.535006
vt -0.009009 0.396827
vt 0.870520 1.022516
vt 1.061471 0.706581
vt 0.091769 0.593256
vt -0.124228 0.673215
vt 0.432334 0.267576
vt 0.351927 0.567115
vt 0.762023 0.068166
vt 0.821718 0.477076
vt 0.880727 0.492343
vt 0.982879 0.325896
vt 0.406898 0.003361
vt 0.587534 -0.047784
vt 0.892248 0.224707
vt 1.065776 0.282676
vt 0.492730 -0.155609
vt 0.326130 -0.173898
vt -2.451671 -1.740743
vt -2.451001 -1.471892
vt -1.917720 -1.504327
vt 1.115907 -0.183446
vt 1.072595 -0.183446
vt 1.072595 0.334669
vt -0.173014 0.599010
vt -0.129702 0.602518
vt -0.129702 0.281870
vt 0.814007 0.602195
vt 0.815664 -0.169502
vt 0.772152 -0.158849
vt -0.173015 0.120066
vt -0.173014 0.349304
vt -4.438566 -1.484028
vt -3.962499 -1.762642
vt -4.516807 -1.750846
vt -4.007811 -1.477886
vt -0.129702 0.013515
vt -3.402077 -1.784035
vt -0.173015 -0.182069
vt -0.129702 -0.181997
vt -3.087512 -1.509297
vt -2.603486 -1.760745
vt -2.517295 -1.480241
vt -0.746250 -1.483221
vt 0.200589 -1.766866
vt -0.746550 -1.767028
vt 1.116254 1.022523
vt 1.116254 0.685754
vt 1.072942 0.762218
vt -0.802421 -1.745168
vt -2.024601 -1.779925
vt 1.072942 1.051938
vt -0.554850 0.432903
vt -0.537604 0.165362
vt -0.878774 0.165774
vt 1.240814 -0.230719
vt 0.867772 -0.625688
vt 1.662041 -0.628371
vt 1.858520 -0.230719
vt 0.874274 -0.595354
vt 1.661481 -0.583147
vt 1.256225 -0.094414
vt 1.050563 -1.204218
vt 0.861879 -1.144799
vt 0.861270 -1.204218
vt 0.678736 1.486978
vt 0.570198 1.272819
vt 0.861273 -0.764845
vt 1.284929 -0.824264
vt 1.239330 1.272819
vt 1.241268 1.332238
vt 1.426033 1.332238
vt 1.425362 1.272819
vt 0.457034 2.147674
vt 0.149412 0.459334
vt 0.321199 0.454682
vt 0.988304 0.686045
vt 0.036344 0.683750
vt 0.677139 -0.024680
vt 0.866342 -0.060230
vt 1.115908 0.341833
vt 0.770695 0.602112
vt -0.941123 0.125413
vt -1.213198 0.386963
vt -0.915163 0.389847
vt 0.187550 -1.499447
vt 1.116254 0.497652
vt 1.072942 0.498040
vt -0.812268 -1.476808
vt -0.878774 0.432903
s 1
usemtl MarbleBase
f 774/1891/931 768/1892/931 767/1893/931
f 780/1894/931 779/1895/931 770/1896/931
f 776/1897/931 766/1898/931 765/1899/931
f 775/1900/931 767/1893/931 766/1898/931
f 779/1895/931 778/1901/931 771/1902/931
f 796/1903/932 786/1904/932 787/1905/932
f 783/1906/932 784/1907/932 790/1908/932
f 797/1909/932 785/1910/932 786/1904/932
f 781/1911/932 782/1912/932 792/1913/932
f 795/1914/932 787/1905/932 788/1915/932
f 782/1912/932 783/1906/932 791/1916/932
f 779/1917/933 796/1918/934 795/1919/935
f 770/1920/936 787/1921/937 786/1922/938
f 779/1917/933 780/1923/939 797/1924/940
f 772/1925/941 778/1926/942 794/1927/943
f 773/1928/944 774/1929/945 790/1930/946
f 766/1931/947 782/1932/948 781/1933/949
f 766/1931/947 767/1934/950 782/1932/948
f 774/1929/945 775/1935/951 791/1936/952
f 767/1934/950 768/1937/953 784/1938/954
f 768/1937/953 773/1939/955 789/1940/956
f 778/1941/957 795/1919/935 794/1942/958
f 769/1943/959 770/1920/936 785/1944/960
f 770/1920/936 786/1922/938 785/1944/960
f 809/1951/967 801/1952/968 802/1953/969
f 798/1954/970 799/1955/971 805/1956/972
f 810/1957/973 802/1953/969 803/1958/974
f 799/1955/971 800/1959/975 807/1960/976
f 811/1961/977 803/1958/974 804/1962/978
f 817/1963/979 816/1964/980 822/1965/981
f 813/1966/982 819/1967/983 820/1968/984
f 818/1969/985 817/1963/979 824/1970/986
f 814/1971/987 820/1968/984 821/1972/988
f 818/1969/985 825/1973/989 826/1974/990
f 800/1978/994 815/1979/995 821/1980/996
f 801/1981/997 816/1982/998 817/1983/999
f 801/1984/1000 808/1985/1001 822/1986/1002
f 803/1987/1003 802/1988/1004 817/1983/999
f 803/1987/1007 817/1983/1008 818/1993/1009
f 804/1995/1013 818/1993/1009 826/1996/1014
f 800/2003/1018 799/2004/1019 814/2005/1020
f 800/2003/1018 814/2005/1020 815/2008/1024
f 774/1891/931 767/1893/931 775/1900/931
f 780/1894/931 770/1896/931 769/2012/931
f 773/2013/931 768/1892/931 774/1891/931
f 776/1897/931 765/1899/931 777/2014/931
f 778/1901/931 772/2015/931 771/1902/931
f 775/1900/931 766/1898/931 776/1897/931
f 779/1895/931 771/1902/931 770/1896/931
f 796/1903/932 787/1905/932 795/1914/932
f 783/1906/932 790/1908/932 791/1916/932
f 797/1909/932 786/1904/932 796/1903/932
f 784/1907/932 789/2016/932 790/1908/932
f 781/1911/932 792/1913/932 793/2017/932
f 795/1914/932 788/1915/932 794/2018/932
f 782/1912/932 791/1916/932 792/1913/932
f 771/2019/1028 787/1921/937 770/1920/936
f 779/1917/933 797/1924/940 796/1918/934
f 771/2019/1028 788/2020/1029 787/1921/937
f 772/2021/1030 788/2020/1029 771/2019/1028
f 772/1925/941 794/1927/943 788/2022/1031
f 773/1928/944 790/1930/946 789/2023/1032
f 766/1931/947 781/1933/949 765/2024/1033
f 774/1929/945 791/1936/952 790/1930/946
f 767/1934/950 783/2025/1034 782/1932/948
f 767/1934/950 784/1938/954 783/2025/1034
f 775/1935/951 792/2026/1035 791/1936/952
f 776/2027/1036 792/2026/1035 775/1935/951
f 777/2028/1037 792/2026/1035 776/2027/1036
f 768/1937/953 789/1940/956 784/1938/954
f 777/2028/1037 793/2029/1038 792/2026/1035
f 779/1917/933 795/1919/935 778/1941/957
f 808/2032/1041 801/1952/968 809/1951/967
f 809/1951/967 802/1953/969 810/1957/973
f 799/1955/971 806/2033/1042 805/1956/972
f 810/1957/973 803/1958/974 811/1961/977
f 799/1955/971 807/1960/976 806/2033/1042
f 811/1961/977 804/1962/978 812/2034/1043
f 817/1963/979 822/1965/981 823/2035/1044
f 813/1966/982 820/1968/984 814/1971/987
f 817/1963/979 823/2035/1044 824/1970/986
f 818/1969/985 824/1970/986 825/1973/989
f 814/1971/987 821/1972/988 815/2036/1045
f 800/1978/994 821/1980/996 807/2037/1047
f 801/1981/997 817/1983/999 802/1988/1004
f 801/1984/1000 822/1986/1002 816/2038/1048
f 803/1987/1007 818/1993/1009 804/1995/1013
f 798/2043/1052 813/2044/1053 799/2004/1054
f 799/2004/1054 813/2044/1053 814/2005/1055
usemtl MarbleCracking
f 777/1945/961 765/1946/962 781/1947/963
f 797/1948/964 780/1949/965 769/1950/966
f 807/1975/991 821/1976/992 820/1977/993
f 809/1989/1005 823/1990/1005 822/1991/1005
f 809/1989/1006 810/1992/1006 823/1990/1006
f 810/1992/1010 824/1994/1011 823/1990/1012
f 811/1997/1015 825/1998/1015 824/1994/1015
f 811/1997/1016 812/1999/1016 825/1998/1016
f 812/2000/1017 826/2001/1017 825/2002/1017
f 805/2006/1021 806/2007/1022 820/1977/1023
f 805/2009/1025 819/2010/1026 813/2011/1027
f 777/1945/961 781/1947/963 793/2030/1039
f 797/1948/964 769/1950/966 785/2031/1040
f 807/1975/991 820/1977/993 806/2007/1046
f 809/2039/1049 822/2040/1049 808/2041/1049
f 811/1997/1050 824/1994/1011 810/1992/1010
f 804/2042/1051 826/2001/1051 812/2000/1051
f 805/2006/1021 820/1977/1023 819/2045/1056
f 805/2009/1025 813/2011/1027 798/2046/1057
o BrokenPart.007
v 1.813439 9.177319 -5.179015
v 2.099967 8.546205 -5.179681
v 2.284290 8.045925 -5.180110
v 1.911096 9.285011 -5.179242
v 1.348364 9.712512 -5.177935
v 1.348552 9.682899 -4.984189
v 1.737787 9.292906 -4.985093
v 2.084084 8.607162 -4.985898
v 2.150464 8.027796 -5.082926
v 2.269585 8.029934 -4.986329
v 2.046166 9.048627 -4.985810
v 1.350526 9.829971 -4.984194
v 2.254531 8.199312 -5.152735
v 2.211222 8.489146 -5.152633
v 2.115273 8.823681 -5.152411
v 1.904641 9.237071 -5.151920
v 1.612666 9.597631 -5.151243
v 1.346232 9.821354 -5.084622
v 2.260093 10.559647 -5.152874
v 1.994983 10.543887 -5.150257
v 1.825638 10.437920 -5.151276
v 2.254838 8.199312 -5.020733
v 2.211529 8.489146 -5.020632
v 2.115580 8.823681 -5.020409
v 1.904948 9.237071 -5.019919
v 1.612973 9.597631 -5.019241
v 2.260969 10.546725 -5.019633
v 2.001692 10.546104 -5.021568
v 1.820170 10.475422 -5.017263
v 1.356643 10.584127 -5.126245
vn -0.0023 -0.0000 -1.0000
vn -0.5569 -0.2045 -0.8050
vn 0.0023 -0.0000 1.0000
vn -0.6152 -0.1983 0.7630
vn 0.9739 0.2225 0.0452
vn 0.9227 0.2721 -0.2732
vn 0.9727 0.2133 0.0914
vn 0.9130 0.2752 -0.3012
vn -0.8582 -0.5131 -0.0133
vn -0.9708 -0.2399 -0.0041
vn -0.9514 -0.3078 0.0038
vn 0.5426 0.7156 -0.4399
vn 0.0795 -0.9939 -0.0760
vn -0.0027 -0.0001 -1.0000
vn -0.0025 -0.0001 -1.0000
vn 0.0002 0.0013 -1.0000
vn -0.0018 0.0004 -1.0000
vn -0.2804 -0.0485 -0.9587
vn -0.0008 -0.0005 1.0000
vn 0.0006 -0.0005 1.0000
vn 0.0042 0.0009 1.0000
vn -0.0004 -0.0022 1.0000
vn -0.2017 0.0454 0.9784
vn -0.0023 0.9999 -0.0171
vn -0.3553 0.8963 -0.2653
vn -0.7173 -0.6940 -0.0615
vn -0.7974 -0.6030 0.0218
vn -0.7039 -0.7023 -0.1067
vn 0.7175 0.6382 0.2789
vn -0.9932 -0.1057 -0.0481
vn -0.9999 0.0134 0.0030
vn -0.0099 0.0006 -1.0000
vn 0.0055 0.0009 -1.0000
vn -0.0494 0.0125 -0.9987
vn -0.0075 0.0002 1.0000
vn 0.0239 -0.0005 0.9997
vn -0.2160 0.0561 0.9748
vn -0.0581 0.9936 0.0967
vn -0.5305 0.8476 0.0130
vn 0.2762 0.9284 -0.2485
vt 1.469548 -0.009395
vt 1.696595 -0.043804
vt 1.483852 -0.031588
vt 1.859674 -0.059182
vt 1.849546 -0.091442
vt 1.273494 -0.087213
vt 1.663025 0.062371
vt 1.427569 0.062044
vt 1.554166 0.100337
vt 1.255471 0.010710
vt 1.241120 0.041387
vt 1.824900 0.010474
vt 0.435313 -1.204057
vt 0.116271 -1.144027
vt 0.439830 -1.144027
vt 0.033415 -1.204057
vt 1.453798 -0.369290
vt 1.668565 -0.369290
vt 1.649012 -0.429320
vt -0.206729 -1.204057
vt -0.207432 -1.144027
vt 0.600213 1.269945
vt 0.630228 1.236063
vt 0.570198 1.236063
vt -0.277130 -0.349007
vt -0.271284 1.240809
vt -0.244709 1.045586
vt -0.176315 0.821871
vt -0.101337 -0.343275
vt -0.034925 0.544377
vt 0.012711 -0.272355
vt 0.161068 0.302346
vt 0.327947 -0.350623
vt 0.337624 0.148872
vt 0.370747 -0.045588
vt 0.344172 -0.240810
vt 0.338910 1.341949
vt 0.439140 0.178125
vt 0.580531 0.455619
vt 0.510428 1.332968
vt 0.776524 0.697650
vt 0.640406 1.278661
vt 0.953080 0.851124
vt -0.849374 -0.110153
vt -0.838193 -0.401906
vt -1.430667 -0.411355
vt -0.400414 -0.143922
vt -0.430618 -0.423066
vt 1.864840 0.029293
vt 1.242114 -0.369290
vt 1.411092 -0.429320
vt 1.240258 -0.429320
vt 1.829615 -0.399305
vt 0.944250 1.076792
vt 0.100998 0.951103
vt 0.100998 1.570002
vt 0.953080 1.351460
vt -1.423927 -0.129773
vt -1.457421 -0.820857
vt -0.448863 -0.597163
vt -0.402846 -0.878272
s 1
usemtl MarbleBase
f 830/2047/1058 828/2048/1058 827/2049/1058
f 829/2050/1059 835/2051/1059 828/2048/1059
f 830/2047/1058 827/2049/1058 831/2052/1058
f 833/2053/1060 834/2054/1060 837/2055/1060
f 834/2054/1061 835/2056/1061 836/2057/1061
f 832/2058/1060 833/2053/1060 837/2055/1060
f 829/2059/1062 837/2060/1063 836/2061/1064
f 829/2059/1062 830/2062/1065 837/2060/1063
f 827/2063/1066 828/2064/1067 834/2065/1068
f 830/2062/1069 831/2066/1069 838/2067/1069
f 835/2068/1070 829/2069/1070 836/2070/1070
f 845/2071/1071 839/2072/1071 840/2073/1071
f 845/2071/1072 840/2073/1072 841/2074/1072
f 846/2075/1073 841/2074/1073 842/2076/1073
f 847/2077/1074 842/2076/1074 843/2078/1074
f 856/2079/1075 843/2078/1075 844/2080/1075
f 849/2081/1076 848/2082/1076 853/2083/1076
f 850/2084/1077 849/2081/1077 853/2083/1077
f 851/2085/1078 850/2084/1078 854/2086/1078
f 852/2087/1079 851/2085/1079 855/2088/1079
f 844/2089/1080 852/2087/1080 855/2088/1080
f 829/2050/1058 828/2048/1058 830/2047/1058
f 834/2054/1060 836/2057/1060 837/2055/1060
f 832/2058/1060 837/2055/1060 838/2095/1060
f 831/2096/1083 833/2097/1084 832/2098/1085
f 827/2063/1066 833/2097/1084 831/2096/1083
f 827/2063/1066 834/2065/1068 833/2097/1084
f 830/2062/1086 838/2067/1086 837/2060/1086
f 828/2064/1067 835/2099/1087 834/2065/1068
f 845/2071/1089 841/2074/1089 846/2075/1089
f 846/2075/1090 842/2076/1090 847/2077/1090
f 847/2077/1091 843/2078/1091 856/2079/1091
f 850/2084/1092 853/2083/1092 854/2086/1092
f 851/2085/1093 854/2086/1093 855/2088/1093
f 844/2089/1094 855/2088/1094 856/2103/1094
usemtl MarbleCracking
f 846/2090/1081 854/2091/1081 853/2092/1081
f 847/2093/1082 855/2094/1082 854/2091/1082
f 831/2100/1088 832/2101/1088 838/2102/1088
f 846/2090/1095 853/2092/1095 845/2104/1095
f 847/2093/1096 854/2091/1096 846/2090/1096
f 856/2105/1097 855/2106/1097 847/2107/1097
o BrokenPart.006
v 3.654016 10.133245 -3.844271
v 4.105430 10.074860 -3.387872
v 4.473742 9.798628 -3.015492
v 4.789704 9.341349 -2.696042
v 5.022402 8.578135 -2.460774
v 3.071837 9.953632 -4.432878
v 2.662529 9.314219 -4.846706
v 2.449633 8.575782 -5.061953
v 5.093068 8.028077 -2.389328
v 5.087312 8.607264 -2.395148
v 4.880987 9.314219 -2.603751
v 4.570021 9.830975 -2.918151
v 4.173609 10.152950 -3.318940
v 3.680496 10.254322 -3.817497
v 2.450447 8.028077 -5.061130
v 2.514867 8.548206 -4.995999
v 2.726231 9.273785 -4.782301
v 3.141948 9.891432 -4.361993
v 3.682268 10.147210 -3.540192
v 4.095771 9.998586 -3.122123
v 4.446845 9.677166 -2.767173
v 4.813602 8.928675 -2.396365
v 4.927420 8.030034 -2.281291
v 2.895591 9.891101 -4.335556
v 2.577064 9.434426 -4.657600
v 2.322435 8.639910 -4.915040
v 4.992411 8.029114 -2.215582
v 4.892509 8.911423 -2.316586
v 4.555445 9.663591 -2.657373
v 4.139585 10.100381 -3.077825
v 3.704926 10.245475 -3.517284
v 2.312698 8.028077 -4.924885
v 2.398284 8.688161 -4.838354
v 2.750760 9.592171 -4.481986
v 3.219656 10.030446 -4.007912
v 3.283019 10.181669 -3.943849
v 3.137899 10.006420 -4.328486
v 2.899368 9.754141 -4.568299
v 2.698833 9.426293 -4.771392
v 2.544056 9.037026 -4.927825
v 2.442362 8.603507 -5.030976
v 2.399559 8.196699 -5.071757
v 5.101632 8.198396 -2.337234
v 5.062385 8.603572 -2.381165
v 4.959571 9.037041 -2.483232
v 4.804570 9.426131 -2.639264
v 4.606016 9.754147 -2.844423
v 4.366942 10.006436 -3.083721
v 4.170979 10.136150 -3.282769
v 3.959004 10.220661 -3.486817
v 3.680733 10.244631 -3.777025
v 3.400573 10.172332 -4.059188
v 3.032733 10.532410 -4.437138
v 2.674465 10.510033 -4.807830
v 2.399769 10.531381 -5.080151
v 5.106859 10.105318 -2.337173
v 5.069281 10.234882 -2.344199
v 5.010056 10.179825 -2.422909
v 4.882340 10.155591 -2.552466
v 4.700930 10.206549 -2.728000
v 4.058000 10.358665 -3.404135
v 3.328375 10.524911 -4.145577
v 3.043633 10.006415 -4.235271
v 2.805731 9.754143 -4.475673
v 2.604955 9.426266 -4.678569
v 2.449972 9.036961 -4.834816
v 2.348877 8.603522 -4.938506
v 2.304924 8.192634 -4.978714
v 5.008401 8.198772 -2.245045
v 4.966920 8.603870 -2.286930
v 4.867617 9.037029 -2.392193
v 4.711962 9.426235 -2.547731
v 4.512372 9.754147 -2.751789
v 4.273999 10.006434 -2.991760
v 4.077128 10.136150 -3.189943
v 3.863720 10.221007 -3.393673
v 3.587924 10.244587 -3.685179
v 3.308672 10.172226 -3.968365
v 2.669772 10.519201 -4.622369
v 2.383778 10.536390 -4.909901
v 2.301451 10.520679 -4.995551
v 5.000317 10.115706 -2.232013
v 4.854180 10.176373 -2.391621
v 4.684010 10.123739 -2.582145
v 4.535323 10.252458 -2.711094
v 3.930075 10.368836 -3.350206
v 3.176631 10.510956 -4.115692
vn 0.7110 -0.0000 -0.7032
vn -0.7110 -0.0000 0.7032
vn -0.6194 0.4949 -0.6094
vn -0.7030 0.1645 -0.6919
vn -0.6871 0.2445 -0.6841
vn 0.3007 -0.6666 0.6821
vn 0.1146 -0.9903 0.0780
vn -0.1661 -0.9588 -0.2304
vn -0.0827 -0.9966 0.0060
vn -0.7032 -0.0021 -0.7110
vn -0.7139 0.0032 -0.7002
vn 0.8652 0.0136 0.5012
vn 0.6538 0.1847 0.7338
vn 0.8174 0.0442 0.5744
vn -0.4019 -0.8173 -0.4130
vn -0.5088 -0.7235 -0.4665
vn -0.3022 -0.9051 -0.2990
vn 0.4761 -0.8491 0.2289
vn 0.1931 -0.9393 0.2836
vn -0.4809 -0.5646 -0.6708
vn -0.5936 -0.2116 -0.7764
vn -0.7225 -0.3849 -0.5743
vn 0.3936 0.7816 0.4839
vn 0.2109 0.9548 0.2096
vn 0.3342 0.8995 0.2814
vn -0.0855 0.9957 -0.0345
vn -0.1069 0.9394 -0.3257
vn 0.0920 0.9946 0.0472
vn -0.4216 0.8319 -0.3609
vn 0.6630 -0.2416 0.7086
vn 0.6256 -0.3333 0.7053
vn 0.6958 -0.1752 0.6965
vn -0.5224 0.6030 -0.6029
vn -0.4919 0.7779 -0.3910
vn 0.7006 -0.0471 -0.7120
vn 0.7228 0.0129 -0.6909
vn 0.6979 -0.0358 -0.7153
vn 0.7042 -0.0026 -0.7100
vn 0.7028 -0.0026 -0.7114
vn 0.7047 -0.0042 -0.7095
vn 0.7040 -0.0824 -0.7054
vn 0.7097 -0.0396 -0.7034
vn 0.7175 -0.0237 -0.6962
vn 0.7108 -0.0189 -0.7032
vn 0.7954 0.0104 -0.6060
vn 0.7918 0.0105 -0.6107
vn 0.7859 0.0101 -0.6183
vn 0.7112 -0.0077 -0.7030
vn 0.7619 0.0084 -0.6477
vn 0.7156 0.0054 -0.6985
vn 0.7164 -0.0062 -0.6977
vn 0.7108 -0.0059 -0.7034
vn 0.7053 0.0082 -0.7089
vn 0.7182 0.0092 -0.6957
vn 0.7192 -0.0072 -0.6948
vn 0.7119 -0.0055 -0.7022
vn 0.7149 0.0169 -0.6990
vn 0.7296 0.0228 -0.6835
vn 0.7157 -0.0028 -0.6984
vn -0.6837 0.0683 0.7266
vn -0.7228 -0.0110 0.6910
vn -0.6987 0.0728 0.7117
vn -0.6987 0.0040 0.7154
vn -0.7155 0.0041 0.6986
vn -0.7207 0.0028 0.6932
vn -0.6981 0.1051 0.7082
vn -0.7130 0.0294 0.7005
vn -0.7219 0.2116 0.6589
vn -0.7462 -0.0077 0.6656
vn -0.7466 -0.0077 0.6652
vn -0.7397 -0.0089 0.6729
vn -0.7393 -0.0081 0.6733
vn -0.7147 0.0096 0.6994
vn -0.7121 0.0214 0.7017
vn -0.7088 0.0076 0.7054
vn -0.7192 -0.0047 0.6948
vn -0.7399 -0.0041 0.6727
vn -0.7141 0.0043 0.7001
vn -0.7077 -0.0080 0.7064
vn -0.7105 -0.0096 0.7036
vn -0.7025 -0.0227 0.7113
vn 0.0753 0.9962 -0.0436
vn 0.0322 0.9990 -0.0303
vn 0.0114 0.9994 -0.0332
vn -0.0154 0.9994 -0.0309
vn 0.0038 0.9917 0.1282
vn -0.1028 0.9841 -0.1451
vn -0.0436 0.9990 0.0129
vn -0.1348 0.9794 -0.1501
vn -0.2078 0.8608 0.4646
vn 0.0996 0.8603 0.5000
vn -0.0381 0.8709 0.4900
vn 0.1227 0.9892 0.0801
vn 0.1106 0.9891 0.0971
vn 0.2535 0.9670 -0.0264
vn -0.0468 0.9824 0.1807
vn -0.0800 0.9928 0.0894
vn 0.7481 -0.4643 0.4742
vn 0.7664 -0.4710 0.4367
vn 0.5577 -0.8070 0.1944
vn 0.7181 0.3640 0.5931
vn 0.5227 0.5317 0.6664
vn 0.5354 0.6727 0.5107
vn -0.5405 -0.1758 -0.8228
vn -0.5392 -0.1762 -0.8235
vn 0.6926 -0.1735 0.7002
vn -0.0127 -0.9999 -0.0014
vn 0.1822 -0.0005 -0.9833
vn -0.6958 0.0042 0.7182
vn -0.7231 0.0270 0.6903
vn -0.7205 0.0029 0.6934
vn -0.1443 0.9886 -0.0426
vn 0.6939 0.2381 0.6795
vn -0.7794 0.6048 0.1634
vn 0.0433 0.9464 0.3201
vn 0.2785 0.8210 0.4984
vn 0.2638 0.9640 -0.0339
vn -0.0656 0.9880 0.1400
vt -0.053043 -0.588575
vt -0.031025 -0.581578
vt 0.048839 -0.763516
vt 0.603589 -0.890986
vt 0.748958 -0.748653
vt 0.771057 -0.758685
vt 0.424103 -0.980421
vt 0.280414 -0.938512
vt 0.433304 -0.954838
vt 0.627355 -0.905550
vt 0.121909 -0.882068
vt 0.153089 -0.876290
vt 0.818950 -0.574227
vt 0.841020 -0.580841
vt -0.835812 -0.820400
vt -0.792599 -0.898556
vt -0.898165 -0.786183
vt -0.143996 -0.663693
vt -0.097802 -0.450371
vt -0.074835 -0.450178
vt -0.680940 -0.930083
vt -0.658700 -0.963989
vt -0.523774 -0.954878
vt -0.382078 -0.924365
vt -0.369297 -0.943959
vt -0.264771 -0.843985
vt -0.955810 -0.606860
vt -0.984205 -0.596233
vt -0.993703 -0.449985
vt -0.515754 -0.983737
vt -0.117549 -0.659766
vt -0.679936 1.285456
vt -0.872709 1.285456
vt -0.856848 1.332238
vt -0.689621 1.282582
vt -0.483024 1.282581
vt -0.595389 1.235799
vt -0.298047 1.282581
vt -0.142343 1.282581
vt -0.241334 1.235799
vt -1.005179 1.285456
vt -1.005179 1.332238
vt 0.567323 1.285456
vt 0.426950 1.285456
vt 0.567199 1.332238
vt 0.000633 1.282581
vt 0.048468 1.235799
vt -0.094901 1.235799
vt -0.402594 1.235799
vt 0.155417 1.282581
vt 0.356304 1.282581
vt 0.268861 1.235799
vt 0.077807 1.285456
vt -0.078874 1.285456
vt -0.041345 1.332238
vt -0.250067 1.285456
vt -0.340317 1.332238
vt -0.194633 1.332238
vt -0.471457 1.285456
vt -0.879266 1.282581
vt -0.845003 1.235799
vt -1.005179 1.235799
vt -0.646002 1.332238
vt -0.490692 1.332238
vt 0.292862 0.411065
vt -0.071903 0.594754
vt 0.141762 0.545327
vt 1.824184 1.950360
vt 1.846615 2.252190
vt 1.986948 0.425955
vt 0.360053 0.534714
vt 0.642763 0.583190
vt 0.913960 0.674594
vt 1.018319 0.434517
vt -0.702423 0.331492
vt -1.118642 1.558873
vt -0.986580 1.298412
vt 1.167755 0.818318
vt -0.657902 0.354989
vt -0.817760 1.062773
vt 1.399391 1.019379
vt 1.303037 0.446869
vt -0.536891 0.372998
vt -0.595999 0.857555
vt 1.588999 1.280426
vt 1.686019 0.466669
vt -0.357951 0.376127
vt -0.345487 0.704201
vt 1.737207 1.602749
vt 0.158864 0.170990
vt -0.048814 0.096183
vt 0.331517 0.319259
vt 1.826601 -0.981006
vt 1.876785 0.356703
vt 1.956744 0.338202
vt 0.376833 0.210194
vt 0.936292 0.116825
vt 0.658415 0.186416
vt -0.957025 -0.734170
vt -1.117862 -1.102706
vt -0.737879 0.274521
vt -0.774330 -0.451968
vt 1.425345 -0.174685
vt 1.078497 0.350352
vt 1.590891 0.368297
vt -0.568323 -0.218736
vt -0.605191 0.287550
vt 1.609270 -0.402929
vt -0.324837 -0.040327
vt -0.434603 0.270477
vt -0.278370 0.301519
vt -3.654682 1.225939
vt -4.208610 1.597070
vt -3.350592 1.476595
vt -4.491693 1.336881
vt 3.643867 1.270361
vt 3.173253 1.147586
vt 3.380783 1.482501
vt 2.835812 1.427827
vt 2.584878 1.124194
vt 0.576591 1.071155
vt 0.463395 1.344921
vt 2.345645 1.399450
vt -1.669869 1.057070
vt -2.560208 1.115561
vt 0.015384 -0.758684
vt -0.060479 -0.449985
vt 0.256505 -0.959457
vt 0.846920 -0.449986
vt -0.226285 -0.842400
vt 0.351341 1.332238
vt 0.242080 1.285456
vt 0.136109 1.332238
vt 0.489282 1.235799
vt 0.489735 1.282581
vt -1.005179 1.282582
vt 0.911619 1.563167
vt 0.864837 1.551691
vt 0.864837 1.574643
vt -0.741966 0.376861
vt 1.854529 -1.270283
vt 1.196362 0.001401
vt 1.744041 -0.668697
vt -4.489564 1.616140
vt 3.866694 1.324717
vt 4.068259 1.619528
vt 4.146349 1.343681
vt -1.839801 1.345824
s 1
usemtl MarbleBase
f 866/2108/1098 861/2109/1098 860/2110/1098
f 874/2111/1098 873/2112/1098 863/2113/1098
f 870/2114/1098 858/2115/1098 857/2116/1098
f 857/2116/1098 874/2111/1098 862/2117/1098
f 868/2118/1098 859/2119/1098 858/2115/1098
f 868/2118/1098 860/2110/1098 859/2119/1098
f 873/2112/1098 872/2120/1098 864/2121/1098
f 890/2122/1099 880/2123/1099 881/2124/1099
f 878/2125/1099 879/2126/1099 883/2127/1099
f 891/2128/1099 892/2129/1099 880/2123/1099
f 875/2130/1099 876/2131/1099 886/2132/1099
f 876/2131/1099 877/2133/1099 886/2132/1099
f 889/2134/1099 882/2135/1099 888/2136/1099
f 875/2130/1099 887/2137/1099 892/2129/1099
f 877/2133/1099 878/2125/1099 884/2138/1099
f 889/2134/1099 881/2124/1099 882/2135/1099
f 863/2139/1100 864/2140/1101 882/2141/1102
f 873/2142/1103 874/2143/1103 890/2144/1103
f 857/2145/1104 858/2146/1105 875/2147/1106
f 864/2140/1101 871/2148/1107 888/2149/1108
f 865/2150/1109 866/2151/1110 883/2152/1111
f 859/2153/1112 877/2154/1113 876/2155/1114
f 874/2143/1115 857/2145/1104 891/2156/1116
f 859/2153/1112 860/2157/1117 877/2154/1113
f 860/2157/1117 861/2158/1118 878/2159/1119
f 868/2160/1120 869/2161/1121 886/2162/1122
f 870/2163/1123 892/2164/1124 887/2165/1125
f 869/2161/1121 870/2163/1123 887/2165/1125
f 870/2163/1123 862/2166/1126 892/2164/1124
f 872/2167/1127 889/2168/1128 888/2169/1129
f 862/2166/1126 881/2170/1130 880/2171/1131
f 862/2166/1126 863/2139/1100 881/2170/1130
f 917/2172/1132 904/2173/1133 905/2174/1134
f 897/2175/1135 898/2176/1136 911/2177/1137
f 917/2172/1132 905/2174/1134 906/2178/1138
f 907/2179/1139 908/2180/1140 918/2181/1141
f 917/2172/1132 906/2178/1138 907/2179/1139
f 913/2182/1142 899/2183/1143 900/2184/1144
f 908/2180/1140 893/2185/1145 918/2181/1141
f 914/2186/1146 900/2184/1144 901/2187/1147
f 893/2185/1145 894/2188/1148 909/2189/1149
f 915/2190/1150 901/2187/1147 902/2191/1151
f 894/2188/1148 895/2192/1152 910/2193/1153
f 916/2194/1154 902/2191/1151 903/2195/1155
f 895/2192/1152 896/2196/1156 910/2193/1153
f 916/2194/1154 903/2195/1155 904/2173/1133
f 896/2196/1156 897/2175/1135 911/2177/1137
f 931/2197/1157 930/2198/1158 942/2199/1159
f 923/2200/1160 936/2201/1161 937/2202/1162
f 932/2203/1163 931/2197/1157 942/2199/1159
f 934/2204/1164 933/2205/1165 942/2199/1159
f 933/2205/1165 932/2203/1163 942/2199/1159
f 926/2206/1166 925/2207/1167 938/2208/1168
f 927/2209/1169 926/2206/1166 938/2208/1168
f 920/2210/1170 943/2211/1171 935/2212/1172
f 928/2213/1173 927/2209/1169 939/2214/1174
f 921/2215/1175 935/2212/1172 936/2201/1161
f 929/2216/1176 928/2213/1173 940/2217/1177
f 930/2198/1158 929/2216/1176 941/2218/1178
f 866/2108/1098 860/2110/1098 867/2233/1098
f 874/2111/1098 863/2113/1098 862/2117/1098
f 865/2234/1098 861/2109/1098 866/2108/1098
f 869/2235/1098 858/2115/1098 870/2114/1098
f 857/2116/1098 862/2117/1098 870/2114/1098
f 868/2118/1098 858/2115/1098 869/2235/1098
f 872/2120/1098 871/2236/1098 864/2121/1098
f 867/2233/1098 860/2110/1098 868/2118/1098
f 873/2112/1098 864/2121/1098 863/2113/1098
f 890/2122/1099 881/2124/1099 889/2134/1099
f 878/2125/1099 883/2127/1099 884/2138/1099
f 875/2130/1099 886/2132/1099 887/2137/1099
f 891/2128/1099 880/2123/1099 890/2122/1099
f 875/2130/1099 892/2129/1099 891/2128/1099
f 877/2133/1099 885/2237/1099 886/2132/1099
f 877/2133/1099 884/2138/1099 885/2237/1099
f 873/2142/1195 890/2144/1196 889/2168/1128
f 863/2139/1100 882/2141/1102 881/2170/1130
f 858/2146/1105 876/2155/1114 875/2147/1106
f 874/2143/1115 891/2156/1116 890/2144/1197
f 864/2140/1101 888/2149/1108 882/2141/1102
f 859/2153/1112 876/2155/1114 858/2146/1105
f 866/2151/1110 884/2238/1198 883/2152/1111
f 857/2145/1104 875/2147/1106 891/2156/1116
f 867/2239/1199 884/2238/1198 866/2151/1110
f 860/2157/1117 878/2159/1119 877/2154/1113
f 867/2239/1199 885/2240/1200 884/2238/1198
f 868/2160/1120 885/2240/1200 867/2239/1199
f 868/2160/1120 886/2162/1122 885/2240/1200
f 861/2158/1118 879/2241/1201 878/2159/1119
f 865/2242/1202 879/2241/1201 861/2158/1118
f 869/2161/1121 887/2165/1125 886/2162/1122
f 872/2167/1127 888/2169/1129 871/2243/1203
f 862/2166/1126 880/2171/1131 892/2164/1124
f 865/2244/1204 883/2245/1204 879/2246/1204
f 873/2142/1195 889/2168/1128 872/2167/1127
f 912/2247/1205 899/2183/1205 913/2182/1205
f 917/2172/1132 907/2179/1139 918/2181/1141
f 913/2182/1142 900/2184/1144 914/2186/1146
f 893/2185/1145 909/2189/1149 918/2181/1141
f 914/2186/1146 901/2187/1147 915/2190/1150
f 894/2188/1148 910/2193/1153 909/2189/1149
f 915/2190/1150 902/2191/1151 916/2194/1154
f 896/2196/1156 911/2177/1137 910/2193/1153
f 916/2194/1154 904/2173/1133 917/2172/1132
f 923/2200/1160 937/2202/1162 924/2248/1206
f 934/2204/1164 942/2199/1159 943/2211/1171
f 934/2204/1164 943/2211/1171 919/2249/1207
f 927/2209/1169 938/2208/1168 939/2214/1174
f 919/2249/1207 943/2211/1171 920/2210/1170
f 928/2213/1173 939/2214/1174 940/2217/1177
f 920/2210/1170 935/2212/1172 921/2215/1175
f 929/2216/1176 940/2217/1177 941/2218/1178
f 921/2215/1175 936/2201/1161 922/2250/1208
f 922/2250/1208 936/2201/1161 923/2200/1160
f 930/2198/1158 941/2218/1178 942/2199/1159
usemtl MarbleCracking
f 910/2219/1179 936/2220/1180 935/2221/1181
f 910/2219/1179 911/2222/1182 936/2220/1180
f 914/2223/1183 915/2224/1184 939/2225/1185
f 915/2224/1184 940/2226/1186 939/2225/1185
f 915/2224/1187 916/2227/1188 940/2226/1189
f 917/2228/1190 942/2229/1191 941/2230/1192
f 917/2228/1190 918/2231/1193 942/2229/1191
f 909/2232/1194 910/2219/1179 935/2221/1181
f 911/2222/1182 937/2251/1209 936/2220/1180
f 913/2252/1210 938/2253/1210 912/2254/1210
f 914/2223/1211 938/2253/1211 913/2252/1211
f 914/2223/1183 939/2225/1185 938/2253/1212
f 916/2227/1188 941/2230/1213 940/2226/1189
f 917/2228/1190 941/2230/1192 916/2227/1214
f 918/2231/1193 943/2255/1215 942/2229/1191
f 909/2232/1194 943/2255/1215 918/2231/1193
f 909/2232/1194 935/2221/1181 943/2255/1215
o ColumnBase
v -2.675505 0.441227 5.218207
v -2.588673 0.581731 5.187401
v -2.441503 0.454425 4.672919
v -2.152291 0.441376 5.460795
v -2.184055 0.581250 5.374264
v -1.910521 0.441068 4.937572
v -1.996165 0.581531 4.969009
vn -0.3802 0.4214 0.8233
vn -0.3820 0.4180 0.8243
vn -0.3824 0.4171 0.8245
vn -0.0539 0.9877 -0.1471
vn -0.0538 0.9877 -0.1468
vn 0.0007 1.0000 0.0010
vn 0.4113 0.4306 -0.8034
vn 0.8245 0.4184 0.3810
vn 0.8228 0.4214 0.3813
vn 0.8249 0.4177 0.3809
vn -0.8302 0.4373 -0.3457
vn -0.3795 0.4229 0.8229
vn -0.0974 0.9592 -0.2652
vn 0.8221 0.4227 0.3814
vt 0.602855 0.377514
vt 0.418956 0.436333
vt 0.365562 0.384578
vt 0.549843 0.563554
vt 0.550262 0.431971
vt 0.365032 0.623184
vt 0.602855 0.615471
s 1
usemtl MarbleBase
f 947/2256/1216 945/2257/1217 944/2258/1218
f 950/2259/1219 945/2257/1220 948/2260/1221
f 946/2261/1222 950/2259/1222 949/2262/1222
f 950/2259/1223 947/2256/1224 949/2262/1225
f 944/2258/1226 945/2257/1226 946/2261/1226
f 947/2256/1216 948/2260/1227 945/2257/1217
f 950/2259/1219 946/2261/1228 945/2257/1220
f 950/2259/1223 948/2260/1229 947/2256/1224
o Column
v -2.472465 0.561071 4.996447
v -2.374309 0.561071 5.257533
v -2.113222 0.561071 5.159376
v -2.361141 0.561071 4.900292
v -2.115223 0.561071 5.009614
v -2.478134 10.570604 5.015019
v -2.365804 10.568095 5.252371
v -2.326601 10.561122 4.994494
v -2.227556 10.600580 5.021416
v -2.244166 10.602757 5.089375
v -2.389574 10.539534 5.117057
v -2.310757 10.545997 5.154740
v -2.358211 10.525064 5.050209
v -2.466717 0.561071 5.223586
v -2.065503 0.561071 5.101786
v -2.470464 0.561071 5.146209
v -2.520185 0.561071 5.054038
v -2.211379 0.561071 4.898290
v -2.118969 0.561071 4.932238
v -2.268970 0.561071 4.850570
v -2.224547 0.561071 5.255533
v -2.147169 0.561071 5.251785
v -2.438518 0.561071 4.904038
v -2.316719 0.561071 5.305252
v -2.361033 10.591774 5.196183
v -2.460729 10.533673 5.232299
v -2.420892 10.556365 5.256801
v -2.176468 10.570113 5.131929
v -2.075712 10.565105 5.115045
v -2.066081 10.532246 5.068169
v -2.120277 10.548483 5.013335
v -2.463198 10.556448 5.157415
v -2.424095 10.531472 5.040351
v -2.517910 10.595810 5.052620
v -2.509065 10.530174 5.108397
v -2.251398 10.549558 4.947590
v -2.116279 10.584163 4.961220
v -2.146588 10.555151 4.902675
v -2.220047 10.536513 4.906144
v -2.272507 10.574341 4.850665
v -2.318597 10.554245 4.859171
v -2.121076 10.525361 5.150708
v -2.143209 10.555729 5.245690
v -2.114419 10.559741 5.200302
v -2.360358 10.559967 4.911077
v -2.411114 10.582361 5.009722
v -2.441358 10.549952 4.904559
v -2.471710 10.578956 4.949988
v -2.205668 10.577785 5.248296
v -2.330404 10.539501 5.209165
v -2.311658 10.553282 5.303891
v -2.253830 10.530872 5.287217
v -2.121031 8.294039 5.008382
v -2.120679 7.559788 5.009101
v -2.120913 8.049291 5.007860
v -2.121031 7.804541 5.008382
v -2.362896 8.294039 4.905980
v -2.361654 7.559788 4.905746
v -2.362612 8.049291 4.906464
v -2.362373 7.804541 4.906098
v -2.217647 8.294039 4.900481
v -2.217335 7.559788 4.900959
v -2.218351 8.049290 4.901155
v -2.217642 7.804541 4.901456
v -2.115891 8.294039 5.153421
v -2.116280 7.559788 5.153675
v -2.115609 8.049290 5.152092
v -2.116000 7.804541 5.152860
v -2.223740 8.294039 5.249629
v -2.224033 7.559788 5.250078
v -2.222791 8.049291 5.249844
v -2.223314 7.804541 5.249725
v -2.469600 8.294039 5.003419
v -2.469688 7.559788 5.002964
v -2.469688 8.049290 5.002964
v -2.469407 7.804541 5.002149
v -2.368607 7.559788 5.254476
v -2.367590 8.294039 5.254280
v -2.367792 7.804541 5.254756
v -2.367480 8.049290 5.255234
v -2.334102 8.294038 5.300243
v -2.333819 7.559788 5.300383
v -2.334708 8.049290 5.299505
v -2.334365 7.804541 5.299873
v -2.295176 8.294038 5.310916
v -2.293653 7.559789 5.311264
v -2.299141 8.049290 5.311458
v -2.296394 7.804541 5.311277
v -2.258102 8.294039 5.297269
v -2.257726 7.559788 5.296859
v -2.258845 8.049290 5.297923
v -2.258265 7.804541 5.297355
v -2.422786 7.559788 5.262170
v -2.423459 7.804541 5.262114
v -2.422786 8.294038 5.262170
v -2.424203 8.049290 5.262076
v -2.456280 7.559789 5.244861
v -2.458627 8.294038 5.243332
v -2.458060 7.804541 5.242761
v -2.458648 8.049290 5.241635
v -2.474579 7.559788 5.206494
v -2.474537 8.294039 5.205132
v -2.474574 7.804541 5.205681
v -2.474574 8.049290 5.205680
v -2.165072 8.294039 5.259642
v -2.164261 7.559788 5.259646
v -2.165073 8.049290 5.259643
v -2.165073 7.804541 5.259642
v -2.129120 8.294038 5.243717
v -2.125894 7.559789 5.241348
v -2.127993 8.049290 5.243129
v -2.127994 7.804541 5.243129
v -2.108585 7.559788 5.207852
v -2.108695 8.049290 5.208669
v -2.108641 7.804541 5.208526
v -2.073897 7.559788 5.042794
v -2.073400 7.804541 5.043333
v -2.073325 8.049290 5.043474
v -2.059491 7.559789 5.078722
v -2.060175 8.291140 5.066116
v -2.059478 7.804541 5.081464
v -2.058973 8.052130 5.097764
v -2.070376 7.559788 5.118891
v -2.071187 8.294038 5.119634
v -2.070885 7.804541 5.119435
v -2.070079 8.047988 5.119213
v -2.111150 8.294039 4.950690
v -2.111157 7.559788 4.949985
v -2.111113 8.049290 4.950141
v -2.110710 7.805801 4.948139
v -2.125730 8.294038 4.915041
v -2.127627 7.559789 4.913062
v -2.127626 8.049290 4.913061
v -2.117455 7.801642 4.924573
v -2.161486 8.294038 4.893747
v -2.162230 7.559788 4.893710
v -2.162232 8.049290 4.893709
v -2.162905 7.804541 4.893653
v -2.327961 7.559788 4.858965
v -2.326842 8.294039 4.857901
v -2.327422 7.804541 4.858468
v -2.327422 8.049290 4.858468
v -2.292034 7.559789 4.844559
v -2.288085 8.294038 4.844821
v -2.289293 7.804541 4.844546
v -2.272991 8.052131 4.844040
v -2.251867 7.559788 4.855443
v -2.251462 8.294038 4.855885
v -2.251321 7.804541 4.855952
v -2.251544 8.047988 4.855146
v -2.420066 8.294039 4.896218
v -2.420771 7.559788 4.896226
v -2.420439 8.049290 4.896130
v -2.421280 7.804541 4.896136
v -2.456841 8.294038 4.911386
v -2.457694 8.049290 4.912695
v -2.458370 7.804541 4.913733
v -2.462391 7.561480 4.916677
v -2.477046 8.294038 4.947298
v -2.477239 7.559262 4.947353
v -2.477046 8.049290 4.947298
v -2.477108 7.804541 4.947464
v -2.514359 8.294038 5.035881
v -2.514803 7.559788 5.036389
v -2.514802 8.049290 5.036388
v -2.515311 7.804541 5.036933
v -2.525512 8.291140 5.089708
v -2.526558 7.559789 5.075884
v -2.526210 8.049290 5.074360
v -2.525849 7.804541 5.075578
v -2.513858 8.295279 5.111545
v -2.511791 7.559788 5.113029
v -2.512364 8.049290 5.112347
v -2.512288 7.804541 5.112490
v -2.465009 7.559788 5.146723
v -2.464561 8.294039 5.147016
v -2.464658 7.804541 5.147442
v -2.464776 8.049291 5.147964
v -2.071718 8.295299 5.044492
v -2.108630 8.294038 5.209133
vn -0.3271 0.9314 -0.1599
vn -0.0613 0.9732 0.2216
vn -0.0719 0.9969 0.0308
vn -0.2449 0.9321 0.2670
vn -0.0457 0.9569 -0.2869
vn 0.1019 0.9556 -0.2764
vn -0.2038 0.9675 -0.1498
vn -0.4490 0.8769 0.1715
vn -0.1435 0.9710 -0.1912
vn -0.4212 0.9003 0.1100
vn -0.1647 0.9139 0.3711
vn 0.4547 0.2483 0.8553
vn 0.7081 0.1877 0.6807
vn 0.1647 0.5480 0.8201
vn -0.0570 0.8120 -0.5809
vn 0.1772 0.9499 -0.2574
vn 0.1464 0.9872 0.0635
vn 0.3698 0.9185 -0.1399
vn 0.5695 0.8203 0.0525
vn 0.5435 0.7059 0.4542
vn 0.5474 0.7154 0.4342
vn 0.4941 0.6007 0.6285
vn -0.2366 0.9311 -0.2777
vn 0.0331 0.9807 -0.1925
vn -0.2601 0.8059 0.5318
vn -0.1990 0.9152 -0.3505
vn -0.2072 0.9053 -0.3708
vn -0.2206 0.8876 -0.4042
vn -0.2394 0.8595 -0.4516
vn 0.5022 0.8577 0.1099
vn -0.1185 0.9555 0.2701
vn 0.1164 0.9669 -0.2272
vn -0.1043 0.9858 0.1315
vn 0.0739 0.9899 -0.1214
vn -0.0794 0.9917 0.1015
vn 0.2209 0.9735 0.0585
vn 0.0408 0.9927 0.1136
vn 0.9788 0.1899 0.0763
vn 0.9156 0.2624 -0.3047
vn 0.6417 0.5873 -0.4933
vn 0.0686 0.9477 -0.3118
vn 0.0644 0.9241 0.3766
vn 0.1536 0.9654 -0.2109
vn -0.1633 0.9804 0.1098
vn 0.6209 0.7838 -0.0100
vn 0.3504 0.9145 -0.2024
vn 0.6774 0.7240 0.1302
vn 0.3047 0.9321 -0.1959
vn -0.3905 0.7913 0.4706
vn -0.3315 0.9323 0.1445
vn 0.7828 0.5368 0.3146
vn 0.7711 0.5368 0.3424
vn -0.0538 0.5250 0.8494
vn -0.0237 0.5200 0.8539
vn -0.2417 -0.9216 0.3036
vn 0.2469 0.9197 0.3054
vn 0.6755 0.0260 -0.7369
vn 0.8263 -0.0052 -0.5632
vn 0.5992 -0.0000 -0.8006
vn 0.7098 0.0056 -0.7044
vn 0.7624 0.0023 -0.6472
vn 0.5908 0.0016 -0.8068
vn 0.9925 0.0050 -0.1223
vn 0.9857 -0.0004 0.1687
vn 0.9859 0.0002 0.1675
vn 0.9969 0.0018 0.0789
vn 0.9938 0.0005 -0.1108
vn 0.9749 0.0032 -0.2227
vn 0.8016 0.0041 -0.5978
vn 0.5850 0.0003 -0.8111
vn 0.5922 -0.0008 -0.8058
vn 0.9920 -0.0023 -0.1263
vn 0.9979 0.0260 0.0599
vn 0.9873 0.0013 0.1590
vn 0.9989 -0.0010 -0.0472
vn 0.9978 0.0020 -0.0661
vn 0.9856 -0.0001 0.1689
vn -0.5864 0.0002 -0.8100
vn -0.8060 0.0001 -0.5920
vn -0.8000 0.0001 -0.6000
vn -0.7793 0.0032 -0.6266
vn 0.1747 -0.0002 -0.9846
vn -0.1102 0.0001 -0.9939
vn 0.1673 0.0017 -0.9859
vn -0.4856 0.0028 -0.8742
vn 0.0799 0.0022 -0.9968
vn -0.5978 0.0040 -0.8016
vn -0.8111 0.0003 -0.5850
vn -0.8062 -0.0008 -0.5916
vn -0.1473 -0.0002 -0.9891
vn 0.1662 0.0010 -0.9861
vn 0.1590 0.0013 -0.9873
vn -0.0472 -0.0010 -0.9989
vn -0.5651 -0.0028 -0.8250
vn -0.1375 0.0004 -0.9905
vn 0.5745 0.0035 -0.8185
vn 0.7292 0.0051 -0.6843
vn 0.7968 -0.0008 -0.6042
vn 0.7332 -0.0265 -0.6795
vn 0.1841 -0.0192 -0.9827
vn -0.1306 -0.0007 -0.9914
vn 0.2069 -0.0002 -0.9784
vn 0.1882 0.0002 -0.9821
vn -0.0492 0.0042 -0.9988
vn 0.6044 0.0049 -0.7967
vn 0.1886 0.0003 -0.9820
vn -0.1397 -0.0000 -0.9902
vn 0.2209 -0.0002 -0.9753
vn 0.8033 0.0007 -0.5956
vn 0.5590 0.0011 -0.8292
vn 0.5753 -0.0013 -0.8179
vn 0.3426 -0.0030 -0.9395
vn -0.1304 0.0011 -0.9915
vn 0.6389 -0.0010 -0.7693
vn 0.0991 -0.0024 -0.9951
vn 0.8099 -0.0008 -0.5865
vn 0.6360 -0.0163 -0.7715
vn 0.8427 0.0064 0.5383
vn 0.6030 -0.0006 0.7978
vn 0.6802 -0.0263 0.7325
vn 0.9821 -0.0226 0.1869
vn 0.9812 0.0006 0.1931
vn 0.9917 0.0012 -0.1287
vn 0.9794 0.0014 0.2017
vn 0.9902 0.0003 -0.1399
vn 0.9822 -0.0006 0.1880
vn 0.9858 0.0007 0.1681
vn 0.5959 0.0007 0.8030
vn 0.8290 0.0010 0.5592
vn 0.8181 -0.0013 0.5751
vn 0.9395 -0.0030 0.3426
vn 0.7692 -0.0010 0.6389
vn 0.9951 -0.0024 0.0991
vn 0.5869 -0.0008 0.8097
vn 0.7717 -0.0163 0.6358
vn 0.9915 -0.0008 -0.1303
vn 0.5860 0.0004 0.8103
vn 0.3787 0.0008 0.9255
vn 0.6040 0.0002 0.7970
vn 0.4789 -0.0001 0.8778
vn 0.3062 0.0014 0.9520
vn 0.1251 -0.0000 0.9922
vn -0.1674 0.0001 0.9859
vn 0.8111 0.0003 0.5850
vn 0.6000 0.0002 0.8000
vn 0.6155 0.0007 0.7881
vn 0.1427 0.0010 0.9898
vn -0.1671 -0.0001 0.9859
vn -0.1581 0.0013 0.9874
vn 0.4768 -0.0029 0.8790
vn 0.0472 -0.0010 0.9989
vn 0.8058 -0.0007 0.5923
vn 0.1253 -0.0009 0.9921
vn -0.9914 -0.0008 0.1311
vn -0.9819 0.0018 -0.1895
vn -0.9822 -0.0003 -0.1880
vn -0.9534 -0.0007 -0.3017
vn -0.9189 0.0011 -0.3946
vn -0.8823 0.0009 -0.4706
vn -0.8184 -0.0001 -0.5747
vn -0.5959 0.0008 -0.8030
vn -0.9875 -0.0000 -0.1576
vn -0.9904 0.0003 0.1385
vn -0.9834 0.0024 -0.1813
vn -0.5959 0.0006 -0.8030
vn -0.8285 -0.0000 -0.5600
vn -0.6040 -0.0000 -0.7970
vn -0.9395 -0.0030 -0.3426
vn -0.9909 0.0009 0.1346
vn -0.7692 -0.0010 -0.6390
vn -0.8192 0.0009 -0.5735
vn -0.5592 0.0010 0.8291
vn -0.8030 -0.0002 0.5960
vn -0.7970 0.0014 0.6040
vn -0.6389 -0.0010 0.7692
vn -0.1884 0.0001 0.9821
vn 0.1399 0.0003 0.9902
vn 0.1302 -0.0007 0.9915
vn -0.5871 0.0011 0.8095
vn -0.8079 0.0008 0.5893
vn -0.8037 0.0009 0.5950
vn 0.1395 0.0009 0.9902
vn -0.2060 0.0007 0.9786
vn 0.1198 0.0009 0.9928
vn -0.1605 0.0015 0.9870
vn -0.1711 -0.0001 0.9852
vn -0.5744 -0.0006 0.8186
vn -0.5679 0.0001 0.8231
vn -0.3372 0.0062 0.9414
vn -0.6909 0.0056 0.7230
vn 0.0432 -0.0001 0.9991
vn 0.0591 0.0008 0.9983
vn -0.0991 -0.0024 0.9951
vn 0.0292 -0.0001 0.9996
vn -0.0015 0.0008 1.0000
vn -0.7384 -0.0003 0.6743
vn -0.1681 0.0007 0.9858
vn -0.8063 -0.0024 0.5915
vn -0.3426 -0.0030 0.9395
vn -0.7475 0.0003 0.6643
vn -0.8531 0.0046 0.5217
vn -0.7373 -0.0010 0.6756
vn -0.9921 -0.0009 0.1253
vn -0.7178 0.0009 0.6963
vn -0.9937 -0.0000 0.1124
vn -0.9922 0.0002 0.1243
vn -0.9859 -0.0001 -0.1671
vn -0.9898 0.0010 0.1427
vn -0.9989 -0.0010 0.0472
vn -0.9856 0.0006 -0.1690
vn -0.9995 0.0057 0.0306
vn -0.9859 0.0001 -0.1674
vn 0.1237 0.0009 0.9923
vn 0.4670 0.0060 0.8842
vn 0.6744 0.0007 0.7384
vn 0.6963 0.0009 0.7178
vn 0.5915 -0.0024 0.8063
vn 0.6740 -0.0010 0.7387
vn 0.6646 0.0013 0.7472
vn 0.9995 0.0034 -0.0325
vn 0.7881 0.0007 -0.6155
vn 0.8790 -0.0029 -0.4768
vn 0.9726 0.0043 -0.2326
vn 0.9763 0.0167 -0.2156
vn 0.9983 0.0008 -0.0591
vn 0.7361 0.0049 -0.6768
vn 0.8063 -0.0024 -0.5915
vn 0.7359 -0.0044 -0.6770
vn 0.8512 0.0094 -0.5248
vn 0.7587 0.0004 -0.6514
vn -0.0326 0.0034 -0.9995
vn -0.6155 0.0007 -0.7881
vn -0.4768 -0.0029 -0.8790
vn -0.0199 0.0051 -0.9998
vn -0.4849 0.0037 -0.8746
vn -0.0591 0.0008 -0.9983
vn 0.2976 0.0050 -0.9547
vn -0.6736 -0.0005 -0.7391
vn -0.1210 -0.0005 -0.9927
vn -0.6828 0.0022 -0.7306
vn -0.5915 -0.0024 -0.8063
vn -0.7100 -0.0011 -0.7042
vn -0.6631 0.0002 -0.7486
vn -0.8384 0.0040 -0.5451
vn -0.9008 0.0054 -0.4342
vn -0.9997 -0.0047 0.0252
vn -0.9991 -0.0001 0.0427
vn -0.9951 -0.0024 -0.0991
vn -0.9990 0.0009 0.0450
vn -0.8004 -0.0025 0.5995
vn -0.9768 0.0128 0.2136
vn -0.9103 0.0022 0.4140
vn -0.7889 0.0004 0.6145
vn -0.7991 -0.0005 0.6012
vn -0.6727 0.0266 0.7394
vn -0.5870 0.0023 0.8096
vn -0.7295 -0.0027 0.6840
vn -0.5850 0.0003 0.8111
vn -0.8790 -0.0029 0.4768
vn -0.5922 -0.0008 0.8058
vn 0.2505 -0.9171 -0.3101
vn 0.3052 0.9199 -0.2462
vn 0.2191 0.7760 -0.5914
vn 0.1507 0.6595 0.7364
vn 0.3956 -0.9171 0.0486
vn -0.1190 -0.0000 -0.9929
vn 0.7967 0.0016 -0.6044
vn 0.9926 -0.0001 -0.1213
vn 0.6040 0.0014 0.7970
vn 0.8000 0.0008 0.5999
vn 0.0800 0.0008 0.9968
vn -0.9874 0.0013 -0.1581
vn -0.7595 0.0025 0.6505
vn -0.5992 0.0008 0.8006
vt 1.796479 -0.900053
vt 2.138370 -1.251090
vt 2.028044 -0.769303
vt 1.818151 -1.320528
vt 1.620057 -1.082102
vt 2.293294 -1.055405
vt 1.344998 -1.118487
vt 1.226598 -1.342977
vt 1.546471 -1.360489
vt 1.324802 -1.458446
vt 1.486481 -1.506587
vt 2.565991 -1.710271
vt 2.736258 -1.550535
vt 2.351262 -1.549560
vt 2.810152 -1.380257
vt 2.677972 -1.153369
vt 1.564867 -0.531651
vt 1.239429 -0.670600
vt 1.601351 -0.773217
vt 1.266340 -0.922332
vt 2.775804 -0.973375
vt 2.369472 -0.729315
vt 2.744089 -0.760738
vt 2.538132 -0.643851
vt 2.439776 -0.387910
vt 2.270080 -0.355805
vt 2.073387 -0.452134
vt 1.926912 -1.786609
vt 2.122452 -1.965641
vt 2.413227 -1.916029
vt 1.919995 -0.312173
vt 1.749845 -0.619670
vt 1.928662 -0.336573
vt 1.718612 -0.368396
vt 1.534446 -1.732718
vt 1.664764 -1.478569
vt 1.720160 -1.792843
vt 0.165940 1.005508
vt 0.185620 1.006546
vt 0.171284 1.007057
vt 0.334603 0.949465
vt 0.316337 0.948524
vt 0.329476 0.947940
vt 0.360051 1.005508
vt 0.345474 0.948442
vt 0.359955 0.948400
vt 0.359743 1.520683
vt 0.346194 1.006046
vt 0.374171 0.948339
vt 0.373891 1.005468
vt 0.372277 1.528145
vt 0.345560 0.891039
vt 0.359249 0.833535
vt 0.359793 0.891097
vt 0.373406 0.833608
vt 0.355807 -0.767386
vt 0.374098 0.891459
vt 0.432995 1.005704
vt 0.447054 0.948326
vt 0.447124 1.005695
vt 0.444845 1.524013
vt 0.461075 1.005947
vt 0.463709 1.521060
vt 0.432702 0.890992
vt 0.447378 0.833365
vt 0.446642 0.890885
vt 0.461250 0.833419
vt 0.442421 -0.767543
vt 0.432888 0.948322
vt 0.461150 0.890909
vt 0.416587 1.005615
vt 0.403128 1.518688
vt 0.403519 1.005598
vt 0.403509 0.948285
vt 0.422105 0.949402
vt 0.390195 1.005577
vt 0.390200 0.948275
vt 0.387045 1.522660
vt 0.389780 0.833462
vt 0.403227 0.891068
vt 0.390079 0.890870
vt 0.416740 0.833395
vt 0.416583 0.891014
vt 0.398733 -0.767460
vt 0.403301 0.833525
vt 0.417292 -0.767491
vt 0.416959 0.947872
vt 0.329958 1.005876
vt 0.319530 1.516344
vt 0.316482 1.005780
vt 0.303081 0.948526
vt 0.303014 1.005866
vt 0.308606 1.523941
vt 0.315628 0.833652
vt 0.302713 0.891114
vt 0.302394 0.833557
vt 0.316068 0.891186
vt 0.328970 0.833637
vt 0.329438 0.891128
vt 0.312120 -0.767317
vt 0.330678 -0.767342
vt 0.258545 0.948774
vt 0.272492 1.006086
vt 0.258566 1.006199
vt 0.265169 1.517670
vt 0.282268 1.528085
vt 0.286936 0.948574
vt 0.272996 0.948690
vt 0.271926 0.833774
vt 0.258314 0.891230
vt 0.257887 0.833674
vt 0.286092 0.833756
vt 0.272474 0.891289
vt 0.269196 -0.767260
vt 0.286637 0.891215
vt 0.489640 0.948349
vt 0.477360 1.005887
vt 0.477382 0.948353
vt 0.476123 1.527282
vt 0.489771 1.005799
vt 0.488433 1.529364
vt 0.154599 0.949140
vt 0.142724 1.006889
vt 0.142273 0.949325
vt 0.477708 0.832724
vt 0.489587 0.891046
vt 0.477371 0.890951
vt 0.142288 0.833599
vt 0.154290 0.891399
vt 0.141946 0.891447
vt 0.484357 -0.767631
vt 0.490010 0.833353
vt 0.141319 -0.767139
vt 0.154600 0.833669
vt 0.241614 0.833854
vt 0.228514 0.891373
vt 0.228597 0.833878
vt 0.225511 -0.767208
vt 0.215098 0.891345
vt 0.242296 0.948756
vt 0.229277 1.006377
vt 0.228845 0.948838
vt 0.215527 0.948854
vt 0.219395 1.522196
vt 0.215752 1.006501
vt 0.242211 0.891299
vt 0.242402 1.006335
vt 0.251782 1.521462
vt 0.233634 1.524819
vt 0.250361 1.006203
vt 0.249694 0.833670
vt 0.244068 -0.767225
vt 0.250121 0.891244
vt 0.250176 0.948928
vt 0.207216 0.891410
vt 0.215416 0.833783
vt 0.201835 -0.767182
vt 0.207518 0.948847
vt 0.209430 1.518334
vt 0.207833 1.006554
vt 0.199014 0.891401
vt 0.207521 0.833747
vt 0.199591 1.006409
vt 0.199293 0.948953
vt 0.184810 0.891424
vt 0.199091 0.833875
vt 0.182589 -0.767170
vt 0.192667 1.522009
vt 0.185063 0.948985
vt 0.286667 1.005977
vt 0.295967 1.523347
vt 0.295125 0.948564
vt 0.294513 0.833562
vt 0.288443 -0.767281
vt 0.294826 0.891191
vt 0.294954 1.005945
vt 0.337339 0.891056
vt 0.345250 0.833440
vt 0.342925 1.518790
vt 0.340864 1.004512
vt 0.337071 0.833438
vt 0.382340 0.948328
vt 0.375055 -0.767415
vt 0.381767 0.833452
vt 0.379380 0.889835
vt 0.382105 1.005735
vt 0.424507 0.890963
vt 0.433076 0.833279
vt 0.424595 1.005673
vt 0.430152 1.522176
vt 0.424853 0.833225
vt 0.420245 1.526250
vt 0.469455 0.948405
vt 0.461282 0.948423
vt 0.469482 0.890996
vt 0.461670 -0.767577
vt 0.470357 0.833679
vt 0.469316 1.005919
vt 0.149248 1.524985
vt 0.155104 1.006978
vt 0.161877 1.529943
vt 0.162566 0.949044
vt 0.162363 0.891396
vt 0.157462 -0.767147
vt 0.162643 0.833684
vt 0.170871 0.949044
vt 0.174652 1.517299
vt 0.170861 0.833567
vt 0.170598 0.891331
vt 0.184919 0.833776
vt 0.332555 1.524209
s 1
usemtl MarbleBase
f 1117/2300/1284 1126/2301/1284 1121/2302/1284
f 1072/2303/1285 1017/2304/1285 1076/2305/1285
f 1003/2306/1286 1068/2307/1287 1005/2308/1288
f 981/2309/1289 1129/2310/1290 1003/2306/1291
f 1079/2311/1292 1003/2306/1293 1005/2308/1294
f 981/2309/1295 1077/2312/1296 987/2313/1297
f 1067/2314/1298 1004/2315/1299 1006/2316/1300
f 1078/2317/1301 1006/2316/1302 1004/2315/1303
f 955/2318/1304 1078/2317/1301 1004/2315/1303
f 1068/2307/1287 1006/2316/1300 1005/2308/1288
f 1080/2319/1305 1005/2308/1294 1006/2316/1306
f 1090/2320/1307 1009/2321/1308 1007/2322/1309
f 995/2323/1310 1090/2320/1307 1007/2322/1309
f 1009/2321/1311 1101/2324/1312 1007/2322/1313
f 1007/2322/1313 997/2325/1314 995/2323/1315
f 1091/2326/1316 1008/2327/1317 1010/2328/1318
f 1102/2329/1319 1010/2328/1320 1008/2327/1321
f 954/2330/1322 1102/2329/1319 1008/2327/1321
f 1092/2331/1323 1010/2328/1318 1009/2321/1308
f 1104/2332/1324 1009/2321/1311 1010/2328/1320
f 1098/2333/1325 989/2334/1326 1011/2335/1327
f 1098/2333/1325 1013/2336/1328 1096/2337/1329
f 1013/2336/1330 1085/2338/1331 1087/2339/1332
f 1085/2338/1331 989/2334/1333 988/2340/1334
f 1086/2341/1335 1014/2342/1336 1088/2343/1337
f 1014/2342/1338 1097/2344/1339 1099/2345/1340
f 968/2346/1341 1012/2347/1342 1086/2341/1335
f 1097/2344/1339 968/2346/1343 970/2348/1344
f 1013/2336/1345 1099/2345/1340 1100/2349/1346
f 1014/2342/1336 1087/2339/1332 1088/2343/1337
f 1074/2350/1347 992/2351/1241 1015/2352/1348
f 1074/2350/1347 1017/2304/1349 1072/2303/1350
f 1064/2353/1351 1015/2352/1352 1130/2354/1353
f 1130/2354/1353 992/2351/1268 994/2355/1267
f 1016/2356/1354 1065/2357/1355 1063/2358/1356
f 1018/2359/1357 1073/2360/1358 1075/2361/1359
f 953/2362/1360 1016/2356/1354 1063/2358/1356
f 1073/2360/1358 953/2362/1361 965/2363/1362
f 1017/2304/1363 1075/2361/1359 1076/2305/1364
f 1018/2359/1365 1064/2353/1351 1065/2357/1355
f 1041/2364/1366 1019/2365/1367 1039/2366/1368
f 1002/2367/1369 1019/2365/1367 999/2368/1370
f 1057/2369/1371 1019/2365/1367 1021/2370/1372
f 1020/2371/1373 1042/2372/1374 1040/2373/1375
f 1056/2374/1376 1022/2375/1377 1020/2371/1378
f 971/2376/1379 1020/2371/1373 1040/2373/1375
f 971/2376/1380 1056/2374/1376 1020/2371/1378
f 1022/2375/1381 1041/2364/1366 1042/2372/1374
f 1058/2377/1382 1021/2370/1372 1022/2375/1377
f 1025/2378/1383 1109/2379/1384 1111/2380/1385
f 998/2381/1386 1023/2382/1387 956/2383/1388
f 1115/2384/1389 1023/2385/1387 1025/2386/1390
f 1110/2387/1391 1026/2388/1392 1112/2389/1393
f 1024/2390/1394 1116/2391/1395 1026/2392/1396
f 951/2393/1397 1024/2394/1398 1110/2387/1391
f 951/2395/1399 1114/2396/1400 1024/2390/1394
f 1026/2388/1392 1111/2380/1385 1112/2389/1393
f 1116/2391/1395 1025/2386/1390 1026/2392/1396
f 1032/2397/1401 1029/2398/1402 1027/2399/1403
f 952/2400/1404 1032/2397/1401 1027/2399/1403
f 1044/2401/1405 1027/2399/1406 1029/2398/1407
f 1033/2402/1408 1028/2403/1409 1030/2404/1410
f 1028/2403/1411 1046/2405/1412 1030/2404/1413
f 1028/2403/1411 977/2406/1414 1045/2407/1415
f 1034/2408/1416 1030/2404/1410 1029/2398/1402
f 1046/2405/1412 1029/2398/1407 1030/2404/1413
f 1031/2409/1417 1001/2410/1418 957/2411/1419
f 1033/2402/1408 1035/2412/1420 1031/2409/1417
f 1036/2413/1421 1034/2408/1416 1032/2397/1401
f 974/2414/1422 1036/2413/1421 1032/2397/1401
f 1038/2415/1423 1033/2402/1408 1034/2408/1416
f 1037/2416/1424 1039/2366/1368 1035/2412/1420
f 1035/2412/1420 1002/2367/1369 1001/2410/1418
f 1040/2373/1375 1038/2415/1423 1036/2413/1421
f 974/2414/1422 1040/2373/1375 1036/2413/1421
f 1042/2372/1374 1037/2416/1424 1038/2415/1423
f 1049/2417/1425 1043/2418/1426 1044/2401/1405
f 1043/2418/1426 964/2419/1427 952/2400/1428
f 1045/2407/1415 1050/2420/1429 1046/2405/1412
f 1045/2407/1415 976/2421/1430 1048/2422/1431
f 1050/2420/1429 1044/2401/1405 1046/2405/1412
f 1053/2423/1432 1047/2424/1433 1049/2417/1425
f 1052/2425/1434 1050/2420/1429 1048/2422/1431
f 976/2421/1430 1052/2425/1434 1048/2422/1431
f 1054/2426/1435 1049/2417/1425 1050/2420/1429
f 1127/2427/1436 1051/2428/1437 1053/2423/1432
f 1051/2428/1437 966/2429/1438 964/2419/1427
f 1126/2301/1439 1054/2426/1435 1052/2425/1434
f 1052/2425/1434 982/2430/1440 1126/2301/1439
f 1128/2431/1441 1053/2423/1432 1054/2426/1435
f 1055/2432/1442 993/2433/1443 999/2368/1370
f 1061/2434/1444 1055/2432/1442 1057/2369/1371
f 1060/2435/1445 1058/2377/1382 1056/2374/1376
f 972/2436/1446 1060/2435/1445 1056/2374/1376
f 1062/2437/1447 1057/2369/1371 1058/2377/1382
f 1064/2353/1351 1059/2438/1448 1061/2434/1444
f 1059/2438/1448 994/2355/1267 993/2433/1443
f 1063/2358/1356 1062/2437/1447 1060/2435/1445
f 972/2436/1446 1063/2358/1356 1060/2435/1445
f 1065/2357/1355 1061/2434/1444 1062/2437/1447
f 1071/2439/1449 1066/2440/1450 1067/2314/1298
f 1066/2440/1450 965/2363/1362 955/2318/1451
f 980/2441/1452 1070/2442/1453 1129/2310/1290
f 1072/2303/1350 1067/2314/1298 1068/2307/1287
f 1075/2361/1359 1069/2443/1454 1071/2439/1449
f 1074/2350/1347 1072/2303/1350 1070/2442/1453
f 980/2441/1452 1074/2350/1347 1070/2442/1453
f 1076/2305/1364 1071/2439/1449 1072/2303/1350
f 1083/2444/1455 1077/2312/1296 1079/2311/1292
f 1077/2312/1296 988/2340/1334 987/2313/1297
f 969/2445/1456 1082/2446/1457 1078/2317/1301
f 1084/2447/1458 1079/2311/1292 1080/2319/1305
f 1087/2339/1332 1081/2448/1459 1083/2444/1455
f 1082/2446/1457 1088/2343/1337 1084/2447/1458
f 969/2445/1456 1086/2341/1335 1082/2446/1457
f 1088/2343/1337 1083/2444/1455 1084/2447/1458
f 1095/2449/1460 1089/2450/1461 1091/2326/1316
f 1089/2450/1461 970/2348/1344 954/2330/1462
f 1094/2451/1463 1092/2331/1323 1090/2320/1307
f 991/2452/1464 1094/2451/1463 1090/2320/1307
f 1096/2337/1329 1091/2326/1316 1092/2331/1323
f 1099/2345/1340 1093/2453/1465 1095/2449/1460
f 1098/2333/1325 1096/2337/1329 1094/2451/1463
f 1094/2451/1463 990/2454/1466 1098/2333/1325
f 1100/2349/1346 1095/2449/1460 1096/2337/1329
f 1106/2455/1467 1101/2324/1312 1103/2456/1468
f 1102/2329/1319 1107/2457/1469 1104/2332/1324
f 973/2458/1470 1108/2459/1471 1102/2329/1319
f 1107/2457/1469 1103/2456/1468 1104/2332/1324
f 1111/2380/1385 1105/2460/1472 1106/2455/1467
f 997/2325/1314 1109/2379/1384 998/2381/1386
f 973/2458/1470 1110/2387/1391 1108/2459/1471
f 1112/2389/1393 1106/2455/1467 1107/2457/1469
f 1110/2387/1391 1112/2389/1393 1108/2459/1471
f 956/2461/1388 1113/2462/1473 984/2463/1474
f 1119/2464/1475 1113/2462/1473 1115/2384/1389
f 1114/2396/1400 1120/2465/1476 1116/2391/1395
f 967/2466/1477 1118/2467/1478 1114/2396/1400
f 1120/2465/1476 1115/2384/1389 1116/2391/1395
f 1123/2468/1479 1117/2300/1480 1119/2464/1475
f 1117/2300/1480 985/2469/1481 984/2463/1474
f 1122/2470/1482 1120/2465/1476 1118/2467/1478
f 967/2466/1477 1122/2470/1482 1118/2467/1478
f 1124/2471/1483 1119/2464/1475 1120/2465/1476
f 1123/2468/1479 1126/2301/1484 1117/2300/1480
f 985/2469/1481 1126/2301/1485 982/2430/1486
f 1125/2472/1487 1124/2471/1483 1122/2470/1482
f 966/2429/1488 1125/2472/1487 1122/2470/1482
f 1127/2427/1489 1123/2468/1479 1124/2471/1483
f 1070/2442/1490 1003/2306/1490 1129/2310/1490
f 1096/2337/1491 1013/2336/1491 1100/2349/1491
f 1084/2447/1494 1080/2319/1494 1006/2316/1494
f 1003/2306/1286 1070/2442/1453 1068/2307/1287
f 1079/2311/1292 1077/2312/1296 1003/2306/1293
f 981/2309/1295 1003/2306/1293 1077/2312/1296
f 1067/2314/1298 1066/2440/1450 1004/2315/1299
f 1078/2317/1301 1084/2447/1458 1006/2316/1302
f 1004/2315/1299 1066/2440/1450 955/2318/1451
f 955/2318/1304 969/2445/1456 1078/2317/1301
f 1068/2307/1287 1067/2314/1298 1006/2316/1300
f 1080/2319/1305 1079/2311/1292 1005/2308/1294
f 1090/2320/1307 1092/2331/1323 1009/2321/1308
f 995/2323/1310 991/2452/1464 1090/2320/1307
f 1009/2321/1311 1103/2456/1468 1101/2324/1312
f 1007/2322/1313 1101/2324/1312 997/2325/1314
f 1091/2326/1316 1089/2450/1461 1008/2327/1317
f 1102/2329/1319 1104/2332/1324 1010/2328/1320
f 1008/2327/1317 1089/2450/1461 954/2330/1462
f 954/2330/1322 973/2458/1470 1102/2329/1319
f 1092/2331/1323 1091/2326/1316 1010/2328/1318
f 1104/2332/1324 1103/2456/1468 1009/2321/1311
f 1098/2333/1325 990/2454/1466 989/2334/1326
f 1098/2333/1325 1011/2335/1327 1013/2336/1328
f 1013/2336/1330 1011/2335/1495 1085/2338/1331
f 1085/2338/1331 1011/2335/1495 989/2334/1333
f 1086/2341/1335 1012/2347/1342 1014/2342/1336
f 1014/2342/1338 1012/2347/1496 1097/2344/1339
f 1097/2344/1339 1012/2347/1496 968/2346/1343
f 1013/2336/1345 1014/2342/1338 1099/2345/1340
f 1014/2342/1336 1013/2336/1330 1087/2339/1332
f 1074/2350/1347 979/2473/1242 992/2351/1241
f 1074/2350/1347 1015/2352/1348 1017/2304/1349
f 1064/2353/1351 1017/2304/1497 1015/2352/1352
f 1130/2354/1353 1015/2352/1352 992/2351/1268
f 1016/2356/1354 1018/2359/1365 1065/2357/1355
f 1018/2359/1357 1016/2356/1498 1073/2360/1358
f 1073/2360/1358 1016/2356/1498 953/2362/1361
f 1017/2304/1363 1018/2359/1357 1075/2361/1359
f 1018/2359/1365 1017/2304/1497 1064/2353/1351
f 1041/2364/1366 1021/2370/1499 1019/2365/1367
f 1002/2367/1369 1039/2366/1368 1019/2365/1367
f 1057/2369/1371 1055/2432/1442 1019/2365/1367
f 999/2368/1370 1019/2365/1367 1055/2432/1442
f 1020/2371/1373 1022/2375/1381 1042/2372/1374
f 1056/2374/1376 1058/2377/1382 1022/2375/1377
f 971/2376/1380 972/2436/1446 1056/2374/1376
f 1022/2375/1381 1021/2370/1499 1041/2364/1366
f 1058/2377/1382 1057/2369/1371 1021/2370/1372
f 1025/2378/1383 1023/2382/1387 1109/2379/1384
f 998/2381/1386 1109/2379/1384 1023/2382/1387
f 1115/2384/1389 1113/2462/1473 1023/2385/1387
f 1023/2385/1387 1113/2462/1473 956/2461/1388
f 1110/2387/1391 1024/2394/1398 1026/2388/1392
f 1024/2390/1394 1114/2396/1400 1116/2391/1395
f 951/2395/1399 967/2466/1477 1114/2396/1400
f 1026/2388/1392 1025/2378/1383 1111/2380/1385
f 1116/2391/1395 1115/2384/1389 1025/2386/1390
f 1032/2397/1401 1034/2408/1416 1029/2398/1402
f 952/2400/1404 974/2414/1422 1032/2397/1401
f 1044/2401/1405 1043/2418/1426 1027/2399/1406
f 1027/2399/1406 1043/2418/1426 952/2400/1428
f 1033/2402/1408 1031/2409/1417 1028/2403/1409
f 1028/2403/1411 1045/2407/1415 1046/2405/1412
f 1028/2403/1409 1031/2409/1417 957/2411/1419
f 1028/2403/1411 957/2411/1500 977/2406/1414
f 1034/2408/1416 1033/2402/1408 1030/2404/1410
f 1046/2405/1412 1044/2401/1405 1029/2398/1407
f 1033/2402/1408 1037/2416/1424 1035/2412/1420
f 1001/2410/1418 1031/2409/1417 1035/2412/1420
f 1036/2413/1421 1038/2415/1423 1034/2408/1416
f 1038/2415/1423 1037/2416/1424 1033/2402/1408
f 1037/2416/1424 1041/2364/1366 1039/2366/1368
f 1035/2412/1420 1039/2366/1368 1002/2367/1369
f 1040/2373/1375 1042/2372/1374 1038/2415/1423
f 974/2414/1422 971/2376/1379 1040/2373/1375
f 1042/2372/1374 1041/2364/1366 1037/2416/1424
f 1049/2417/1425 1047/2424/1433 1043/2418/1426
f 1043/2418/1426 1047/2424/1433 964/2419/1427
f 1045/2407/1415 1048/2422/1431 1050/2420/1429
f 1045/2407/1415 977/2406/1414 976/2421/1430
f 1050/2420/1429 1049/2417/1425 1044/2401/1405
f 1053/2423/1432 1051/2428/1437 1047/2424/1433
f 1047/2424/1433 1051/2428/1437 964/2419/1427
f 1052/2425/1434 1054/2426/1435 1050/2420/1429
f 1054/2426/1435 1053/2423/1432 1049/2417/1425
f 976/2421/1430 982/2430/1440 1052/2425/1434
f 1127/2427/1436 1125/2472/1501 1051/2428/1437
f 1051/2428/1437 1125/2472/1501 966/2429/1438
f 1126/2301/1439 1128/2431/1441 1054/2426/1435
f 1128/2431/1441 1127/2427/1436 1053/2423/1432
f 1061/2434/1444 1059/2438/1448 1055/2432/1442
f 993/2433/1443 1055/2432/1442 1059/2438/1448
f 1060/2435/1445 1062/2437/1447 1058/2377/1382
f 1062/2437/1447 1061/2434/1444 1057/2369/1371
f 1064/2353/1351 1130/2354/1353 1059/2438/1448
f 1059/2438/1448 1130/2354/1353 994/2355/1267
f 1063/2358/1356 1065/2357/1355 1062/2437/1447
f 972/2436/1446 953/2362/1360 1063/2358/1356
f 1065/2357/1355 1064/2353/1351 1061/2434/1444
f 1129/2310/1290 981/2309/1289 980/2441/1452
f 1071/2439/1449 1069/2443/1454 1066/2440/1450
f 1066/2440/1450 1069/2443/1454 965/2363/1362
f 1070/2442/1453 1072/2303/1350 1068/2307/1287
f 1072/2303/1350 1071/2439/1449 1067/2314/1298
f 1075/2361/1359 1073/2360/1358 1069/2443/1454
f 1069/2443/1454 1073/2360/1358 965/2363/1362
f 980/2441/1452 979/2473/1242 1074/2350/1347
f 1076/2305/1364 1075/2361/1359 1071/2439/1449
f 1083/2444/1455 1081/2448/1459 1077/2312/1296
f 1077/2312/1296 1081/2448/1459 988/2340/1334
f 1078/2317/1301 1082/2446/1457 1084/2447/1458
f 1084/2447/1458 1083/2444/1455 1079/2311/1292
f 1087/2339/1332 1085/2338/1331 1081/2448/1459
f 1081/2448/1459 1085/2338/1331 988/2340/1334
f 1082/2446/1457 1086/2341/1335 1088/2343/1337
f 969/2445/1456 968/2346/1341 1086/2341/1335
f 1088/2343/1337 1087/2339/1332 1083/2444/1455
f 1095/2449/1460 1093/2453/1465 1089/2450/1461
f 1089/2450/1461 1093/2453/1465 970/2348/1344
f 1094/2451/1463 1096/2337/1329 1092/2331/1323
f 991/2452/1464 990/2454/1466 1094/2451/1463
f 1096/2337/1329 1095/2449/1460 1091/2326/1316
f 1099/2345/1340 1097/2344/1339 1093/2453/1465
f 1093/2453/1465 1097/2344/1339 970/2348/1344
f 1100/2349/1346 1099/2345/1340 1095/2449/1460
f 1106/2455/1467 1105/2460/1472 1101/2324/1312
f 1101/2324/1312 1105/2460/1472 997/2325/1314
f 1102/2329/1319 1108/2459/1471 1107/2457/1469
f 1107/2457/1469 1106/2455/1467 1103/2456/1468
f 1111/2380/1385 1109/2379/1384 1105/2460/1472
f 997/2325/1314 1105/2460/1472 1109/2379/1384
f 1108/2459/1471 1112/2389/1393 1107/2457/1469
f 973/2458/1470 951/2393/1397 1110/2387/1391
f 1112/2389/1393 1111/2380/1385 1106/2455/1467
f 1119/2464/1475 1117/2300/1480 1113/2462/1473
f 1113/2462/1473 1117/2300/1480 984/2463/1474
f 1114/2396/1400 1118/2467/1478 1120/2465/1476
f 1120/2465/1476 1119/2464/1475 1115/2384/1389
f 1117/2300/1480 1121/2302/1502 985/2469/1481
f 1122/2470/1482 1124/2471/1483 1120/2465/1476
f 967/2466/1477 966/2429/1488 1122/2470/1482
f 1124/2471/1483 1123/2468/1479 1119/2464/1475
f 1123/2468/1479 1128/2431/1503 1126/2301/1484
f 985/2469/1481 1121/2302/1502 1126/2301/1485
f 1125/2472/1487 1127/2427/1489 1124/2471/1483
f 1127/2427/1489 1128/2431/1503 1123/2468/1479
usemtl MarbleCracking
f 963/2263/1230 960/2264/1231 958/2265/1232
f 962/2266/1233 960/2264/1231 961/2267/1234
f 960/2264/1231 959/2268/1235 958/2265/1232
f 982/2269/1236 976/2270/1237 975/2271/1238
f 976/2270/1237 977/2272/1239 975/2271/1238
f 977/2272/1239 957/2273/1240 975/2271/1238
f 992/2274/1241 979/2275/1242 978/2276/1243
f 979/2275/1244 980/2277/1245 978/2276/1246
f 980/2277/1245 981/2278/1247 978/2276/1246
f 956/2279/1248 984/2280/1249 983/2281/1250
f 984/2280/1249 985/2282/1251 983/2281/1250
f 985/2282/1252 982/2269/1236 983/2281/1253
f 981/2278/1254 987/2283/1254 986/2284/1254
f 987/2283/1255 988/2285/1256 986/2284/1257
f 988/2285/1256 989/2286/1258 986/2284/1257
f 989/2286/1259 990/2287/1260 986/2284/1261
f 990/2287/1260 991/2288/1262 986/2284/1261
f 991/2288/1262 995/2289/1263 986/2284/1261
f 999/2290/1264 993/2291/1265 978/2276/1246
f 993/2291/1265 994/2292/1266 978/2276/1246
f 994/2292/1267 992/2274/1268 978/2276/1269
f 995/2289/1263 997/2293/1270 996/2294/1271
f 997/2295/1270 998/2296/1272 996/2294/1271
f 998/2296/1272 956/2279/1273 996/2294/1271
f 957/2273/1274 1001/2297/1275 1000/2298/1276
f 1001/2297/1275 1002/2299/1277 1000/2298/1276
f 1002/2299/1278 999/2290/1264 1000/2298/1279
f 975/2271/1280 1000/2298/1276 962/2266/1281
f 975/2271/1238 961/2267/1234 982/2269/1236
f 959/2268/1235 978/2276/1246 981/2278/1247
f 983/2281/1253 961/2267/1234 963/2263/1230
f 983/2281/1282 996/2294/1271 956/2279/1283
f 958/2265/1232 986/2284/1261 995/2289/1263
f 962/2266/1233 978/2276/1246 960/2264/1231
f 996/2294/1271 958/2265/1232 995/2289/1263
f 963/2263/1230 961/2267/1234 960/2264/1231
f 975/2271/1280 957/2273/1274 1000/2298/1276
f 975/2271/1238 962/2266/1492 961/2267/1234
f 959/2268/1235 960/2264/1231 978/2276/1246
f 983/2281/1253 982/2269/1236 961/2267/1234
f 983/2281/1282 963/2263/1493 996/2294/1271
f 959/2268/1235 981/2278/1247 986/2284/1261
f 958/2265/1232 959/2268/1235 986/2284/1261
f 962/2266/1233 999/2290/1264 978/2276/1246
f 996/2294/1271 963/2263/1493 958/2265/1232
f 1000/2298/1279 999/2290/1264 962/2266/1233
o ColumnBase.001
v -5.470802 0.441272 2.111821
v -5.385411 0.581778 2.146664
v -4.941553 0.441272 1.882920
v -4.976074 0.581104 1.967647
v -5.250517 0.454458 2.663275
v -4.712874 0.441117 2.411910
v -4.797812 0.581582 2.378299
vn -0.3609 0.4165 -0.8344
vn -0.8416 0.4307 0.3259
vn -0.1035 0.9591 0.2634
vn 0.8339 0.4180 -0.3604
vn 0.3909 0.4310 0.8133
vn -0.3620 0.4257 -0.8293
vn 0.0010 1.0000 -0.0016
vn 0.8306 0.4239 -0.3611
vt 0.502599 0.031251
vt 0.598438 0.384547
vt 0.502779 0.498998
vt 0.970234 0.015954
vt 0.614419 0.126359
vt 0.857589 0.390241
vt 0.969042 0.485119
s 1
usemtl MarbleBase
f 1131/2474/1504 1134/2475/1504 1133/2476/1504
f 1135/2477/1505 1132/2478/1505 1131/2474/1505
f 1137/2479/1506 1132/2478/1506 1135/2477/1506
f 1133/2476/1507 1137/2479/1507 1136/2480/1507
f 1137/2479/1508 1135/2477/1508 1136/2480/1508
f 1131/2474/1509 1132/2478/1509 1134/2475/1509
f 1137/2479/1510 1134/2475/1510 1132/2478/1510
f 1133/2476/1511 1134/2475/1511 1137/2479/1511
o Column.001
v -5.171504 0.561071 2.081613
v -5.272110 0.561071 2.341765
v -5.011955 0.561071 2.442370
v -5.024422 0.561071 2.083995
v -4.913732 0.561071 2.329300
v -5.263752 10.602335 2.344542
v -5.091730 10.612543 2.261992
v -5.122085 10.590055 2.346707
v -5.061375 10.557337 2.177278
v -5.026914 10.587811 2.380813
v -5.214431 10.587044 2.297260
v -5.156777 10.565265 2.154320
v -5.318451 0.561071 2.254908
v -4.938007 0.561071 2.431175
v -5.269727 0.561071 2.194683
v -5.245452 0.561071 2.092808
v -4.911350 0.561071 2.182218
v -4.865007 0.561071 2.269076
v -4.922547 0.561071 2.108267
v -5.159039 0.561071 2.439989
v -5.098812 0.561071 2.488714
v -5.084647 0.561071 2.035270
v -5.260913 0.561071 2.415715
v -5.309538 10.614623 2.242351
v -5.315064 10.617637 2.297518
v -4.938308 10.597638 2.431084
v -4.910187 10.588929 2.373882
v -5.261159 10.605023 2.201282
v -5.248404 10.569918 2.096110
v -5.272919 10.592435 2.146436
v -4.922300 10.605711 2.322702
v -4.964757 10.577264 2.220192
v -4.861053 10.603567 2.264347
v -4.918048 10.603210 2.181906
v -4.970033 10.579488 2.194317
v -4.918894 10.581394 2.122418
v -4.952986 10.591312 2.083126
v -5.012043 10.587191 2.430674
v -5.115943 10.587212 2.477592
v -5.055712 10.592326 2.485926
v -5.031019 10.564449 2.092563
v -5.134568 10.587842 2.132367
v -5.069279 10.567956 2.045850
v -5.114459 10.563301 2.034914
v -5.175832 10.574517 2.092831
v -5.152441 10.602067 2.431422
v -5.204000 10.610103 2.323682
v -5.240365 10.619511 2.438823
v -4.858323 7.557617 2.246963
v -4.870817 7.558486 2.211716
v -4.917713 8.294039 2.324346
v -4.917460 7.559788 2.325285
v -4.916809 8.049291 2.324203
v -4.917245 7.804541 2.324514
v -5.029629 8.294039 2.087620
v -5.028436 7.559788 2.087722
v -5.029519 8.049291 2.087070
v -5.029207 7.804541 2.087507
v -4.918062 8.294039 2.179951
v -4.917641 7.559788 2.180703
v -4.918460 8.049290 2.179713
v -4.918062 7.804541 2.179951
v -5.009417 8.294039 2.436235
v -5.009982 7.559788 2.436150
v -5.009451 8.049290 2.435261
v -5.010148 7.804541 2.435590
v -5.153831 8.294039 2.436364
v -5.155024 7.559788 2.436262
v -5.153942 8.049291 2.436914
v -5.154253 7.804541 2.436477
v -5.173770 8.294039 2.088325
v -5.173019 7.559788 2.087903
v -5.173770 8.049290 2.088325
v -5.173770 7.804541 2.088325
v -5.265819 7.559788 2.343281
v -5.265398 8.294039 2.344033
v -5.265398 7.804541 2.344033
v -5.265483 8.049290 2.344597
v -5.270485 8.294038 2.400559
v -5.270430 7.559788 2.400695
v -5.270508 8.049290 2.399448
v -5.270497 7.804541 2.399952
v -5.248612 8.294038 2.434284
v -5.247706 7.559789 2.435558
v -5.251931 8.049290 2.432048
v -5.249761 7.804541 2.433743
v -5.212043 8.294039 2.448743
v -5.211310 7.559788 2.448731
v -5.212853 8.049290 2.448780
v -5.212042 7.804541 2.448743
v -5.311365 7.559788 2.312947
v -5.311829 7.804541 2.312458
v -5.311830 8.294038 2.312457
v -5.312360 8.049290 2.311934
v -5.324829 7.559789 2.277733
v -5.324760 8.294038 2.274980
v -5.324760 7.804541 2.274981
v -5.324449 8.049290 2.273749
v -5.312937 7.559788 2.236923
v -5.312394 8.294039 2.236320
v -5.312391 7.804541 2.236318
v -5.312391 8.049290 2.236318
v -5.117568 8.294039 2.482576
v -5.116799 7.559788 2.483199
v -5.117402 8.049290 2.482656
v -5.117402 7.804541 2.482656
v -5.078742 8.294038 2.495023
v -5.075989 7.559789 2.495092
v -5.078742 8.049290 2.495023
v -5.076700 7.806713 2.495399
v -5.055067 7.792552 2.485528
v -5.040936 7.559788 2.481709
v -5.041263 8.049290 2.482091
v -5.041453 7.805842 2.482906
v -4.904991 7.559788 2.381572
v -4.904935 8.294039 2.382126
v -4.904978 7.804541 2.382305
v -4.905016 8.049290 2.382460
v -4.918165 7.559789 2.417970
v -4.919980 8.294038 2.420024
v -4.919980 7.804541 2.420025
v -4.920664 8.049290 2.421477
v -4.953032 7.559788 2.440692
v -4.953633 8.294038 2.440700
v -4.953774 7.804541 2.440760
v -4.954444 8.049290 2.440844
v -4.867605 7.792607 2.273064
v -4.871145 8.294039 2.287829
v -4.870995 7.559788 2.287517
v -4.871065 8.049290 2.287663
v -4.869431 7.805801 2.286438
v -4.859011 8.294038 2.250236
v -4.858698 8.049290 2.249004
v -4.858322 7.806712 2.246963
v -4.871171 8.294038 2.211920
v -4.868196 7.571784 2.225328
v -4.871632 8.049290 2.211524
v -4.872014 7.804541 2.211196
v -4.972150 7.559788 2.075253
v -4.970756 8.294039 2.075170
v -4.971416 7.804541 2.075242
v -4.971259 8.049290 2.075280
v -4.935752 7.559789 2.088426
v -4.932981 8.294038 2.091251
v -4.933698 7.804541 2.090241
v -4.931883 8.047117 2.091247
v -4.921443 8.061276 2.112610
v -4.913030 7.559788 2.123292
v -4.912962 8.294038 2.124033
v -4.912962 7.804541 2.124035
v -4.912591 8.047988 2.123285
v -5.065500 8.294039 2.041802
v -5.066204 7.559788 2.041258
v -5.066059 8.049290 2.041327
v -5.066524 7.804541 2.040852
v -5.101979 8.294038 2.028863
v -5.106275 7.559789 2.028568
v -5.104718 8.049290 2.028961
v -5.105914 7.804541 2.029286
v -5.141801 8.294038 2.041432
v -5.142687 7.559788 2.042358
v -5.142197 8.049290 2.041893
v -5.142197 7.804541 2.041893
v -5.229688 8.294038 2.083224
v -5.230430 7.559788 2.083292
v -5.229686 8.049290 2.083224
v -5.229686 7.804541 2.083225
v -5.264754 8.294038 2.104865
v -5.265296 7.559789 2.106014
v -5.262470 8.049290 2.103242
v -5.263480 7.804541 2.103960
v -5.278469 8.294039 2.142410
v -5.278469 7.559788 2.142410
v -5.278518 8.049290 2.140867
v -5.278480 7.804541 2.141678
v -5.265999 7.559788 2.198699
v -5.265860 8.294039 2.199216
v -5.266215 7.804541 2.199470
v -5.266652 8.049291 2.199781
v -5.041400 8.294038 2.482163
vn -0.1734 0.9834 -0.0532
vn -0.0614 0.9975 0.0357
vn -0.4063 0.9134 -0.0263
vn -0.0528 0.9975 0.0464
vn 0.0265 0.9900 -0.1383
vn 0.0246 0.9802 -0.1963
vn -0.1020 0.9571 -0.2711
vn -0.0362 0.9583 -0.2834
vn 0.0091 0.9997 0.0233
vn 0.2856 0.9562 -0.0633
vn 0.2678 0.9633 0.0200
vn 0.2908 0.9566 -0.0175
vn 0.0114 0.9892 -0.1462
vn -0.0128 0.9998 0.0162
vn -0.0500 0.9931 -0.1060
vn -0.0029 0.9938 0.1111
vn -0.1493 0.9884 -0.0291
vn -0.1396 0.9900 0.0208
vn 0.1556 0.9736 -0.1671
vn 0.2367 0.9302 -0.2804
vn -0.2212 0.9734 -0.0603
vn -0.0313 0.9995 0.0042
vn -0.1382 0.9869 0.0838
vn -0.0210 0.9994 0.0290
vn 0.1753 0.9844 0.0138
vn 0.0767 0.9941 0.0767
vn -0.0429 0.9976 -0.0546
vn 0.0833 0.9831 -0.1631
vn -0.1211 0.9659 0.2287
vn -0.0465 0.9664 -0.2529
vn 0.0768 0.9954 -0.0571
vn 0.3839 -0.1726 0.9071
vn 0.6344 -0.2442 0.7335
vn -0.0297 -0.3186 0.9474
vn 0.8726 0.1729 -0.4568
vn 0.9558 0.2443 -0.1636
vn 0.5791 0.3184 -0.7505
vn 0.9767 0.0008 -0.2147
vn 0.9960 0.0003 0.0898
vn 0.9801 0.0009 -0.1984
vn 0.9955 0.0028 0.0943
vn 0.9967 0.0017 0.0806
vn 0.8235 0.0004 0.5673
vn 0.6185 0.0026 0.7858
vn 0.6240 0.0010 0.7814
vn 0.9937 0.0073 0.1122
vn 0.6898 0.0019 0.7240
vn 0.9964 -0.0005 0.0846
vn 0.9765 0.0003 -0.2156
vn 0.9784 -0.0008 -0.2069
vn 0.8570 0.0429 0.5135
vn 0.6627 -0.0292 0.7483
vn 0.6307 0.0013 0.7760
vn 0.7767 -0.0010 0.6299
vn 0.7823 -0.2342 0.5771
vn -0.2062 0.0012 -0.9785
vn 0.1441 0.0344 -0.9890
vn -0.1984 0.0001 -0.9801
vn -0.1227 0.0043 -0.9924
vn 0.0968 0.0003 -0.9953
vn 0.5670 -0.0000 -0.8237
vn 0.7868 0.0011 -0.6172
vn 0.7813 0.0008 -0.6242
vn 0.5360 0.0021 -0.8442
vn 0.7737 0.0019 -0.6336
vn 0.0847 -0.0003 -0.9964
vn -0.2156 0.0003 -0.9765
vn -0.2069 -0.0008 -0.9784
vn 0.5624 0.0011 -0.8269
vn 0.7805 0.0001 -0.6251
vn 0.7760 0.0013 -0.6307
vn 0.6299 -0.0010 -0.7767
vn 0.5567 -0.0000 -0.8307
vn 0.9405 0.0022 -0.3398
vn 0.9959 0.0004 0.0900
vn 0.9739 -0.0022 -0.2270
vn 0.9985 0.0336 0.0434
vn 0.5620 0.0002 -0.8271
vn 0.8025 0.0006 -0.5967
vn 0.7945 0.0005 -0.6073
vn 0.6007 0.0345 -0.7988
vn 0.8211 -0.0481 -0.5687
vn 0.9081 0.1824 -0.3768
vn 0.9959 0.0008 0.0900
vn 0.9692 0.0010 -0.2462
vn 0.9738 -0.0013 -0.2274
vn 0.8811 -0.0031 -0.4729
vn 0.7335 0.2449 -0.6341
vn 0.9889 -0.0010 -0.1485
vn 0.7365 -0.0024 -0.6765
vn 0.5615 -0.0007 -0.8275
vn 0.2326 -0.0005 0.9726
vn -0.0072 0.0042 1.0000
vn -0.0798 -0.0008 0.9968
vn -0.0988 -0.0000 0.9951
vn 0.2091 0.0001 0.9779
vn 0.8267 -0.0008 0.5626
vn 0.6034 0.0002 0.7974
vn 0.6083 0.0005 0.7937
vn 0.7853 0.0038 0.6191
vn 0.3753 0.0052 0.9269
vn 0.6197 0.0031 0.7848
vn 0.7988 -0.0336 0.6007
vn -0.0905 0.0007 0.9959
vn 0.2464 0.0011 0.9692
vn 0.2278 -0.0002 0.9737
vn 0.4728 -0.0030 0.8812
vn 0.8272 0.0011 0.5620
vn 0.1485 -0.0010 0.9889
vn 0.6765 -0.0024 0.7365
vn -0.1025 -0.0000 0.9947
vn 0.2072 0.0009 0.9783
vn -0.0835 -0.0005 0.9965
vn 0.0867 0.0052 0.9962
vn -0.5867 0.0090 0.8097
vn -0.5673 0.0002 0.8235
vn -0.7863 0.0009 0.6179
vn -0.7813 0.0009 0.6241
vn -0.5138 0.0037 0.8579
vn -0.7842 0.0018 0.6205
vn 0.2156 0.0003 0.9765
vn -0.0849 0.0002 0.9964
vn -0.0655 0.0007 0.9979
vn -0.5525 0.0010 0.8335
vn -0.7811 -0.0001 0.6243
vn -0.7754 0.0013 0.6315
vn -0.2296 -0.0029 0.9733
vn -0.6298 -0.0010 0.7767
vn 0.2068 -0.0007 0.9784
vn -0.5208 -0.0343 0.8530
vn -0.8269 0.0001 -0.5624
vn -0.5962 -0.0000 -0.8028
vn -0.6071 0.0008 -0.7946
vn -0.2267 -0.0001 -0.9740
vn 0.0908 0.0010 -0.9959
vn 0.0908 -0.0000 -0.9959
vn -0.8319 0.0003 -0.5549
vn -0.6084 -0.0005 -0.7936
vn -0.6225 0.0005 -0.7827
vn -0.2462 0.0010 -0.9692
vn 0.0900 -0.0001 -0.9959
vn 0.0801 0.0014 -0.9968
vn -0.4728 -0.0030 -0.8812
vn -0.1485 -0.0010 -0.9889
vn -0.8269 -0.0008 -0.5623
vn -0.2281 -0.0009 -0.9736
vn -0.9692 0.0010 0.2463
vn -0.9959 -0.0002 -0.0900
vn -0.9968 0.0014 -0.0801
vn -0.9889 -0.0010 0.1485
vn -0.7945 0.0001 0.6073
vn -0.5549 0.0003 0.8319
vn -0.5630 -0.0007 0.8265
vn -0.9770 0.0006 0.2134
vn -0.9960 0.0006 -0.0897
vn -0.9958 -0.0000 -0.0912
vn -0.5630 -0.0000 0.8264
vn -0.8053 -0.0000 0.5929
vn -0.5717 -0.0000 0.8205
vn -0.6736 0.0038 0.7391
vn -0.7946 -0.0005 0.6072
vn -0.9736 -0.0006 0.2283
vn -0.9720 0.0085 0.2348
vn -0.9705 0.0002 0.2411
vn -0.6336 -0.0009 0.7737
vn -0.6206 0.0008 0.7842
vn -0.7365 -0.0024 0.6765
vn -0.6438 -0.0001 0.7652
vn -0.6669 0.0008 0.7451
vn -0.9999 -0.0003 0.0114
vn -0.7818 0.0007 0.6236
vn -0.9954 -0.0024 -0.0955
vn -0.8812 -0.0030 0.4728
vn -1.0000 -0.0001 -0.0021
vn -0.9437 0.0050 0.3307
vn -0.9999 0.0001 0.0116
vn -0.8236 -0.0009 -0.5671
vn -0.9991 0.0009 0.0416
vn -0.8233 0.0011 -0.5677
vn -0.8972 0.0043 -0.4417
vn -0.8230 -0.0000 -0.5681
vn -0.6243 -0.0001 -0.7811
vn -0.8335 0.0010 -0.5525
vn -0.7767 -0.0010 -0.6298
vn -0.6235 0.0010 -0.7818
vn -0.6465 0.0028 -0.7629
vn -0.6241 0.0001 -0.7813
vn 0.0107 0.0005 0.9999
vn -0.5711 0.0010 0.8209
vn 0.0104 0.0007 0.9999
vn 0.0416 0.0033 0.9991
vn -0.0955 -0.0024 0.9954
vn 0.7649 -0.0008 0.6442
vn 0.9979 0.0007 0.0655
vn 0.9733 -0.0029 0.2296
vn 0.7660 0.0014 0.6429
vn 0.5273 0.0046 0.8497
vn 0.7537 -0.0001 0.6572
vn 0.7841 0.0008 0.6206
vn 0.9999 0.0004 -0.0118
vn 0.8196 0.0010 0.5729
vn 0.9954 -0.0025 0.0956
vn 0.9473 0.3189 0.0297
vn 0.9359 -0.3409 -0.0889
vn 1.0000 0.0001 0.0017
vn 0.9275 -0.1703 0.3327
vn 0.8193 0.0092 -0.5733
vn 0.6436 -0.0015 -0.7654
vn 0.0655 0.0007 -0.9979
vn 0.2295 -0.0029 -0.9733
vn 0.6544 -0.0029 -0.7561
vn 0.3859 0.0049 -0.9225
vn 0.6206 0.0008 -0.7842
vn -0.0112 0.0003 -0.9999
vn 0.5833 0.0007 -0.8122
vn -0.2601 0.0047 -0.9656
vn -0.0242 -0.0001 -0.9997
vn 0.0956 -0.0024 -0.9954
vn -0.0281 0.0010 -0.9996
vn 0.0186 0.0001 -0.9998
vn -0.6884 0.0061 -0.7253
vn -0.2286 0.0009 -0.9735
vn -0.5926 0.0046 -0.8055
vn -0.0432 0.0052 -0.9991
vn -0.7569 0.0001 -0.6536
vn -0.7841 0.0008 -0.6206
vn -0.6765 -0.0024 -0.7365
vn -0.7652 -0.0003 -0.6437
vn -0.9977 0.0002 -0.0672
vn -0.7762 -0.0000 -0.6304
vn -0.9987 0.0024 -0.0516
vn -0.9979 0.0007 -0.0655
vn -0.9964 0.0001 -0.0849
vn -0.9948 0.0007 -0.1018
vn -0.9766 0.0008 0.2152
vn -0.9779 0.0018 0.2093
vn -0.9765 0.0003 0.2156
vn -0.9733 -0.0029 -0.2296
vn -0.9784 -0.0007 0.2068
vn 0.0997 0.9902 0.0981
vn 0.9732 0.0018 -0.2298
vn 0.9999 -0.0000 -0.0142
vn 0.5633 0.0003 -0.8262
vn 0.9968 0.0014 0.0801
vn 0.8206 -0.0000 0.5715
vn -0.0795 0.0016 0.9968
vn 0.1975 0.0001 0.9803
vn -0.8262 0.0002 -0.5633
vn -0.6315 0.0013 -0.7754
vn -0.9803 0.0008 0.1974
vt 1.682970 2.498940
vt 1.771954 2.595455
vt 1.568645 2.728842
vt 1.757486 1.810708
vt 2.087527 2.204221
vt 1.713941 2.179549
vt 2.439088 1.922545
vt 2.344039 1.809115
vt 2.397511 2.583367
vt 2.103253 1.512350
vt 2.306823 1.419322
vt 2.494694 1.485433
vt 2.585876 1.735786
vt 2.558779 2.697803
vt 2.464438 2.933564
vt 2.247122 2.971274
vt 2.075449 2.879027
vt 1.560411 1.653148
vt 1.711659 1.419564
vt 1.923766 1.401667
vt 1.805549 2.972162
vt 1.360522 2.603803
vt 1.289021 2.445877
vt 1.397128 2.189733
vt 2.732377 2.225045
vt 2.833963 2.411637
vt 2.780656 2.603651
vt 1.276886 2.004367
vt 1.633840 1.860790
vt 1.249311 1.895157
vt 1.287403 1.766020
vt 2.838030 1.944551
vt -0.731117 0.889981
vt -0.728519 0.893170
vt -0.736248 0.893332
vt -0.611939 0.952393
vt -0.614523 0.949229
vt -0.606847 0.949061
vt -0.671073 1.007021
vt -0.685731 0.949913
vt -0.671284 0.949860
vt -0.682058 1.532346
vt -0.684924 1.007069
vt -0.657110 0.949782
vt -0.648909 1.535231
vt -0.668870 1.536353
vt -0.685620 0.892667
vt -0.671807 0.835361
vt -0.671427 0.892749
vt -0.657677 0.835493
vt -0.668216 -0.766840
vt -0.657171 0.893135
vt -0.584107 1.006447
vt -0.598648 0.949665
vt -0.584636 0.949622
vt -0.580983 1.526306
vt -0.598255 1.006514
vt -0.570311 0.949621
vt -0.566060 1.527117
vt -0.598905 0.892794
vt -0.583890 0.835740
vt -0.585082 0.892854
vt -0.569826 0.835974
vt -0.581532 -0.766622
vt -0.570530 0.892799
vt -0.609251 1.530582
vt -0.627628 1.006747
vt -0.614540 1.006688
vt -0.627895 0.949675
vt -0.640982 1.006837
vt -0.641141 0.949693
vt -0.627852 0.835467
vt -0.641209 0.892802
vt -0.644089 0.838159
vt -0.628178 0.892833
vt -0.614452 0.835513
vt -0.614903 0.892776
vt -0.625257 -0.766727
vt -0.641470 0.834921
vt -0.606682 -0.766678
vt -0.701192 1.007232
vt -0.712252 1.531817
vt -0.714633 1.007243
vt -0.714816 0.949879
vt -0.701740 0.950054
vt -0.728087 1.007397
vt -0.728111 0.949962
vt -0.727646 1.532739
vt -0.728545 0.835229
vt -0.715052 0.892735
vt -0.702041 0.835353
vt -0.701706 0.892729
vt -0.711938 -0.766961
vt -0.715371 0.835418
vt -0.693366 -0.766904
vt -0.772565 0.950229
vt -0.758600 1.007509
vt -0.772494 1.007595
vt -0.755523 1.535847
vt -0.774897 1.539388
vt -0.744187 0.950043
vt -0.758119 0.950153
vt -0.740936 1.532370
vt -0.759050 0.835331
vt -0.772752 0.892725
vt -0.773087 0.835198
vt -0.744887 0.835347
vt -0.758600 0.892804
vt -0.754897 -0.767091
vt -0.744448 0.892751
vt -0.889974 0.950645
vt -0.902749 1.008513
vt -0.903448 0.950608
vt -0.876506 0.950550
vt -0.889326 1.008366
vt -0.889541 0.834939
vt -0.903631 0.892707
vt -0.903072 0.834790
vt -0.876446 0.834969
vt -0.890431 0.892632
vt -0.885294 -0.767542
vt -0.876682 0.892696
vt -0.789362 0.835342
vt -0.802546 0.892827
vt -0.802383 0.835341
vt -0.798617 -0.767231
vt -0.815962 0.892781
vt -0.788810 0.950202
vt -0.801840 1.007631
vt -0.802262 0.950278
vt -0.815582 0.950287
vt -0.796149 1.535677
vt -0.815289 1.007764
vt -0.788851 0.892772
vt -0.788748 1.007644
vt -0.780745 1.007622
vt -0.781280 0.835176
vt -0.780045 -0.767166
vt -0.780942 0.892727
vt -0.780931 0.950378
vt -0.823846 0.892836
vt -0.815569 0.835221
vt -0.822313 -0.767309
vt -0.823593 0.950276
vt -0.812618 1.539463
vt -0.823305 1.007900
vt -0.832049 0.892816
vt -0.823469 0.835170
vt -0.831589 1.007900
vt -0.824911 1.538795
vt -0.831820 0.950380
vt -0.846256 0.892820
vt -0.831904 0.835284
vt -0.841575 -0.767381
vt -0.845544 1.007976
vt -0.839022 1.537260
vt -0.846057 0.950407
vt -0.736006 0.950036
vt -0.744393 1.007425
vt -0.736149 1.007444
vt -0.736470 0.835175
vt -0.735634 -0.767028
vt -0.693821 0.892670
vt -0.685781 0.835212
vt -0.693149 1.007138
vt -0.696334 1.533366
vt -0.693996 0.949928
vt -0.693949 0.835181
vt -0.648969 0.949760
vt -0.657230 1.006877
vt -0.648953 -0.766785
vt -0.649325 0.834772
vt -0.648999 0.893333
vt -0.649026 1.006805
vt -0.654300 0.890039
vt -0.625364 1.536170
vt -0.607034 0.892745
vt -0.598166 0.835514
vt -0.606590 1.006650
vt -0.598370 1.531581
vt -0.606363 0.835397
vt -0.911415 0.950711
vt -0.916786 1.008810
vt -0.917382 0.950708
vt -0.902173 1.527503
vt -0.910368 1.530190
vt -0.916942 0.834885
vt -0.911593 0.892721
vt -0.917647 0.892618
vt -0.907961 -0.767626
vt -0.910986 0.834884
vt -0.910818 1.008752
vt -0.882198 1.530364
vt -0.876144 1.008247
vt -0.865471 1.529915
vt -0.868559 0.950448
vt -0.868357 0.834860
vt -0.866723 -0.767469
vt -0.868707 0.892680
vt -0.859897 1.008216
vt -0.868156 1.008171
vt -0.852957 1.533991
vt -0.860149 0.834939
vt -0.860471 0.892705
vt -0.860220 0.950418
vt -0.846086 0.835166
vt 2.415706 2.223032
vt -0.569928 1.006490
vt -0.565671 -0.766580
s 1
usemtl MarbleBase
f 1248/2513/1543 1251/2514/1544 1247/2515/1545
f 1284/2516/1546 1288/2517/1547 1283/2518/1548
f 1188/2519/1549 1255/2520/1550 1190/2521/1551
f 1188/2519/1549 1164/2522/1552 1253/2523/1553
f 1267/2524/1554 1188/2519/1555 1190/2521/1556
f 1188/2519/1555 1170/2525/1557 1168/2526/1558
f 1254/2527/1559 1189/2528/1560 1191/2529/1561
f 1266/2530/1562 1191/2529/1563 1189/2528/1564
f 1142/2531/1565 1266/2530/1562 1189/2528/1564
f 1255/2520/1550 1191/2529/1561 1190/2521/1551
f 1268/2532/1566 1190/2521/1556 1191/2529/1563
f 1192/2533/1567 1279/2534/1568 1194/2535/1569
f 1178/2536/1570 1277/2537/1571 1192/2533/1567
f 1291/2538/1572 1192/2533/1573 1194/2535/1574
f 1192/2533/1573 1180/2539/1575 1178/2536/1576
f 1278/2540/1577 1193/2541/1578 1195/2542/1579
f 1290/2543/1580 1195/2542/1581 1193/2541/1582
f 1141/2544/1583 1290/2543/1580 1193/2541/1582
f 1279/2534/1568 1195/2542/1579 1194/2535/1569
f 1292/2545/1584 1194/2535/1574 1195/2542/1581
f 1173/2546/1585 1196/2547/1586 1286/2548/1587
f 1286/2548/1587 1198/2549/1588 1284/2516/1546
f 1198/2549/1589 1272/2550/1590 1274/2551/1591
f 1197/2552/1592 1275/2553/1593 1273/2554/1594
f 1199/2555/1595 1285/2556/1596 1287/2557/1597
f 1154/2558/1598 1197/2552/1592 1187/2559/1599
f 1285/2556/1596 1154/2558/1600 1156/2560/1601
f 1198/2549/1588 1287/2557/1597 1288/2517/1547
f 1199/2555/1602 1274/2551/1591 1275/2553/1593
f 1261/2561/1603 1175/2562/1604 1200/2563/1605
f 1261/2561/1603 1202/2564/1606 1263/2565/1607
f 1202/2564/1608 1317/2566/1609 1250/2567/1610
f 1317/2566/1609 1175/2562/1611 1177/2568/1612
f 1249/2569/1613 1203/2570/1614 1248/2513/1543
f 1203/2570/1615 1260/2571/1616 1262/2572/1617
f 1140/2573/1618 1201/2574/1619 1249/2569/1613
f 1260/2571/1616 1140/2573/1620 1151/2575/1621
f 1202/2564/1606 1262/2572/1617 1263/2565/1607
f 1203/2570/1614 1250/2567/1610 1251/2514/1544
f 1226/2576/1622 1204/2577/1623 1224/2578/1624
f 1224/2578/1624 1183/2579/1625 1185/2580/1626
f 1242/2581/1627 1204/2577/1628 1206/2582/1629
f 1204/2577/1628 1176/2583/1630 1183/2579/1631
f 1205/2584/1632 1227/2585/1633 1225/2586/1634
f 1241/2587/1635 1207/2588/1636 1205/2584/1637
f 1157/2589/1638 1205/2584/1632 1225/2586/1634
f 1157/2589/1639 1241/2587/1635 1205/2584/1637
f 1207/2588/1640 1226/2576/1622 1227/2585/1633
f 1243/2590/1641 1206/2582/1629 1207/2588/1636
f 1210/2591/1642 1297/2592/1643 1299/2593/1644
f 1303/2594/1645 1208/2595/1646 1210/2591/1647
f 1209/2596/1648 1300/2597/1649 1298/2598/1650
f 1302/2599/1651 1211/2600/1652 1209/2596/1653
f 1138/2601/1654 1209/2596/1648 1298/2598/1650
f 1138/2601/1655 1302/2599/1651 1209/2596/1653
f 1211/2600/1656 1299/2593/1644 1300/2597/1649
f 1304/2602/1657 1210/2591/1647 1211/2600/1652
f 1217/2603/1658 1214/2604/1659 1212/2605/1660
f 1139/2606/1661 1217/2603/1658 1212/2605/1660
f 1229/2607/1662 1212/2605/1663 1214/2604/1664
f 1218/2608/1665 1213/2609/1666 1215/2610/1667
f 1213/2609/1668 1231/2611/1669 1215/2610/1670
f 1143/2612/1671 1230/2613/1672 1213/2609/1668
f 1219/2614/1673 1215/2610/1667 1214/2604/1659
f 1231/2611/1669 1214/2604/1664 1215/2610/1670
f 1143/2612/1674 1216/2615/1675 1185/2580/1626
f 1218/2608/1665 1220/2616/1676 1216/2615/1675
f 1221/2617/1677 1219/2614/1673 1217/2603/1658
f 1160/2618/1678 1221/2617/1677 1217/2603/1658
f 1223/2619/1679 1218/2608/1665 1219/2614/1673
f 1222/2620/1680 1224/2578/1624 1220/2616/1676
f 1225/2586/1634 1223/2619/1679 1221/2617/1677
f 1160/2618/1678 1225/2586/1634 1221/2617/1677
f 1227/2585/1633 1222/2620/1680 1223/2619/1679
f 1234/2621/1681 1228/2622/1682 1229/2607/1662
f 1228/2622/1682 1150/2623/1683 1139/2606/1684
f 1230/2613/1672 1235/2624/1685 1231/2611/1669
f 1162/2625/1686 1233/2626/1687 1230/2613/1672
f 1235/2624/1685 1229/2607/1662 1231/2611/1669
f 1238/2627/1688 1232/2628/1689 1234/2621/1681
f 1237/2629/1690 1235/2624/1685 1233/2626/1687
f 1233/2626/1687 1161/2630/1691 1237/2629/1690
f 1239/2631/1692 1234/2621/1681 1235/2624/1685
f 1315/2632/1693 1236/2633/1694 1238/2627/1688
f 1236/2633/1694 1152/2634/1695 1150/2623/1683
f 1314/2635/1696 1239/2631/1692 1237/2629/1690
f 1237/2629/1690 1165/2636/1697 1314/2635/1696
f 1316/2637/1698 1238/2627/1688 1239/2631/1692
f 1246/2638/1699 1240/2639/1700 1242/2581/1627
f 1176/2583/1630 1244/2640/1701 1177/2568/1612
f 1245/2641/1702 1243/2590/1641 1241/2587/1635
f 1158/2642/1703 1245/2641/1702 1241/2587/1635
f 1247/2515/1545 1242/2581/1627 1243/2590/1641
f 1250/2567/1610 1244/2640/1701 1246/2638/1699
f 1249/2569/1613 1248/2513/1543 1245/2641/1702
f 1158/2642/1703 1249/2569/1613 1245/2641/1702
f 1251/2514/1544 1246/2638/1699 1247/2515/1545
f 1258/2643/1704 1252/2644/1705 1254/2527/1559
f 1252/2644/1705 1151/2575/1621 1142/2531/1706
f 1257/2645/1707 1255/2520/1550 1253/2523/1553
f 1253/2523/1553 1163/2646/1708 1257/2645/1707
f 1259/2647/1709 1254/2527/1559 1255/2520/1550
f 1262/2572/1617 1256/2648/1710 1258/2643/1704
f 1257/2645/1707 1263/2565/1607 1259/2647/1709
f 1163/2646/1708 1261/2561/1603 1257/2645/1707
f 1263/2565/1607 1258/2643/1704 1259/2647/1709
f 1270/2649/1711 1265/2650/1712 1267/2524/1554
f 1155/2651/1713 1186/2652/1714 1266/2530/1562
f 1271/2653/1715 1267/2524/1554 1268/2532/1566
f 1274/2551/1591 1269/2654/1716 1270/2649/1711
f 1273/2554/1594 1275/2553/1593 1264/2655/1717
f 1155/2651/1713 1187/2559/1599 1186/2652/1714
f 1275/2553/1593 1270/2649/1711 1271/2653/1715
f 1272/2550/1590 1171/2656/1718 1170/2525/1557
f 1282/2657/1719 1276/2658/1720 1278/2540/1577
f 1276/2658/1720 1156/2560/1601 1141/2544/1721
f 1281/2659/1722 1279/2534/1568 1277/2537/1571
f 1174/2660/1723 1281/2659/1722 1277/2537/1571
f 1283/2518/1548 1278/2540/1577 1279/2534/1568
f 1287/2557/1597 1280/2661/1724 1282/2657/1719
f 1286/2548/1587 1284/2516/1546 1281/2659/1722
f 1281/2659/1722 1173/2546/1585 1286/2548/1587
f 1288/2517/1547 1282/2657/1719 1283/2518/1548
f 1295/2662/1725 1289/2663/1726 1291/2664/1572
f 1289/2663/1726 1181/2665/1727 1180/2666/1575
f 1290/2667/1580 1296/2668/1728 1292/2669/1584
f 1159/2670/1729 1294/2671/1730 1290/2667/1580
f 1296/2668/1728 1291/2664/1572 1292/2669/1584
f 1299/2593/1644 1293/2672/1731 1295/2662/1725
f 1298/2598/1650 1296/2668/1728 1294/2671/1730
f 1159/2670/1729 1298/2598/1650 1294/2671/1730
f 1300/2597/1649 1295/2662/1725 1296/2668/1728
f 1297/2592/1643 1182/2673/1732 1181/2665/1727
f 1301/2674/1733 1166/2675/1734 1182/2673/1735
f 1307/2676/1736 1301/2674/1733 1303/2594/1645
f 1306/2677/1737 1304/2602/1657 1302/2599/1651
f 1153/2678/1738 1306/2677/1737 1302/2599/1651
f 1308/2679/1739 1303/2594/1645 1304/2602/1657
f 1307/2676/1736 1309/2680/1740 1305/2681/1741
f 1166/2675/1734 1309/2680/1740 1167/2682/1742
f 1310/2683/1743 1308/2679/1739 1306/2677/1737
f 1153/2678/1738 1310/2683/1743 1306/2677/1737
f 1312/2684/1744 1307/2676/1736 1308/2679/1739
f 1311/2685/1745 1314/2635/1746 1309/2680/1740
f 1167/2682/1742 1314/2635/1746 1165/2636/1747
f 1313/2686/1748 1312/2684/1744 1310/2683/1743
f 1152/2634/1749 1313/2686/1748 1310/2683/1743
f 1315/2632/1750 1311/2685/1745 1312/2684/1744
f 1264/2655/1717 1275/2553/1593 1271/2653/1715
f 1273/2554/1594 1266/2530/1562 1186/2652/1714
f 1284/2516/1546 1198/2549/1588 1288/2517/1547
f 1248/2513/1543 1203/2570/1614 1251/2514/1544
f 1273/2554/1594 1187/2559/1599 1197/2552/1592
f 1248/2513/1543 1247/2515/1545 1243/2590/1641
f 1284/2516/1546 1283/2518/1548 1279/2534/1568
f 1264/2655/1717 1268/2532/1566 1191/2529/1563
f 1188/2519/1549 1253/2523/1553 1255/2520/1550
f 1188/2519/1549 1168/2526/1752 1164/2522/1552
f 1267/2524/1554 1265/2650/1712 1188/2519/1555
f 1188/2519/1555 1265/2650/1712 1170/2525/1557
f 1254/2527/1559 1252/2644/1705 1189/2528/1560
f 1266/2530/1562 1264/2655/1717 1191/2529/1563
f 1189/2528/1560 1252/2644/1705 1142/2531/1706
f 1142/2531/1565 1155/2651/1713 1266/2530/1562
f 1255/2520/1550 1254/2527/1559 1191/2529/1561
f 1268/2532/1566 1267/2524/1554 1190/2521/1556
f 1192/2533/1567 1277/2537/1571 1279/2534/1568
f 1178/2536/1570 1174/2660/1723 1277/2537/1571
f 1291/2538/1572 1289/2688/1726 1192/2533/1573
f 1192/2533/1573 1289/2688/1726 1180/2539/1575
f 1278/2540/1577 1276/2658/1720 1193/2541/1578
f 1290/2543/1580 1292/2545/1584 1195/2542/1581
f 1193/2541/1578 1276/2658/1720 1141/2544/1721
f 1141/2544/1583 1159/2689/1729 1290/2543/1580
f 1279/2534/1568 1278/2540/1577 1195/2542/1579
f 1292/2545/1584 1291/2538/1572 1194/2535/1574
f 1173/2546/1585 1171/2656/1753 1196/2547/1586
f 1286/2548/1587 1196/2547/1586 1198/2549/1588
f 1198/2549/1589 1196/2547/1754 1272/2550/1590
f 1171/2656/1718 1272/2550/1590 1196/2547/1754
f 1197/2552/1592 1199/2555/1602 1275/2553/1593
f 1199/2555/1595 1197/2552/1755 1285/2556/1596
f 1285/2556/1596 1197/2552/1755 1154/2558/1600
f 1198/2549/1588 1199/2555/1595 1287/2557/1597
f 1199/2555/1602 1198/2549/1589 1274/2551/1591
f 1261/2561/1603 1163/2646/1708 1175/2562/1604
f 1261/2561/1603 1200/2563/1605 1202/2564/1606
f 1202/2564/1608 1200/2563/1756 1317/2566/1609
f 1317/2566/1609 1200/2563/1756 1175/2562/1611
f 1249/2569/1613 1201/2574/1619 1203/2570/1614
f 1203/2570/1615 1201/2574/1757 1260/2571/1616
f 1260/2571/1616 1201/2574/1757 1140/2573/1620
f 1202/2564/1606 1203/2570/1615 1262/2572/1617
f 1203/2570/1614 1202/2564/1608 1250/2567/1610
f 1226/2576/1622 1206/2582/1758 1204/2577/1623
f 1224/2578/1624 1204/2577/1623 1183/2579/1625
f 1242/2581/1627 1240/2639/1700 1204/2577/1628
f 1204/2577/1628 1240/2639/1700 1176/2583/1630
f 1205/2584/1632 1207/2588/1640 1227/2585/1633
f 1241/2587/1635 1243/2590/1641 1207/2588/1636
f 1157/2589/1639 1158/2642/1703 1241/2587/1635
f 1207/2588/1640 1206/2582/1758 1226/2576/1622
f 1243/2590/1641 1242/2581/1627 1206/2582/1629
f 1210/2591/1642 1208/2595/1759 1297/2592/1643
f 1182/2673/1732 1297/2592/1643 1208/2595/1759
f 1303/2594/1645 1301/2674/1733 1208/2595/1646
f 1182/2673/1735 1208/2595/1646 1301/2674/1733
f 1209/2596/1648 1211/2600/1656 1300/2597/1649
f 1302/2599/1651 1304/2602/1657 1211/2600/1652
f 1138/2601/1655 1153/2678/1738 1302/2599/1651
f 1211/2600/1656 1210/2591/1642 1299/2593/1644
f 1304/2602/1657 1303/2594/1645 1210/2591/1647
f 1217/2603/1658 1219/2614/1673 1214/2604/1659
f 1139/2606/1661 1160/2618/1678 1217/2603/1658
f 1229/2607/1662 1228/2622/1682 1212/2605/1663
f 1212/2605/1663 1228/2622/1682 1139/2606/1684
f 1218/2608/1665 1216/2615/1675 1213/2609/1666
f 1213/2609/1668 1230/2613/1672 1231/2611/1669
f 1143/2612/1674 1213/2609/1666 1216/2615/1675
f 1143/2612/1671 1162/2625/1686 1230/2613/1672
f 1219/2614/1673 1218/2608/1665 1215/2610/1667
f 1231/2611/1669 1229/2607/1662 1214/2604/1664
f 1218/2608/1665 1222/2620/1680 1220/2616/1676
f 1185/2580/1626 1216/2615/1675 1220/2616/1676
f 1221/2617/1677 1223/2619/1679 1219/2614/1673
f 1223/2619/1679 1222/2620/1680 1218/2608/1665
f 1222/2620/1680 1226/2576/1622 1224/2578/1624
f 1220/2616/1676 1224/2578/1624 1185/2580/1626
f 1225/2586/1634 1227/2585/1633 1223/2619/1679
f 1160/2618/1678 1157/2589/1638 1225/2586/1634
f 1227/2585/1633 1226/2576/1622 1222/2620/1680
f 1234/2621/1681 1232/2628/1689 1228/2622/1682
f 1228/2622/1682 1232/2628/1689 1150/2623/1683
f 1230/2613/1672 1233/2626/1687 1235/2624/1685
f 1235/2624/1685 1234/2621/1681 1229/2607/1662
f 1238/2627/1688 1236/2633/1694 1232/2628/1689
f 1232/2628/1689 1236/2633/1694 1150/2623/1683
f 1237/2629/1690 1239/2631/1692 1235/2624/1685
f 1233/2626/1687 1162/2625/1686 1161/2630/1691
f 1239/2631/1692 1238/2627/1688 1234/2621/1681
f 1315/2632/1693 1313/2686/1760 1236/2633/1694
f 1236/2633/1694 1313/2686/1760 1152/2634/1695
f 1314/2635/1696 1316/2637/1698 1239/2631/1692
f 1237/2629/1690 1161/2630/1691 1165/2636/1697
f 1316/2637/1698 1315/2632/1693 1238/2627/1688
f 1246/2638/1699 1244/2640/1701 1240/2639/1700
f 1176/2583/1630 1240/2639/1700 1244/2640/1701
f 1245/2641/1702 1248/2513/1543 1243/2590/1641
f 1247/2515/1545 1246/2638/1699 1242/2581/1627
f 1250/2567/1610 1317/2566/1609 1244/2640/1701
f 1177/2568/1612 1244/2640/1701 1317/2566/1609
f 1158/2642/1703 1140/2573/1618 1249/2569/1613
f 1251/2514/1544 1250/2567/1610 1246/2638/1699
f 1258/2643/1704 1256/2648/1710 1252/2644/1705
f 1252/2644/1705 1256/2648/1710 1151/2575/1621
f 1257/2645/1707 1259/2647/1709 1255/2520/1550
f 1253/2523/1553 1164/2522/1552 1163/2646/1708
f 1259/2647/1709 1258/2643/1704 1254/2527/1559
f 1262/2572/1617 1260/2571/1616 1256/2648/1710
f 1256/2648/1710 1260/2571/1616 1151/2575/1621
f 1257/2645/1707 1261/2561/1603 1263/2565/1607
f 1263/2565/1607 1262/2572/1617 1258/2643/1704
f 1270/2649/1711 1269/2654/1716 1265/2650/1712
f 1170/2525/1557 1265/2650/1712 1269/2654/1716
f 1266/2530/1562 1273/2554/1594 1264/2655/1717
f 1271/2653/1715 1270/2649/1711 1267/2524/1554
f 1274/2551/1591 1272/2550/1590 1269/2654/1716
f 1269/2654/1716 1272/2550/1590 1170/2525/1557
f 1155/2651/1713 1154/2558/1598 1187/2559/1599
f 1275/2553/1593 1274/2551/1591 1270/2649/1711
f 1282/2657/1719 1280/2661/1724 1276/2658/1720
f 1276/2658/1720 1280/2661/1724 1156/2560/1601
f 1281/2659/1722 1284/2516/1546 1279/2534/1568
f 1283/2518/1548 1282/2657/1719 1278/2540/1577
f 1287/2557/1597 1285/2556/1596 1280/2661/1724
f 1280/2661/1724 1285/2556/1596 1156/2560/1601
f 1281/2659/1722 1174/2660/1723 1173/2546/1585
f 1288/2517/1547 1287/2557/1597 1282/2657/1719
f 1295/2662/1725 1293/2672/1731 1289/2663/1726
f 1289/2663/1726 1293/2672/1731 1181/2665/1727
f 1290/2667/1580 1294/2671/1730 1296/2668/1728
f 1296/2668/1728 1295/2662/1725 1291/2664/1572
f 1299/2593/1644 1297/2592/1643 1293/2672/1731
f 1293/2672/1731 1297/2592/1643 1181/2665/1727
f 1298/2598/1650 1300/2597/1649 1296/2668/1728
f 1159/2670/1729 1138/2601/1654 1298/2598/1650
f 1300/2597/1649 1299/2593/1644 1295/2662/1725
f 1307/2676/1736 1305/2681/1741 1301/2674/1733
f 1166/2675/1734 1301/2674/1733 1305/2681/1741
f 1306/2677/1737 1308/2679/1739 1304/2602/1657
f 1308/2679/1739 1307/2676/1736 1303/2594/1645
f 1307/2676/1736 1311/2685/1745 1309/2680/1740
f 1166/2675/1734 1305/2681/1741 1309/2680/1740
f 1310/2683/1743 1312/2684/1744 1308/2679/1739
f 1153/2678/1738 1152/2634/1749 1310/2683/1743
f 1312/2684/1744 1311/2685/1745 1307/2676/1736
f 1311/2685/1745 1316/2637/1761 1314/2635/1746
f 1167/2682/1742 1309/2680/1740 1314/2635/1746
f 1313/2686/1748 1315/2632/1750 1312/2684/1744
f 1315/2632/1750 1316/2637/1761 1311/2685/1745
f 1273/2554/1594 1186/2652/1714 1187/2559/1599
f 1264/2655/1717 1271/2653/1715 1268/2532/1566
usemtl MarbleCracking
f 1172/2481/1512 1169/2482/1513 1171/2483/1514
f 1149/2484/1515 1144/2485/1516 1146/2486/1517
f 1184/2487/1518 1144/2485/1516 1148/2488/1519
f 1144/2485/1516 1147/2489/1520 1169/2482/1513
f 1144/2485/1516 1172/2481/1512 1146/2486/1517
f 1165/2490/1521 1161/2491/1522 1148/2488/1519
f 1161/2491/1522 1162/2492/1523 1148/2488/1519
f 1162/2492/1523 1143/2493/1524 1148/2488/1519
f 1175/2494/1525 1163/2495/1526 1147/2489/1520
f 1163/2495/1526 1164/2496/1527 1147/2489/1520
f 1164/2496/1527 1168/2497/1528 1147/2489/1520
f 1182/2498/1529 1166/2499/1530 1149/2484/1515
f 1166/2499/1530 1167/2500/1531 1149/2484/1515
f 1167/2500/1531 1165/2490/1521 1149/2484/1515
f 1168/2497/1528 1170/2501/1532 1169/2482/1513
f 1170/2501/1532 1171/2483/1514 1169/2482/1513
f 1171/2483/1514 1173/2502/1533 1172/2481/1512
f 1173/2502/1533 1174/2503/1534 1172/2481/1512
f 1174/2503/1534 1178/2504/1535 1172/2481/1512
f 1183/2505/1536 1176/2506/1537 1147/2489/1520
f 1176/2506/1537 1177/2507/1538 1147/2489/1520
f 1177/2507/1538 1175/2494/1525 1147/2489/1520
f 1178/2504/1535 1180/2508/1539 1179/2509/1540
f 1180/2510/1539 1181/2511/1541 1179/2509/1540
f 1181/2511/1541 1182/2498/1529 1179/2509/1540
f 1143/2493/1524 1185/2512/1542 1184/2487/1518
f 1185/2512/1542 1183/2505/1536 1184/2487/1518
f 1169/2482/1513 1147/2489/1520 1168/2497/1528
f 1149/2484/1515 1179/2509/1540 1182/2498/1529
f 1146/2486/1517 1172/2481/1512 1178/2504/1535
f 1179/2509/1540 1146/2486/1517 1178/2504/1535
f 1149/2484/1515 1148/2488/1519 1144/2485/1516
f 1184/2487/1518 1145/2687/1751 1144/2485/1516
f 1144/2485/1516 1145/2687/1751 1147/2489/1520
f 1144/2485/1516 1169/2482/1513 1172/2481/1512
f 1148/2488/1519 1143/2493/1524 1184/2487/1518
f 1149/2484/1515 1165/2490/1521 1148/2488/1519
f 1145/2687/1751 1183/2505/1536 1147/2489/1520
f 1179/2509/1540 1149/2484/1515 1146/2486/1517
f 1184/2487/1518 1183/2505/1536 1145/2687/1751
o ColumnBase.002
v -2.109461 0.441227 -5.471580
v -2.144330 0.581731 -5.386298
v -1.858664 0.454425 -4.933810
v -2.638930 0.441376 -5.242965
v -2.553235 0.581250 -5.209012
v -2.409764 0.441068 -4.714100
v -2.376158 0.581531 -4.798916
vn -0.3607 0.4214 -0.8320
vn -0.3603 0.4180 -0.8340
vn -0.3602 0.4171 -0.8344
vn 0.1456 0.9877 0.0578
vn 0.1453 0.9877 0.0577
vn -0.0012 1.0000 -0.0001
vn 0.3252 0.4306 0.8419
vn -0.8334 0.4184 0.3611
vn -0.8325 0.4214 0.3596
vn -0.8336 0.4177 0.3615
vn 0.8109 0.4373 -0.3889
vn -0.3609 0.4229 -0.8312
vn 0.2627 0.9592 0.1040
vn -0.8321 0.4227 0.3590
vt 0.602855 0.377514
vt 0.418869 0.436345
vt 0.365562 0.384578
vt 0.549843 0.563554
vt 0.550262 0.431971
vt 0.365032 0.623183
vt 0.602855 0.615471
s 1
usemtl MarbleBase
f 1321/2690/1762 1319/2691/1763 1318/2692/1764
f 1324/2693/1765 1319/2691/1766 1322/2694/1767
f 1320/2695/1768 1324/2693/1768 1323/2696/1768
f 1324/2693/1769 1321/2690/1770 1323/2696/1771
f 1318/2692/1772 1319/2691/1772 1320/2695/1772
f 1321/2690/1762 1322/2694/1773 1319/2691/1763
f 1324/2693/1765 1320/2695/1774 1319/2691/1766
f 1324/2693/1769 1322/2694/1775 1321/2690/1770
o Column.003
v -2.079328 0.561071 -5.172423
v -2.339436 0.561071 -5.273143
v -2.440156 0.561071 -5.013034
v -2.081775 0.561071 -5.025342
v -2.327129 0.561071 -4.914761
v -2.173470 8.842330 -5.237432
v -2.094529 8.879044 -5.242463
v -2.090080 8.837945 -5.215634
v -2.206810 8.823542 -5.226417
v -2.316908 8.724606 -4.925125
v -2.399955 8.718307 -4.959962
v -2.252559 0.561071 -5.319447
v -2.428993 0.561071 -4.939081
v -2.192356 0.561071 -5.270696
v -2.090491 0.561071 -5.246378
v -2.180048 0.561071 -4.912314
v -2.266926 0.561071 -4.866010
v -2.106092 0.561071 -4.923478
v -2.437710 0.561071 -5.160117
v -2.486461 0.561071 -5.099911
v -2.033023 0.561071 -5.085546
v -2.413389 0.561071 -5.261981
v -2.305759 8.790947 -5.308724
v -2.329047 8.794097 -5.261101
v -2.437247 8.735574 -4.971234
v -2.384327 8.733133 -4.910966
v -2.144187 8.824107 -5.273979
v -2.265817 8.788152 -5.318442
v -2.224319 8.741093 -4.867806
v -2.119827 8.776374 -4.918772
v -2.078303 8.794422 -4.973024
v -2.205744 8.823467 -5.265746
v -2.478108 8.730386 -5.107968
v -2.480262 8.750483 -5.072285
v -2.433496 8.723934 -5.019905
v -2.334972 8.775169 -5.231227
v -2.040930 8.811886 -5.078134
v -2.048659 8.823885 -5.144063
v -2.442401 8.755338 -5.133554
v -2.401437 8.755714 -5.266747
v -2.441250 8.734293 -5.214103
v -2.080659 7.558500 -5.232525
v -2.322341 8.294039 -4.918271
v -2.323112 7.559788 -4.918488
v -2.322030 8.049291 -4.917835
v -2.322341 7.804541 -4.918272
v -2.085639 8.294039 -5.029876
v -2.085639 7.559788 -5.029876
v -2.084848 8.049291 -5.030440
v -2.085145 7.804541 -5.029612
v -2.178071 8.294039 -4.918534
v -2.178071 7.559788 -4.918534
v -2.177540 8.049290 -4.919423
v -2.178236 7.804541 -4.919094
v -2.433936 8.294039 -5.011058
v -2.433867 7.559788 -5.011517
v -2.433047 8.049290 -5.010527
v -2.433445 7.804541 -5.010765
v -2.433845 8.294039 -5.155582
v -2.433984 7.559788 -5.156100
v -2.434637 8.049291 -5.155017
v -2.434200 7.804541 -5.155329
v -2.086351 8.294039 -5.175496
v -2.086038 7.559788 -5.174693
v -2.086038 8.049290 -5.174693
v -2.085618 7.804541 -5.173941
v -2.340954 7.559788 -5.266854
v -2.341247 8.294039 -5.266363
v -2.341706 7.804541 -5.266433
v -2.342509 8.049290 -5.266120
v -2.397119 8.294038 -5.271568
v -2.398365 7.559788 -5.271491
v -2.397460 8.049290 -5.271626
v -2.397623 7.804541 -5.271558
v -2.430738 8.294038 -5.252288
v -2.433239 7.559789 -5.248782
v -2.430413 8.049290 -5.251553
v -2.431423 7.804541 -5.250836
v -2.446484 8.294039 -5.212946
v -2.446428 7.559788 -5.212392
v -2.446476 8.049290 -5.213935
v -2.446440 7.804541 -5.213124
v -2.310601 7.559788 -5.312387
v -2.310110 7.804541 -5.312851
v -2.310601 8.294038 -5.312387
v -2.309586 8.049290 -5.313382
v -2.275379 7.559789 -5.325836
v -2.272675 8.294038 -5.326568
v -2.272627 7.804541 -5.325765
v -2.271396 8.049290 -5.325453
v -2.234575 7.559788 -5.313924
v -2.233587 8.294039 -5.312987
v -2.233971 7.804541 -5.313379
v -2.233971 8.049290 -5.313379
v -2.480394 8.294039 -5.118498
v -2.480938 7.559788 -5.117896
v -2.480394 8.049290 -5.118498
v -2.480394 7.804541 -5.118498
v -2.492467 8.294038 -5.081075
v -2.492849 7.559789 -5.077092
v -2.492779 8.049290 -5.079844
v -2.492779 7.804541 -5.079844
v -2.479398 7.559788 -5.041868
v -2.479863 8.049290 -5.042359
v -2.479863 7.804541 -5.042359
v -2.379404 7.559788 -4.906043
v -2.380138 7.804541 -4.906031
v -2.380293 8.049290 -4.906069
v -2.415797 7.559789 -4.919233
v -2.405500 8.291165 -4.911263
v -2.417850 7.804541 -4.921049
v -2.419302 8.049290 -4.921733
v -2.438504 7.559788 -4.954109
v -2.438504 8.294038 -4.954110
v -2.438571 7.804541 -4.954852
v -2.438654 8.049290 -4.955523
v -2.285896 8.294039 -4.872469
v -2.284909 7.559788 -4.871532
v -2.285512 8.049290 -4.872076
v -2.285512 7.804541 -4.872077
v -2.248365 8.294038 -4.859284
v -2.245661 7.559789 -4.860016
v -2.246857 8.049290 -4.859691
v -2.245301 7.804541 -4.859297
v -2.209372 8.294038 -4.872608
v -2.209372 7.559788 -4.872608
v -2.209371 8.049290 -4.872609
v -2.208880 7.804541 -4.873074
v -2.073056 7.559788 -4.973066
v -2.073001 8.294039 -4.972512
v -2.073045 7.804541 -4.972332
v -2.073083 8.049290 -4.972176
v -2.086246 7.559789 -4.936675
v -2.088061 8.294038 -4.934621
v -2.088062 7.804541 -4.934621
v -2.098544 8.052131 -4.922127
v -2.121119 7.559788 -4.913968
v -2.121719 8.294038 -4.913960
v -2.121863 7.804541 -4.913900
v -2.121113 8.047988 -4.913529
v -2.039089 8.294039 -5.066960
v -2.039089 7.559788 -5.066960
v -2.039088 8.049290 -5.066960
v -2.038545 7.804541 -5.067563
v -2.027017 8.294038 -5.104383
v -2.026706 8.049290 -5.105615
v -2.027030 7.804541 -5.106811
v -2.026546 7.561480 -5.111770
v -2.039091 8.294038 -5.142574
v -2.039533 7.559262 -5.143280
v -2.039621 8.049290 -5.143098
v -2.039703 7.804541 -5.143255
v -2.080830 8.294038 -5.229937
v -2.080913 8.049290 -5.230606
v -2.080973 7.804541 -5.230748
v -2.099465 8.294038 -5.262714
v -2.089667 7.562785 -5.253943
v -2.101634 8.049290 -5.264410
v -2.101634 7.804541 -5.264410
v -2.138533 8.294039 -5.279463
v -2.140078 7.559788 -5.279415
v -2.139345 8.049290 -5.279426
v -2.139345 7.804541 -5.279426
v -2.196372 7.559788 -5.266971
v -2.197453 8.294039 -5.267623
v -2.197142 7.804541 -5.267187
v -2.197143 8.049291 -5.267187
v -2.382123 8.295299 -4.905549
v -2.480324 8.294038 -5.042755
v -2.278317 8.736968 -4.881112
v -2.193971 8.737857 -4.920922
v -2.118958 8.779287 -4.974770
v -2.103761 8.795465 -5.021133
v -2.100640 8.836028 -5.171125
v -2.381694 8.778852 -5.221467
v -2.187467 8.811593 -5.189161
v -2.132821 8.862423 -5.178363
v -2.290583 8.736268 -4.986423
v -2.335659 8.717865 -4.995013
v -2.282913 8.812050 -5.159758
v -2.252434 8.759551 -4.985925
v -2.223953 8.794886 -4.981847
v -2.236597 8.794603 -5.038482
v -2.161660 8.808822 -5.010755
v -2.386191 8.720834 -5.090080
v -2.352055 8.744752 -5.043319
v -2.076208 8.825517 -5.085711
v -2.147881 8.815002 -5.108908
v -2.396097 8.717569 -5.185926
v -2.375006 8.785527 -5.145289
v -2.218887 8.820896 -5.137743
v -2.306631 8.763431 -5.044789
v -2.259882 8.808422 -5.178250
v -2.204633 8.791564 -5.052707
v -2.317097 8.800993 -5.074977
v -2.183286 8.834445 -5.070570
v -2.184050 8.825745 -5.097437
v -2.316883 8.813124 -5.157515
v -2.315091 8.784264 -5.122937
vn -0.3594 0.8309 0.4249
vn -0.2076 0.7664 0.6079
vn -0.0630 0.6708 0.7389
vn -0.0210 0.8919 -0.4518
vn -0.0072 0.8898 -0.4564
vn -0.0021 0.8893 -0.4574
vn -0.0057 0.9914 -0.1308
vn -0.1390 0.9804 -0.1397
vn -0.1433 0.9803 -0.1357
vn -0.3832 0.7812 0.4928
vn -0.2937 0.8954 0.3346
vn -0.2554 0.9570 0.1372
vn -0.0693 0.9911 -0.1135
vn 0.0079 0.9886 0.1506
vn 0.1680 0.9855 0.0255
vn 0.1275 0.9885 0.0816
vn 0.3839 0.9141 0.1302
vn 0.2074 0.9739 -0.0926
vn -0.4493 0.8795 0.1568
vn 0.2327 0.9690 0.0827
vn 0.3327 0.9339 0.1310
vn 0.4561 0.8626 -0.2189
vn -0.3554 0.9198 -0.1665
vn -0.3434 0.8678 -0.3592
vn -0.2572 0.7666 -0.5883
vn -0.6042 0.7849 -0.1376
vn -0.1964 0.9044 -0.3788
vn -0.4292 0.8663 -0.2555
vn -0.3508 0.9272 0.1312
vn 0.0927 0.9831 0.1577
vn -0.3502 0.9357 0.0433
vn 0.1008 0.0257 0.9946
vn -0.0875 -0.0029 0.9962
vn 0.1980 -0.0000 0.9802
vn 0.2072 0.0131 0.9782
vn -0.0255 0.0121 0.9996
vn 0.2084 0.0129 0.9780
vn -0.5675 0.0002 0.8234
vn -0.7824 0.0098 0.6227
vn -0.7816 -0.0000 0.6237
vn -0.7573 0.0253 0.6525
vn -0.5771 0.0134 0.8166
vn -0.4962 0.0254 0.8678
vn -0.0850 -0.0005 0.9964
vn 0.2152 0.0003 0.9766
vn 0.2065 -0.0008 0.9784
vn -0.5535 0.0010 0.8329
vn -0.7814 -0.0001 0.6240
vn -0.7757 0.0013 0.6311
vn -0.6302 -0.0010 0.7764
vn -0.5666 -0.0007 0.8240
vn 0.9748 0.0061 -0.2228
vn 0.9912 -0.0031 0.1323
vn 0.9802 0.0009 -0.1979
vn 0.9990 0.0293 0.0349
vn 0.9961 0.0145 0.0866
vn 0.8235 -0.0007 0.5674
vn 0.6231 0.0045 0.7821
vn 0.6244 -0.0000 0.7811
vn 0.6661 0.0178 0.7457
vn 0.8226 0.0051 0.5686
vn 0.9526 0.0288 0.3027
vn 0.9961 0.0040 0.0884
vn 0.9765 0.0003 -0.2155
vn 0.9785 -0.0009 -0.2060
vn 0.6237 0.0005 0.7816
vn 0.8329 -0.0001 0.5535
vn 0.6315 -0.0001 0.7754
vn 0.7764 -0.0010 0.6302
vn 0.8331 -0.0005 0.5531
vn 0.2293 0.0053 0.9733
vn -0.0371 0.0096 0.9993
vn -0.0809 -0.0006 0.9967
vn 0.0182 -0.0264 0.9995
vn 0.6097 -0.0198 0.7924
vn 0.8269 -0.0008 0.5623
vn 0.6086 0.0059 0.7935
vn 0.6074 -0.0005 0.7944
vn 0.3954 0.0343 0.9179
vn 0.8282 0.0111 0.5603
vn 0.8687 0.0338 0.4943
vn 0.6076 0.0003 0.7942
vn 0.8315 -0.0000 0.5555
vn 0.6222 0.0001 0.7828
vn -0.0909 0.0007 0.9959
vn 0.2460 0.0011 0.9693
vn 0.2268 -0.0013 0.9739
vn 0.4724 -0.0030 0.8814
vn 0.8263 0.0011 0.5632
vn 0.1481 -0.0010 0.9890
vn 0.6762 -0.0024 0.7368
vn -0.1021 -0.0008 0.9948
vn 0.1518 -0.0163 0.9883
vn -0.9575 0.0056 0.2884
vn -0.9970 -0.0002 -0.0770
vn -0.9968 -0.0022 -0.0799
vn -0.9951 0.0001 -0.0991
vn -0.9772 0.0055 0.2123
vn -0.5624 0.0002 0.8269
vn -0.8029 0.0101 0.5961
vn -0.7947 0.0007 0.6070
vn -0.5552 0.0003 0.8317
vn -0.7945 -0.0006 0.6072
vn -0.7820 0.0007 0.6232
vn -0.9959 0.0008 -0.0905
vn -0.9693 0.0010 0.2458
vn -0.9738 -0.0002 0.2276
vn -0.8814 -0.0030 0.4724
vn -0.9890 -0.0010 0.1481
vn -0.7368 -0.0024 0.6761
vn -0.5626 -0.0008 0.8267
vn -0.9948 0.0004 -0.1021
vn -0.9432 0.0100 -0.3321
vn -0.9966 0.0051 -0.0817
vn -0.9508 0.0086 -0.3096
vn -0.9069 0.0011 -0.4213
vn -0.8233 -0.0000 -0.5677
vn -0.6238 0.0001 -0.7816
vn -0.9766 0.0003 0.2152
vn -0.9964 0.0001 -0.0853
vn -0.9978 0.0007 -0.0660
vn -0.8332 0.0010 -0.5529
vn -0.6240 -0.0001 -0.7814
vn -0.6311 0.0013 -0.7757
vn -0.9732 -0.0029 -0.2300
vn -0.7764 -0.0010 -0.6302
vn -0.9785 -0.0007 0.2064
vn -0.8234 -0.0009 -0.5675
vn 0.5633 -0.0007 -0.8262
vn 0.8049 0.0090 -0.5933
vn 0.7947 0.0004 -0.6071
vn 0.4716 0.0071 -0.8818
vn 0.7821 0.0192 -0.6229
vn 0.9739 0.0006 -0.2271
vn 0.9946 0.0073 0.1037
vn 0.9959 0.0008 0.0906
vn 0.9883 0.1489 0.0316
vn 0.7687 0.4850 0.4170
vn 0.7753 -0.0000 -0.6315
vn 0.5565 0.0003 -0.8309
vn 0.7903 0.0024 -0.6127
vn 0.9992 -0.0271 -0.0278
vn 0.9735 0.0031 -0.2286
vn 0.9967 -0.0000 0.0815
vn 0.8814 -0.0030 -0.4725
vn 0.5598 0.0009 -0.8287
vn 0.9890 -0.0011 -0.1480
vn 0.9864 0.0002 -0.1644
vn 0.9957 0.0010 0.0926
vn -0.2458 0.0010 -0.9693
vn 0.0905 0.0007 -0.9959
vn 0.0805 0.0014 -0.9968
vn -0.1481 -0.0010 -0.9890
vn -0.6069 0.0001 -0.7948
vn -0.8317 0.0003 -0.5553
vn -0.8262 -0.0007 -0.5633
vn 0.0986 -0.0001 -0.9951
vn -0.2115 0.0030 -0.9774
vn 0.0918 0.0048 -0.9958
vn -0.8339 0.0063 -0.5518
vn -0.5928 0.0007 -0.8054
vn -0.8205 0.0008 -0.5716
vn -0.2877 0.0194 -0.9575
vn 0.0732 0.0087 -0.9973
vn -0.6362 0.0196 -0.7713
vn -0.6198 0.0067 -0.7847
vn -0.2275 -0.0005 -0.9738
vn -0.7562 0.0001 -0.6544
vn -0.2219 0.0001 -0.9751
vn -0.7839 0.0008 -0.6209
vn -0.6761 -0.0024 -0.7368
vn -0.7650 -0.0003 -0.6441
vn -0.7553 0.0029 -0.6553
vn -0.0110 -0.0003 -0.9999
vn -0.6232 0.0007 -0.7821
vn 0.0960 -0.0024 -0.9954
vn -0.4724 -0.0030 -0.8814
vn 0.0025 0.0003 -1.0000
vn 0.2719 0.0254 -0.9620
vn -0.0137 0.0060 -0.9999
vn 0.5675 -0.0008 -0.8234
vn -0.0411 0.0009 -0.9992
vn 0.5781 0.0065 -0.8159
vn 0.5685 0.0002 -0.8227
vn 0.7814 -0.0001 -0.6240
vn 0.5529 0.0010 -0.8332
vn 0.6302 -0.0010 -0.7764
vn 0.7821 0.0071 -0.6231
vn 0.6614 0.0321 -0.7494
vn 0.7819 -0.0001 -0.6234
vn -0.8212 0.0099 -0.5705
vn -0.8734 0.0275 -0.4863
vn -0.9999 0.0007 0.0113
vn -1.0000 0.0083 -0.0013
vn -0.9365 0.0389 0.3484
vn -0.9992 0.0009 0.0412
vn -0.9954 -0.0024 -0.0960
vn -0.9999 -0.0010 0.0106
vn -0.7239 0.0422 0.6886
vn -0.6445 -0.0008 0.7646
vn -0.0660 0.0007 0.9978
vn -0.2300 -0.0029 0.9732
vn -0.3352 0.0283 0.9417
vn -0.4892 0.0177 0.8720
vn -0.6626 0.0019 0.7490
vn -0.6209 0.0008 0.7839
vn -0.9427 0.0197 0.3331
vn 0.0109 -0.0000 0.9999
vn 0.0245 -0.0000 0.9997
vn -0.0960 -0.0024 0.9954
vn 0.0277 -0.0005 0.9996
vn -0.0104 0.0090 0.9999
vn 0.7671 0.0034 0.6415
vn 0.9978 0.0007 0.0657
vn 0.9732 -0.0029 0.2300
vn 0.7716 0.0199 0.6358
vn 0.5390 0.0117 0.8422
vn 0.7839 0.0008 0.6209
vn 0.9999 -0.0000 -0.0109
vn 0.9997 0.0021 -0.0229
vn 0.9954 -0.0024 0.0960
vn 0.9982 -0.0011 -0.0601
vn 1.0000 0.0069 0.0017
vn 0.9785 0.0052 -0.2063
vn 0.7917 0.0249 -0.6104
vn 0.6439 0.0010 -0.7651
vn 0.7368 -0.0024 -0.6762
vn 0.7819 -0.0130 -0.6233
vn 0.6414 0.0041 -0.7672
vn 0.0854 0.0008 -0.9963
vn 0.6663 0.0050 -0.7457
vn 0.2654 0.0195 -0.9639
vn 0.1226 -0.0038 -0.9924
vn 0.0850 -0.0006 -0.9964
vn -0.2064 0.0001 -0.9785
vn 0.1052 0.0031 -0.9944
vn -0.1373 0.0082 -0.9905
vn -0.2152 0.0003 -0.9766
vn 0.2300 -0.0029 -0.9732
vn -0.2072 -0.0008 -0.9783
vn 0.0650 -0.9158 0.3963
vn -0.0197 0.9199 0.3916
vn 0.3972 0.9176 0.0165
vn -0.3539 0.5423 -0.7620
vn -0.5074 0.6625 -0.5510
vn -0.4127 0.5910 -0.6931
vn 0.0511 0.9901 0.1304
vn -0.5079 0.7917 0.3394
vn -0.1437 0.9848 0.0979
vn -0.1004 0.7121 0.6949
vn -0.3123 0.9060 0.2859
vn -0.4935 0.6124 0.6176
vn -0.2378 0.9712 -0.0138
vn -0.4594 0.8647 0.2033
vn 0.0970 0.9492 0.2993
vn 0.3094 0.9049 0.2924
vn -0.6365 0.7024 0.3188
vn -0.7565 0.6098 0.2363
vn -0.5946 0.7273 0.3428
vn -0.1037 0.2647 0.9588
vn 0.5380 0.8414 0.0521
vn 0.1975 0.9763 -0.0890
vn 0.2355 0.9708 -0.0449
vn -0.2595 0.9618 0.0874
vn 0.1069 0.9642 -0.2427
vn -0.6158 0.4986 0.6101
vn -0.5393 0.5194 0.6629
vn -0.7451 0.4800 0.4630
vn 0.4042 0.5450 0.7346
vn -0.0955 0.9897 -0.1067
vn 0.2610 0.9454 -0.1954
vn -0.7495 0.4886 0.4466
vn -0.5528 0.6927 -0.4631
vn 0.3407 0.6113 0.7143
vn 0.1853 0.4635 0.8665
vn -0.3352 0.7086 0.6209
vn 0.0982 0.5843 -0.8055
vn 0.1395 0.9368 -0.3209
vn 0.2005 0.8487 -0.4894
vn -0.4816 0.7609 0.4348
vn -0.7217 0.5303 0.4449
vn -0.3904 0.7494 0.5347
vn 0.0635 0.8205 -0.5681
vn -0.6880 0.5431 0.4814
vn -0.3969 0.9176 -0.0212
vn -0.1940 0.9798 -0.0485
vn 0.8317 0.3266 0.4491
vn -0.1605 0.9799 -0.1183
vn -0.4075 0.7558 0.5126
vn -0.3788 0.5587 -0.7378
vn -0.1468 0.5408 -0.8282
vn -0.2987 0.5303 0.7934
vn -0.3598 0.6873 -0.6310
vn -0.0535 0.9944 -0.0911
vn -0.4517 0.7914 0.4118
vn 0.8835 0.0401 -0.4667
vn -0.0799 0.0016 0.9968
vn -0.5642 0.0086 0.8256
vn -0.9968 0.0014 -0.0805
vn -0.9804 0.0008 0.1970
vn 0.5716 0.0099 -0.8205
vn -0.8973 0.0265 -0.4406
vn 0.7757 0.0013 -0.6311
vn -0.1970 -0.0008 -0.9804
vn 0.0769 0.5508 0.8311
vn -0.6060 0.4098 0.6818
vn 0.1818 0.8614 -0.4742
vn -0.3054 0.9205 -0.2437
vn -0.0506 0.7494 0.6602
vn 0.0477 0.9446 0.3247
vn 0.9398 0.2685 -0.2112
vn -0.0570 0.9425 -0.3294
vn 0.0664 0.7677 0.6373
vn -0.7758 0.5850 -0.2365
vn 0.4141 0.1666 0.8949
vt 1.095378 1.473871
vt 1.096455 1.487498
vt 1.072187 1.470828
vt 1.142687 1.485770
vt 1.131720 1.503442
vt 1.121939 1.500590
vt 1.137271 1.463499
vt 1.116777 1.489754
vt 1.127162 1.460159
vt 1.067744 1.544892
vt 1.083074 1.529044
vt 1.100851 1.530860
vt 1.142164 1.477169
vt 1.080440 1.489924
vt 1.083987 1.503282
vt 1.073175 1.504007
vt 1.142312 1.562841
vt 1.133151 1.562013
vt 1.134555 1.541985
vt 1.067991 1.490721
vt 1.062624 1.505353
vt 1.162870 1.523160
vt 1.158052 1.508779
vt 1.167704 1.503414
vt 1.107260 1.466334
vt 1.090997 1.462605
vt 1.153596 1.492261
vt 1.161952 1.487036
vt 1.062280 1.531409
vt 1.070465 1.534496
vt 1.748528 1.002986
vt 1.733793 0.946349
vt 1.748202 0.946260
vt 1.749353 1.099658
vt 1.734769 1.003586
vt 1.762341 0.946158
vt 1.762266 1.002893
vt 1.761254 1.104281
vt 1.733708 0.889185
vt 1.747262 0.831829
vt 1.747893 0.889214
vt 1.761350 0.831789
vt 1.744358 -0.767447
vt 1.762094 0.889132
vt 1.834837 1.002969
vt 1.820745 0.946091
vt 1.834754 0.946098
vt 1.820559 1.116748
vt 1.820731 1.002945
vt 1.848841 0.946141
vt 1.835277 1.118163
vt 1.848606 1.003036
vt 1.850199 1.119635
vt 1.820505 0.889049
vt 1.835169 0.831686
vt 1.834383 0.889009
vt 1.848781 0.889013
vt 1.830882 -0.767563
vt 1.849061 0.831666
vt 1.804610 1.002921
vt 1.792282 1.106266
vt 1.791652 1.002888
vt 1.791504 0.946045
vt 1.809981 0.947134
vt 1.778350 1.002938
vt 1.778277 0.946058
vt 1.775511 1.104539
vt 1.777720 0.831731
vt 1.791158 0.889129
vt 1.778063 0.888943
vt 1.804610 0.831657
vt 1.804457 0.889070
vt 1.787239 -0.767500
vt 1.791206 0.831789
vt 1.805779 -0.767523
vt 1.804867 0.945618
vt 1.718584 1.003433
vt 1.704714 1.103671
vt 1.705266 1.003494
vt 1.704787 0.946430
vt 1.717830 0.946548
vt 1.691894 1.003795
vt 1.691526 0.946580
vt 1.703733 0.832007
vt 1.690981 0.889373
vt 1.690522 0.831935
vt 1.704304 0.889406
vt 1.717049 0.831970
vt 1.717636 0.889312
vt 1.700716 -0.767398
vt 1.719254 -0.767414
vt 1.647145 0.947112
vt 1.661509 1.004210
vt 1.647613 1.004465
vt 1.649496 1.105703
vt 1.670645 1.108701
vt 1.675484 0.946751
vt 1.661574 0.946945
vt 1.660097 0.832212
vt 1.646653 0.889632
vt 1.646076 0.832141
vt 1.674245 0.832164
vt 1.660797 0.889644
vt 1.657835 -0.767362
vt 1.674937 0.889524
vt 1.877028 0.946147
vt 1.864824 1.003142
vt 1.864861 0.946121
vt 1.876628 1.124965
vt 1.865770 1.122623
vt 1.911142 0.950313
vt 1.894006 1.006939
vt 1.898444 0.949620
vt 1.888399 1.129900
vt 1.879963 1.129816
vt 1.865425 0.831029
vt 1.877131 0.889184
vt 1.864970 0.889060
vt 1.902219 0.834553
vt 1.913825 0.892459
vt 1.901155 0.892175
vt 1.872774 -0.767632
vt 1.877701 0.831677
vt 1.879963 -0.767431
vt 1.914994 0.834242
vt 1.629819 0.832353
vt 1.616863 0.889872
vt 1.616812 0.832404
vt 1.614193 -0.767332
vt 1.603442 0.889885
vt 1.617451 0.947432
vt 1.631515 1.004804
vt 1.618335 1.004789
vt 1.604121 0.947438
vt 1.635053 1.110246
vt 1.620230 1.120882
vt 1.604942 1.119411
vt 1.604776 1.005164
vt 1.630559 0.889755
vt 1.638783 0.947144
vt 1.630906 0.947287
vt 1.637892 0.832153
vt 1.632732 -0.767339
vt 1.638466 0.889673
vt 1.639415 1.004561
vt 1.595554 0.889973
vt 1.603641 0.832335
vt 1.590540 -0.767318
vt 1.596101 0.947475
vt 1.595450 1.120900
vt 1.596835 1.005271
vt 1.587342 0.889986
vt 1.595751 0.832313
vt 1.588569 1.005183
vt 1.587861 0.947628
vt 1.573115 0.890045
vt 1.587326 0.832454
vt 1.571313 -0.767315
vt 1.574560 1.005400
vt 1.578942 1.125967
vt 1.573593 0.947798
vt 1.675637 1.003950
vt 1.680058 1.103248
vt 1.683649 0.946696
vt 1.683883 1.003832
vt 1.687416 1.106031
vt 1.682653 0.831955
vt 1.677063 -0.767373
vt 1.683112 0.889474
vt 1.725514 0.889220
vt 1.733296 0.831752
vt 1.736130 1.102867
vt 1.729339 1.002008
vt 1.725551 0.946392
vt 1.725134 0.831760
vt 1.717829 1.103836
vt 1.770465 0.946127
vt 1.769727 0.831714
vt 1.763586 -0.767466
vt 1.770307 0.889067
vt 1.770418 1.003007
vt 1.812347 0.889018
vt 1.820905 0.831544
vt 1.812545 1.002963
vt 1.805713 1.113487
vt 1.812703 0.831488
vt 1.856993 0.946158
vt 1.857118 0.889088
vt 1.850110 -0.767588
vt 1.858089 0.831972
vt 1.856781 1.003053
vt 1.906732 1.008186
vt 1.894111 1.141350
vt 1.551036 0.947918
vt 1.546142 1.006155
vt 1.545234 0.947991
vt 1.547252 -0.767305
vt 1.548898 0.833662
vt 1.545074 0.831858
vt 1.550635 0.889983
vt 1.544850 0.889949
vt 1.559306 0.947839
vt 1.551941 1.006034
vt 1.564588 1.127298
vt 1.549968 1.139380
vt 1.559124 0.832197
vt 1.558880 0.889980
vt 1.560367 1.005704
vt 1.573165 0.832380
vt 1.913996 0.837460
vt 1.078069 1.481659
vt 1.087976 1.493478
vt 1.085659 1.555460
vt 1.102058 1.549826
vt 1.100770 1.569938
vt 1.146248 1.534287
vt 1.142811 1.516661
vt 1.113311 1.563741
vt 1.112064 1.549593
vt 1.070966 1.522745
vt 1.092951 1.510647
vt 1.092161 1.517450
vt 1.121575 1.552121
vt 1.127059 1.571285
vt 1.120346 1.537439
vt 1.147720 1.552076
vt 1.163392 1.545061
vt 1.127949 1.515484
vt 1.103306 1.501797
vt 1.089691 1.488754
vt 1.124569 1.525863
vt 1.094173 1.540518
vt 1.094351 1.525915
vt 1.106331 1.477952
vt 1.083244 1.479399
vt 1.087891 1.568538
vt 1.876992 1.003181
vt 1.893043 -0.767610
vt 1.167035 1.536273
s 1
usemtl MarbleBase
f 1367/2727/1807 1432/2728/1808 1369/2729/1809
f 1334/2730/1810 1492/2731/1811 1367/2727/1812
f 1443/2732/1813 1367/2727/1814 1369/2729/1815
f 1334/2730/1816 1441/2733/1817 1494/2734/1818
f 1431/2735/1819 1368/2736/1820 1370/2737/1821
f 1442/2738/1822 1370/2737/1823 1368/2736/1824
f 1329/2739/1825 1442/2738/1822 1368/2736/1824
f 1432/2728/1808 1370/2737/1821 1369/2729/1809
f 1444/2740/1826 1369/2729/1815 1370/2737/1823
f 1371/2741/1827 1456/2742/1828 1373/2743/1829
f 1371/2741/1827 1355/2744/1830 1454/2745/1831
f 1467/2746/1832 1371/2741/1833 1373/2743/1834
f 1497/2747/1835 1465/2748/1836 1361/2749/1837
f 1455/2750/1838 1372/2751/1839 1374/2752/1840
f 1372/2751/1841 1468/2753/1842 1374/2752/1843
f 1328/2754/1844 1466/2755/1845 1372/2751/1841
f 1456/2742/1828 1374/2752/1840 1373/2743/1829
f 1468/2753/1842 1373/2743/1834 1374/2752/1843
f 1462/2756/1846 1495/2757/1847 1375/2758/1848
f 1462/2756/1846 1377/2759/1849 1460/2760/1850
f 1377/2759/1851 1449/2761/1852 1451/2762/1853
f 1353/2763/1854 1375/2758/1855 1495/2757/1856
f 1450/2764/1857 1378/2765/1858 1452/2766/1859
f 1378/2765/1860 1461/2767/1861 1463/2768/1862
f 1340/2769/1863 1376/2770/1864 1450/2764/1857
f 1461/2767/1861 1340/2769/1865 1342/2771/1866
f 1377/2759/1867 1463/2768/1862 1464/2772/1868
f 1378/2765/1858 1451/2762/1853 1452/2766/1859
f 1438/2773/1869 1359/2774/1870 1379/2775/1871
f 1438/2773/1869 1381/2776/1872 1440/2777/1873
f 1381/2776/1874 1493/2778/1875 1428/2779/1876
f 1380/2780/1877 1429/2781/1878 1427/2782/1879
f 1382/2783/1880 1437/2784/1881 1439/2785/1882
f 1327/2786/1883 1380/2780/1877 1427/2782/1879
f 1437/2784/1881 1327/2786/1884 1337/2787/1885
f 1381/2776/1872 1439/2785/1882 1440/2777/1873
f 1382/2783/1886 1428/2779/1876 1429/2781/1878
f 1405/2788/1887 1383/2789/1888 1403/2790/1889
f 1365/2791/1890 1383/2789/1888 1363/2792/1891
f 1421/2793/1892 1383/2789/1888 1385/2794/1893
f 1384/2795/1894 1406/2796/1895 1404/2797/1896
f 1420/2798/1897 1386/2799/1898 1384/2795/1899
f 1343/2800/1900 1384/2795/1894 1404/2797/1896
f 1343/2800/1901 1420/2798/1897 1384/2795/1899
f 1386/2799/1902 1405/2788/1887 1406/2796/1895
f 1422/2801/1903 1385/2794/1893 1386/2799/1898
f 1389/2802/1904 1473/2803/1905 1475/2804/1906
f 1473/2803/1905 1498/2805/1907 1362/2806/1908
f 1478/2807/1909 1387/2808/1910 1389/2809/1911
f 1387/2808/1910 1332/2810/1912 1498/2811/1913
f 1474/2812/1914 1390/2813/1915 1476/2814/1916
f 1388/2815/1917 1479/2816/1918 1390/2817/1919
f 1325/2818/1920 1388/2819/1921 1474/2812/1914
f 1325/2820/1922 1366/2821/1923 1388/2815/1924
f 1390/2813/1915 1475/2804/1906 1476/2814/1916
f 1479/2816/1918 1389/2809/1911 1390/2817/1919
f 1396/2822/1925 1393/2823/1926 1391/2824/1927
f 1326/2825/1928 1396/2822/1925 1391/2824/1927
f 1408/2826/1929 1391/2824/1930 1393/2823/1931
f 1394/2827/1932 1395/2828/1933 1392/2829/1934
f 1392/2829/1935 1410/2830/1936 1394/2827/1937
f 1392/2829/1934 1364/2831/1938 1348/2832/1939
f 1392/2829/1935 1347/2833/1940 1409/2834/1941
f 1398/2835/1942 1394/2827/1932 1393/2823/1926
f 1410/2830/1936 1393/2823/1931 1394/2827/1937
f 1401/2836/1943 1395/2828/1933 1397/2837/1944
f 1400/2838/1945 1398/2835/1942 1396/2822/1925
f 1346/2839/1946 1400/2838/1945 1396/2822/1925
f 1402/2840/1947 1397/2837/1944 1398/2835/1942
f 1401/2836/1943 1403/2790/1889 1399/2841/1948
f 1399/2841/1948 1365/2791/1890 1364/2831/1938
f 1404/2797/1896 1402/2840/1947 1400/2838/1945
f 1346/2839/1946 1404/2797/1896 1400/2838/1945
f 1406/2796/1895 1401/2836/1943 1402/2840/1947
f 1413/2842/1949 1407/2843/1950 1408/2826/1929
f 1407/2843/1950 1336/2844/1951 1326/2825/1952
f 1409/2834/1941 1414/2845/1953 1410/2830/1936
f 1409/2834/1941 1352/2846/1954 1412/2847/1955
f 1414/2845/1953 1408/2826/1929 1410/2830/1936
f 1417/2848/1956 1411/2849/1957 1413/2842/1949
f 1416/2850/1958 1414/2845/1953 1412/2847/1955
f 1352/2846/1954 1416/2850/1958 1412/2847/1955
f 1418/2851/1959 1413/2842/1949 1414/2845/1953
f 1490/2852/1960 1415/2853/1961 1417/2848/1956
f 1415/2853/1961 1338/2854/1962 1336/2844/1951
f 1489/2855/1963 1418/2851/1959 1416/2850/1958
f 1416/2850/1958 1356/2856/1964 1489/2855/1963
f 1491/2857/1965 1417/2848/1956 1418/2851/1959
f 1419/2858/1966 1357/2859/1967 1363/2792/1891
f 1425/2860/1968 1419/2858/1966 1421/2793/1892
f 1357/2859/1967 1423/2861/1969 1358/2862/1970
f 1424/2863/1971 1422/2801/1903 1420/2798/1897
f 1344/2864/1972 1424/2863/1971 1420/2798/1897
f 1426/2865/1973 1421/2793/1892 1422/2801/1903
f 1428/2779/1876 1423/2861/1969 1425/2860/1968
f 1427/2782/1879 1426/2865/1973 1424/2863/1971
f 1344/2864/1972 1427/2782/1879 1424/2863/1971
f 1429/2781/1878 1425/2860/1968 1426/2865/1973
f 1493/2778/1875 1359/2774/1974 1358/2862/1970
f 1435/2866/1975 1430/2867/1976 1431/2735/1819
f 1430/2867/1976 1337/2787/1885 1329/2739/1977
f 1350/2868/1978 1434/2869/1979 1492/2731/1811
f 1436/2870/1980 1431/2735/1819 1432/2728/1808
f 1439/2785/1882 1433/2871/1981 1435/2866/1975
f 1434/2869/1979 1440/2777/1873 1436/2870/1980
f 1434/2869/1979 1349/2872/1982 1438/2773/1869
f 1440/2777/1873 1435/2866/1975 1436/2870/1980
f 1447/2873/1983 1441/2733/1817 1443/2732/1813
f 1441/2733/1817 1353/2763/1854 1494/2734/1818
f 1446/2874/1984 1444/2740/1826 1442/2738/1822
f 1341/2875/1985 1446/2874/1984 1442/2738/1822
f 1448/2876/1986 1443/2732/1813 1444/2740/1826
f 1451/2762/1853 1445/2877/1987 1447/2873/1983
f 1446/2874/1984 1452/2766/1859 1448/2876/1986
f 1341/2875/1985 1450/2764/1857 1446/2874/1984
f 1452/2766/1859 1447/2873/1983 1448/2876/1986
f 1459/2878/1988 1453/2879/1989 1455/2750/1838
f 1453/2879/1989 1342/2771/1866 1328/2754/1990
f 1458/2880/1991 1456/2742/1828 1454/2745/1831
f 1454/2745/1831 1354/2881/1992 1458/2880/1991
f 1460/2760/1850 1455/2750/1838 1456/2742/1828
f 1463/2768/1862 1457/2882/1993 1459/2878/1988
f 1462/2756/1846 1460/2760/1850 1458/2880/1991
f 1458/2880/1991 1354/2881/1992 1462/2756/1846
f 1464/2772/1868 1459/2878/1988 1460/2760/1850
f 1470/2883/1994 1465/2748/1836 1467/2746/1832
f 1466/2755/1845 1471/2884/1995 1468/2753/1842
f 1345/2885/1996 1472/2886/1997 1466/2755/1845
f 1471/2884/1995 1467/2746/1832 1468/2753/1842
f 1475/2804/1906 1469/2887/1998 1470/2883/1994
f 1469/2887/1998 1362/2806/1908 1361/2749/1837
f 1345/2885/1996 1474/2812/1914 1472/2886/1997
f 1476/2814/1916 1470/2883/1994 1471/2884/1995
f 1474/2812/1914 1476/2814/1916 1472/2886/1997
f 1332/2810/1912 1477/2888/1999 1331/2889/2000
f 1482/2890/2001 1477/2891/1999 1478/2892/1909
f 1339/2893/2002 1481/2894/2003 1366/2895/1923
f 1483/2896/2004 1478/2892/1909 1479/2897/1918
f 1486/2898/2005 1480/2899/2006 1482/2890/2001
f 1480/2899/2006 1351/2900/2007 1331/2901/2000
f 1485/2902/2008 1483/2896/2004 1481/2894/2003
f 1339/2893/2002 1485/2902/2008 1481/2894/2003
f 1487/2903/2009 1482/2890/2001 1483/2896/2004
f 1491/2857/2010 1484/2904/2011 1486/2898/2005
f 1484/2904/2011 1356/2856/2012 1351/2900/2007
f 1488/2905/2013 1487/2903/2009 1485/2902/2008
f 1338/2854/2014 1488/2905/2013 1485/2902/2008
f 1490/2852/2015 1486/2898/2005 1487/2903/2009
f 1434/2869/2016 1367/2727/2016 1492/2731/2016
f 1460/2760/2017 1377/2759/2017 1464/2772/2017
f 1481/2906/2018 1388/2815/2018 1366/2821/2018
f 1367/2727/1807 1434/2869/1979 1432/2728/1808
f 1334/2730/1810 1350/2868/1978 1492/2731/1811
f 1443/2732/1813 1441/2733/1817 1367/2727/1814
f 1334/2730/1816 1367/2727/1814 1441/2733/1817
f 1431/2735/1819 1430/2867/1976 1368/2736/1820
f 1442/2738/1822 1444/2740/1826 1370/2737/1823
f 1368/2736/1820 1430/2867/1976 1329/2739/1977
f 1329/2739/1825 1341/2875/1985 1442/2738/1822
f 1432/2728/1808 1431/2735/1819 1370/2737/1821
f 1444/2740/1826 1443/2732/1813 1369/2729/1815
f 1371/2741/1827 1454/2745/1831 1456/2742/1828
f 1371/2741/1827 1497/2747/2071 1355/2744/1830
f 1467/2746/1832 1465/2748/1836 1371/2741/1833
f 1497/2747/1835 1371/2741/1833 1465/2748/1836
f 1455/2750/1838 1453/2879/1989 1372/2751/1839
f 1372/2751/1841 1466/2755/1845 1468/2753/1842
f 1372/2751/1839 1453/2879/1989 1328/2754/1990
f 1328/2754/1844 1345/2885/1996 1466/2755/1845
f 1456/2742/1828 1455/2750/1838 1374/2752/1840
f 1468/2753/1842 1467/2746/1832 1373/2743/1834
f 1462/2756/1846 1354/2881/1992 1495/2757/1847
f 1462/2756/1846 1375/2758/1848 1377/2759/1849
f 1377/2759/1851 1375/2758/1855 1449/2761/1852
f 1353/2763/1854 1449/2761/1852 1375/2758/1855
f 1450/2764/1857 1376/2770/1864 1378/2765/1858
f 1378/2765/1860 1376/2770/2072 1461/2767/1861
f 1461/2767/1861 1376/2770/2072 1340/2769/1865
f 1377/2759/1867 1378/2765/1860 1463/2768/1862
f 1378/2765/1858 1377/2759/1851 1451/2762/1853
f 1438/2773/1869 1349/2872/1982 1359/2774/1870
f 1438/2773/1869 1379/2775/1871 1381/2776/1872
f 1381/2776/1874 1379/2775/2073 1493/2778/1875
f 1359/2774/1974 1493/2778/1875 1379/2775/2073
f 1380/2780/1877 1382/2783/1886 1429/2781/1878
f 1382/2783/1880 1380/2780/2074 1437/2784/1881
f 1437/2784/1881 1380/2780/2074 1327/2786/1884
f 1381/2776/1872 1382/2783/1880 1439/2785/1882
f 1382/2783/1886 1381/2776/1874 1428/2779/1876
f 1405/2788/1887 1385/2794/2075 1383/2789/1888
f 1365/2791/1890 1403/2790/1889 1383/2789/1888
f 1421/2793/1892 1419/2858/1966 1383/2789/1888
f 1363/2792/1891 1383/2789/1888 1419/2858/1966
f 1384/2795/1894 1386/2799/1902 1406/2796/1895
f 1420/2798/1897 1422/2801/1903 1386/2799/1898
f 1343/2800/1901 1344/2864/1972 1420/2798/1897
f 1386/2799/1902 1385/2794/2075 1405/2788/1887
f 1422/2801/1903 1421/2793/1892 1385/2794/1893
f 1389/2802/1904 1387/2933/2076 1473/2803/1905
f 1473/2803/1905 1387/2933/2076 1498/2805/1907
f 1478/2807/1909 1477/2888/1999 1387/2808/1910
f 1387/2808/1910 1477/2888/1999 1332/2810/1912
f 1474/2812/1914 1388/2819/1921 1390/2813/1915
f 1388/2815/1917 1481/2906/2003 1479/2816/1918
f 1325/2820/1922 1339/2934/2002 1366/2821/1923
f 1390/2813/1915 1389/2802/1904 1475/2804/1906
f 1479/2816/1918 1478/2807/1909 1389/2809/1911
f 1396/2822/1925 1398/2835/1942 1393/2823/1926
f 1326/2825/1928 1346/2839/1946 1396/2822/1925
f 1408/2826/1929 1407/2843/1950 1391/2824/1930
f 1391/2824/1930 1407/2843/1950 1326/2825/1952
f 1394/2827/1932 1397/2837/1944 1395/2828/1933
f 1392/2829/1935 1409/2834/1941 1410/2830/1936
f 1392/2829/1934 1395/2828/1933 1364/2831/1938
f 1392/2829/1935 1348/2832/2077 1347/2833/1940
f 1398/2835/1942 1397/2837/1944 1394/2827/1932
f 1410/2830/1936 1408/2826/1929 1393/2823/1931
f 1401/2836/1943 1399/2841/1948 1395/2828/1933
f 1395/2828/1933 1399/2841/1948 1364/2831/1938
f 1400/2838/1945 1402/2840/1947 1398/2835/1942
f 1402/2840/1947 1401/2836/1943 1397/2837/1944
f 1401/2836/1943 1405/2788/1887 1403/2790/1889
f 1399/2841/1948 1403/2790/1889 1365/2791/1890
f 1404/2797/1896 1406/2796/1895 1402/2840/1947
f 1346/2839/1946 1343/2800/1900 1404/2797/1896
f 1406/2796/1895 1405/2788/1887 1401/2836/1943
f 1413/2842/1949 1411/2849/1957 1407/2843/1950
f 1407/2843/1950 1411/2849/1957 1336/2844/1951
f 1409/2834/1941 1412/2847/1955 1414/2845/1953
f 1409/2834/1941 1347/2833/1940 1352/2846/1954
f 1414/2845/1953 1413/2842/1949 1408/2826/1929
f 1417/2848/1956 1415/2853/1961 1411/2849/1957
f 1411/2849/1957 1415/2853/1961 1336/2844/1951
f 1416/2850/1958 1418/2851/1959 1414/2845/1953
f 1418/2851/1959 1417/2848/1956 1413/2842/1949
f 1352/2846/1954 1356/2856/1964 1416/2850/1958
f 1490/2852/1960 1488/2905/2078 1415/2853/1961
f 1415/2853/1961 1488/2905/2078 1338/2854/1962
f 1489/2855/1963 1491/2857/1965 1418/2851/1959
f 1491/2857/1965 1490/2852/1960 1417/2848/1956
f 1425/2860/1968 1423/2861/1969 1419/2858/1966
f 1357/2859/1967 1419/2858/1966 1423/2861/1969
f 1424/2863/1971 1426/2865/1973 1422/2801/1903
f 1426/2865/1973 1425/2860/1968 1421/2793/1892
f 1428/2779/1876 1493/2778/1875 1423/2861/1969
f 1423/2861/1969 1493/2778/1875 1358/2862/1970
f 1427/2782/1879 1429/2781/1878 1426/2865/1973
f 1344/2864/1972 1327/2786/1883 1427/2782/1879
f 1429/2781/1878 1428/2779/1876 1425/2860/1968
f 1435/2866/1975 1433/2871/1981 1430/2867/1976
f 1430/2867/1976 1433/2871/1981 1337/2787/1885
f 1434/2869/1979 1436/2870/1980 1432/2728/1808
f 1436/2870/1980 1435/2866/1975 1431/2735/1819
f 1439/2785/1882 1437/2784/1881 1433/2871/1981
f 1433/2871/1981 1437/2784/1881 1337/2787/1885
f 1434/2869/1979 1438/2773/1869 1440/2777/1873
f 1434/2869/1979 1350/2868/1978 1349/2872/1982
f 1440/2777/1873 1439/2785/1882 1435/2866/1975
f 1447/2873/1983 1445/2877/1987 1441/2733/1817
f 1441/2733/1817 1445/2877/1987 1353/2763/1854
f 1446/2874/1984 1448/2876/1986 1444/2740/1826
f 1448/2876/1986 1447/2873/1983 1443/2732/1813
f 1451/2762/1853 1449/2761/1852 1445/2877/1987
f 1353/2763/1854 1445/2877/1987 1449/2761/1852
f 1446/2874/1984 1450/2764/1857 1452/2766/1859
f 1341/2875/1985 1340/2769/1863 1450/2764/1857
f 1452/2766/1859 1451/2762/1853 1447/2873/1983
f 1459/2878/1988 1457/2882/1993 1453/2879/1989
f 1453/2879/1989 1457/2882/1993 1342/2771/1866
f 1458/2880/1991 1460/2760/1850 1456/2742/1828
f 1454/2745/1831 1355/2744/1830 1354/2881/1992
f 1460/2760/1850 1459/2878/1988 1455/2750/1838
f 1463/2768/1862 1461/2767/1861 1457/2882/1993
f 1457/2882/1993 1461/2767/1861 1342/2771/1866
f 1464/2772/1868 1463/2768/1862 1459/2878/1988
f 1470/2883/1994 1469/2887/1998 1465/2748/1836
f 1361/2749/1837 1465/2748/1836 1469/2887/1998
f 1466/2755/1845 1472/2886/1997 1471/2884/1995
f 1471/2884/1995 1470/2883/1994 1467/2746/1832
f 1475/2804/1906 1473/2803/1905 1469/2887/1998
f 1469/2887/1998 1473/2803/1905 1362/2806/1908
f 1472/2886/1997 1476/2814/1916 1471/2884/1995
f 1345/2885/1996 1325/2818/1920 1474/2812/1914
f 1476/2814/1916 1475/2804/1906 1470/2883/1994
f 1482/2890/2001 1480/2899/2006 1477/2891/1999
f 1477/2891/1999 1480/2899/2006 1331/2901/2000
f 1481/2894/2003 1483/2896/2004 1479/2897/1918
f 1483/2896/2004 1482/2890/2001 1478/2892/1909
f 1486/2898/2005 1484/2904/2011 1480/2899/2006
f 1480/2899/2006 1484/2904/2011 1351/2900/2007
f 1485/2902/2008 1487/2903/2009 1483/2896/2004
f 1339/2893/2002 1338/2854/2014 1485/2902/2008
f 1487/2903/2009 1486/2898/2005 1482/2890/2001
f 1491/2857/2010 1489/2855/2079 1484/2904/2011
f 1484/2904/2011 1489/2855/2079 1356/2856/2012
f 1488/2905/2013 1490/2852/2015 1487/2903/2009
f 1490/2852/2015 1491/2857/2010 1486/2898/2005
usemtl MarbleBase
f 1330/2697/1776 1500/2698/1777 1331/2699/1778
f 1360/2700/1779 1522/2701/1780 1504/2702/1781
f 1347/2703/1782 1517/2704/1783 1352/2705/1784
f 1354/2706/1785 1508/2707/1786 1507/2708/1787
f 1348/2709/1788 1517/2704/1783 1347/2703/1782
f 1498/2710/1789 1512/2711/1790 1511/2712/1791
f 1349/2713/1792 1335/2714/1793 1510/2715/1794
f 1362/2716/1795 1511/2712/1791 1361/2717/1796
f 1363/2718/1797 1513/2719/1797 1365/2720/1797
f 1356/2721/1798 1330/2697/1799 1351/2722/1800
f 1365/2720/1801 1499/2723/1802 1364/2724/1803
f 1364/2724/1803 1499/2723/1802 1360/2700/1779
f 1355/2725/1804 1496/2726/1805 1354/2706/1806
f 1332/2907/2019 1500/2698/2020 1501/2908/2021
f 1495/2909/2022 1505/2910/2023 1494/2911/2024
f 1363/2718/2025 1509/2912/2026 1514/2913/2027
f 1334/2914/2028 1505/2910/2023 1502/2915/2029
f 1497/2916/2030 1508/2707/2031 1496/2726/1805
f 1360/2700/2032 1504/2702/2033 1348/2709/2034
f 1361/2717/2035 1511/2712/2035 1521/2917/2035
f 1496/2726/1805 1508/2707/2031 1354/2706/2036
f 1497/2916/2030 1521/2917/2037 1520/2918/2038
f 1334/2914/2028 1503/2919/2039 1350/2920/2040
f 1499/2723/2041 1513/2719/2042 1522/2701/2043
f 1335/2714/2044 1503/2919/2044 1516/2921/2044
f 1359/2922/2045 1509/2912/2026 1358/2923/2046
f 1513/2719/2042 1523/2924/2047 1522/2701/2043
f 1500/2698/2020 1515/2925/2048 1501/2908/2021
f 1498/2710/1913 1501/2926/2049 1515/2925/2050
f 1502/2915/2029 1516/2921/2051 1503/2919/2039
f 1514/2913/2052 1519/2927/2053 1523/2924/2054
f 1510/2715/1794 1516/2921/2051 1519/2927/2055
f 1506/2928/2056 1507/2708/2057 1505/2910/2023
f 1511/2712/1791 1512/2711/1790 1521/2917/2058
f 1502/2915/2029 1507/2708/2057 1516/2921/2051
f 1510/2715/1794 1519/2927/2055 1509/2912/2026
f 1520/2918/2059 1518/2929/2059 1508/2707/2059
f 1330/2697/1799 1333/2930/2060 1515/2925/2061
f 1498/2710/1789 1521/2917/2037 1512/2711/1790
f 1500/2698/2062 1330/2697/2062 1515/2925/2062
f 1333/2930/2060 1517/2704/1783 1515/2925/2061
f 1514/2913/2027 1509/2912/2026 1519/2927/2055
f 1504/2702/2063 1519/2927/2055 1515/2925/2061
f 1495/2909/2064 1354/2706/1785 1507/2708/1787
f 1348/2709/1788 1504/2702/2063 1517/2704/1783
f 1360/2700/1779 1499/2723/1802 1522/2701/1780
f 1349/2713/1792 1350/2920/2040 1335/2714/1793
f 1363/2718/2065 1514/2913/2052 1513/2719/2066
f 1356/2721/1798 1333/2930/2060 1330/2697/1799
f 1498/2710/1913 1332/2931/1912 1501/2926/2049
f 1365/2720/2067 1513/2719/2042 1499/2723/2041
f 1331/2699/2068 1351/2722/1800 1330/2697/1799
f 1353/2932/2069 1495/2909/2022 1494/2911/2024
f 1355/2725/1804 1497/2916/2030 1496/2726/1805
f 1348/2709/2034 1364/2724/2070 1360/2700/2032
f 1362/2716/1795 1498/2710/1789 1511/2712/1791
f 1332/2907/2080 1331/2699/1778 1500/2698/1777
f 1495/2909/2081 1506/2928/2056 1505/2910/2023
f 1356/2721/1798 1352/2705/1784 1517/2704/1783
f 1497/2916/2030 1520/2918/2038 1508/2707/2031
f 1357/2935/2082 1358/2923/2046 1509/2912/2026
f 1359/2922/2045 1349/2713/2083 1510/2715/1794
f 1363/2718/2025 1357/2935/2084 1509/2912/2026
f 1334/2914/2028 1494/2911/2024 1505/2910/2023
f 1333/2930/2060 1356/2721/1798 1517/2704/1783
f 1497/2916/2030 1361/2717/2085 1521/2917/2037
f 1334/2914/2028 1502/2915/2029 1503/2919/2039
f 1335/2714/1793 1350/2920/2040 1503/2919/2039
f 1359/2922/2045 1510/2715/1794 1509/2912/2026
f 1495/2909/2086 1507/2708/2086 1506/2928/2086
f 1513/2719/2066 1514/2913/2052 1523/2924/2054
f 1507/2708/1787 1508/2707/1786 1518/2929/2087
f 1510/2715/1794 1335/2714/1793 1516/2921/2051
f 1502/2915/2029 1505/2910/2023 1507/2708/2057
f 1498/2710/1789 1515/2925/2061 1521/2917/2037
f 1522/2701/2088 1523/2924/2088 1504/2702/2088
f 1523/2924/2089 1519/2927/2055 1504/2702/2063
f 1517/2704/1783 1504/2702/2063 1515/2925/2061
f 1520/2918/2038 1519/2927/2055 1507/2708/2057
f 1520/2918/2038 1521/2917/2037 1515/2925/2061
f 1507/2708/2090 1518/2929/2090 1520/2918/2090
f 1519/2927/2055 1516/2921/2051 1507/2708/2057
f 1519/2927/2055 1520/2918/2038 1515/2925/2061
o ColumnBase.003
v -5.212271 0.441272 -2.687323
v -5.181604 0.581778 -2.600344
v -4.667315 0.454458 -2.451996
v -5.456116 0.441418 -2.164445
v -5.369429 0.581308 -2.196046
v -4.933227 0.441117 -1.921397
v -4.964511 0.581582 -2.007218
vn -0.8235 0.4175 -0.3841
vn -0.0010 1.0000 0.0007
vn 0.8023 0.4310 0.4129
vn -0.3827 0.4181 0.8238
vn 0.3475 0.4375 -0.8293
vn -0.8219 0.4232 -0.3813
vn 0.2654 0.9593 -0.0968
vn -0.3832 0.4230 0.8211
vt 0.497311 0.017368
vt 0.142649 0.126279
vt 0.030868 0.031251
vt 0.385827 0.390086
vt 0.400932 0.131684
vt 0.029899 0.500372
vt 0.497311 0.485119
s 1
usemtl MarbleBase
f 1527/2936/2091 1525/2937/2091 1524/2938/2091
f 1530/2939/2092 1525/2937/2092 1528/2940/2092
f 1526/2941/2093 1530/2939/2093 1529/2942/2093
f 1530/2939/2094 1527/2936/2094 1529/2942/2094
f 1524/2938/2095 1525/2937/2095 1526/2941/2095
f 1527/2936/2096 1528/2940/2096 1525/2937/2096
f 1530/2939/2097 1526/2941/2097 1525/2937/2097
f 1530/2939/2098 1528/2940/2098 1527/2936/2098
o Column.002
v -4.999590 0.561071 -2.475800
v -5.244375 0.561071 -2.377376
v -5.145951 0.561071 -2.132590
v -4.894999 0.561071 -2.372094
v -5.004870 0.561071 -2.126422
v -4.999590 10.486585 -2.475800
v -5.244375 10.575009 -2.377376
v -5.072771 10.535985 -2.304194
v -5.156264 10.569372 -2.270624
v -5.039201 10.568561 -2.220702
v -5.116027 10.596034 -2.202762
v -5.182391 10.557045 -2.368456
v -5.033637 10.493886 -2.432861
v -5.251820 0.561071 -2.429991
v -5.218055 0.561071 -2.478394
v -5.097154 0.561071 -2.076908
v -5.140671 0.561071 -2.481967
v -5.048388 0.561071 -2.531482
v -4.901166 0.561071 -2.231014
v -4.893721 0.561071 -2.178403
v -4.927486 0.561071 -2.129995
v -4.845484 0.561071 -2.279813
v -5.250544 0.561071 -2.236295
v -5.198566 0.561071 -2.125146
v -5.246970 0.561071 -2.158910
v -4.946975 0.561071 -2.483243
v -4.898571 0.561071 -2.449479
v -5.300057 0.561071 -2.328578
v -5.228818 10.585367 -2.470083
v -5.251438 10.572729 -2.434540
v -5.122193 10.573971 -2.179420
v -5.096597 10.585436 -2.076722
v -5.047541 10.603725 -2.085320
v -5.147089 10.541517 -2.475640
v -5.034404 10.504251 -2.520614
v -5.096486 10.511326 -2.526954
v -5.004694 10.587151 -2.133228
v -4.900852 10.602355 -2.148540
v -4.901166 10.570365 -2.231014
v -4.951586 10.563328 -2.258612
v -4.841266 10.562977 -2.285005
v -4.899188 10.520273 -2.370658
v -5.145951 10.600138 -2.132590
v -5.248052 10.589752 -2.173601
v -5.218826 10.590606 -2.128512
v -4.896607 10.504889 -2.442294
v -4.941791 10.484635 -2.482021
v -5.190962 10.573811 -2.347305
v -5.292517 10.578403 -2.338613
v -5.298634 10.613788 -2.296194
v -5.246045 10.565890 -2.238099
v -5.031837 7.558500 -2.527663
v -5.070644 7.557611 -2.537873
v -5.003625 8.294039 -2.132227
v -5.004345 7.559788 -2.131877
v -5.003104 8.049291 -2.132107
v -5.003626 7.804541 -2.132227
v -4.901048 8.294039 -2.374102
v -4.900452 7.559788 -2.372620
v -4.900803 8.049291 -2.373340
v -4.900803 7.804541 -2.373340
v -4.895616 8.294039 -2.229163
v -4.895988 7.559788 -2.228290
v -4.896181 8.049290 -2.229307
v -4.896483 7.804541 -2.228598
v -5.148115 8.294039 -2.127519
v -5.148929 7.559788 -2.127801
v -5.147659 8.049290 -2.127606
v -5.148115 7.804541 -2.127519
v -5.245188 8.294039 -2.235344
v -5.245090 7.559788 -2.235770
v -5.244494 8.049291 -2.234287
v -5.244740 7.804541 -2.235050
v -4.997739 8.294039 -2.481350
v -4.997428 7.559788 -2.480871
v -4.997427 8.049290 -2.480871
v -4.996614 7.804541 -2.480588
v -5.249165 7.559788 -2.380353
v -5.249058 8.294039 -2.379792
v -5.249447 7.804541 -2.379539
v -5.249926 8.049290 -2.379227
v -5.297544 8.282044 -2.332287
v -5.296241 8.295326 -2.345128
v -5.295150 7.559788 -2.345668
v -5.294270 8.049290 -2.346554
v -5.294639 7.804541 -2.346212
v -5.306448 8.296216 -2.306320
v -5.306121 7.559789 -2.305526
v -5.306303 8.049290 -2.311015
v -5.306128 7.804541 -2.308267
v -5.291883 8.294039 -2.269737
v -5.291796 7.559788 -2.269567
v -5.292857 8.049290 -2.270688
v -5.292291 7.804541 -2.270106
v -5.256738 7.559788 -2.434549
v -5.256680 7.804541 -2.435221
v -5.256742 8.294038 -2.435057
v -5.256641 8.049290 -2.435966
v -5.239354 7.559789 -2.468004
v -5.237251 8.294038 -2.469780
v -5.237250 7.804541 -2.469779
v -5.236123 8.049290 -2.470365
v -5.200947 7.559788 -2.486217
v -5.200136 8.294039 -2.486211
v -5.200134 7.804541 -2.486210
v -5.200133 8.049290 -2.486211
v -5.254700 8.294039 -2.177220
v -5.254793 7.559788 -2.176019
v -5.254838 8.049290 -2.177008
v -5.254786 7.804541 -2.176831
v -5.239664 8.294038 -2.140570
v -5.236580 7.559789 -2.137611
v -5.238357 8.049290 -2.139715
v -5.238357 7.804541 -2.139715
v -5.203124 7.559788 -2.120227
v -5.203796 8.049290 -2.120285
v -5.203797 7.804541 -2.120285
v -5.038143 7.559788 -2.085170
v -5.038313 8.294039 -2.085083
v -5.038683 7.804541 -2.084674
v -5.039263 8.049290 -2.084109
v -5.074104 7.559789 -2.070845
v -5.076862 8.294038 -2.070034
v -5.076845 7.804541 -2.070837
v -5.078052 8.049290 -2.071115
v -5.114248 7.559788 -2.081820
v -5.115134 8.294038 -2.082699
v -5.114791 7.804541 -2.082330
v -5.114951 8.049290 -2.082406
v -4.945405 8.294039 -2.122179
v -4.944594 7.559788 -2.122173
v -4.945407 8.049290 -2.122179
v -4.945407 7.804541 -2.122179
v -4.909419 8.294038 -2.138024
v -4.907613 7.559789 -2.139646
v -4.908290 8.049290 -2.138609
v -4.906866 7.804541 -2.139349
v -4.888901 8.294038 -2.172425
v -4.888862 7.559788 -2.173170
v -4.888861 8.049290 -2.173171
v -4.888803 7.804541 -2.173844
v -4.853746 7.559788 -2.338822
v -4.852684 8.294039 -2.337700
v -4.853251 7.804541 -2.338281
v -4.853250 8.049290 -2.338281
v -4.839421 7.559789 -2.302863
v -4.839240 8.294038 -2.297375
v -4.839414 7.804541 -2.300122
v -4.838960 8.047117 -2.298097
v -4.847997 8.061276 -2.276103
v -4.850395 7.559788 -2.262720
v -4.851274 8.294038 -2.261834
v -4.850905 7.804541 -2.262176
v -4.850099 8.047988 -2.262396
v -4.890738 8.294039 -2.430827
v -4.890800 7.559788 -2.431716
v -4.890755 8.049290 -2.431561
v -4.890708 7.804541 -2.432225
v -4.905293 8.294038 -2.466692
v -4.907187 8.049290 -2.468675
v -4.908223 7.804541 -2.469353
v -4.911158 7.561480 -2.473381
v -4.941001 8.294038 -2.488065
v -4.941800 7.559262 -2.488298
v -4.941746 8.049290 -2.488105
v -4.941911 7.804541 -2.488167
v -5.030410 8.294038 -2.525692
v -5.030752 8.049290 -2.526060
v -5.030890 7.804541 -2.526127
v -5.067158 8.294038 -2.538005
v -5.044679 7.571784 -2.528968
v -5.068697 8.049290 -2.537553
v -5.068698 7.804541 -2.537553
v -5.106857 8.294039 -2.523717
v -5.107398 7.559788 -2.523221
v -5.106857 8.049290 -2.523716
v -5.106857 7.804541 -2.523716
v -5.141197 7.559788 -2.476514
v -5.141917 8.294039 -2.476164
v -5.141917 7.804541 -2.476164
v -5.141917 8.049291 -2.476163
v -5.203797 8.294038 -2.120285
vn 0.1565 0.9756 -0.1542
vn 0.1326 0.9395 -0.3157
vn -0.0612 0.9501 -0.3058
vn 0.2771 0.9273 -0.2517
vn 0.3565 0.9042 -0.2353
vn 0.1927 0.8782 -0.4377
vn 0.0173 0.9563 -0.2918
vn 0.4249 0.9049 -0.0253
vn 0.2383 0.9582 0.1582
vn 0.0341 0.9798 0.1969
vn 0.1794 0.9782 -0.1044
vn 0.1771 0.8947 -0.4101
vn 0.4966 0.8403 -0.2176
vn 0.1182 0.9596 -0.2552
vn -0.3519 0.9359 -0.0168
vn -0.1466 0.9707 -0.1906
vn -0.0971 0.9770 -0.1900
vn -0.0554 0.9663 -0.2513
vn 0.1569 0.9867 -0.0433
vn 0.1680 0.9792 0.1142
vn 0.3063 0.9515 -0.0282
vn -0.1177 0.9518 -0.2832
vn 0.0168 0.9611 -0.2758
vn -0.0768 0.9396 -0.3335
vn -0.0584 0.9434 -0.3265
vn 0.1664 0.9860 -0.0059
vn 0.1098 0.9643 -0.2412
vn 0.0601 0.9769 -0.2052
vn -0.0953 0.9595 -0.2651
vn -0.0798 0.9419 -0.3263
vn -0.0049 0.8594 -0.5112
vn -0.0203 0.7663 -0.6421
vn 0.4506 0.8448 0.2886
vn -0.8093 0.5184 0.2762
vn -0.9244 -0.1691 -0.3419
vn -0.8258 -0.0387 0.5627
vn -0.9345 -0.3408 0.1029
vn 0.9211 0.1726 0.3489
vn 0.7571 0.2443 0.6059
vn 0.9456 0.3186 -0.0658
vn 0.8049 0.0001 0.5933
vn 0.5844 0.0003 0.8114
vn 0.7987 -0.0000 0.6017
vn 0.7468 0.0030 0.6651
vn 0.6073 0.0002 0.7945
vn 0.1229 -0.0001 0.9924
vn -0.1700 0.0002 0.9854
vn -0.1696 -0.0000 0.9855
vn 0.5983 0.0001 0.8013
vn 0.8098 0.0003 0.5868
vn 0.8044 -0.0007 0.5940
vn 0.1398 0.0010 0.9902
vn -0.1693 -0.0001 0.9856
vn -0.1603 0.0013 0.9871
vn 0.0450 -0.0010 0.9990
vn 0.1241 -0.0007 0.9923
vn 0.8119 0.0001 -0.5839
vn 0.5940 0.0001 -0.8044
vn 0.6014 -0.0006 -0.7990
vn 0.8238 0.0088 -0.5669
vn 0.9924 -0.0001 -0.1230
vn 0.9843 0.0016 0.1767
vn 0.9854 0.0006 0.1700
vn 0.9487 0.0020 -0.3160
vn 0.9993 -0.0009 0.0362
vn 0.8012 -0.0004 -0.5984
vn 0.5868 0.0003 -0.8097
vn 0.5934 -0.0008 -0.8049
vn 0.9894 -0.0002 -0.1451
vn 0.9857 0.0001 0.1684
vn 0.9869 0.0013 0.1612
vn 0.9990 -0.0010 -0.0450
vn 0.8325 0.0343 -0.5530
vn 0.9908 -0.0000 -0.1355
vn 0.9641 0.0065 0.2653
vn 0.5941 0.0018 0.8044
vn 0.8071 -0.0023 0.5904
vn 0.6308 0.0336 0.7753
vn 0.9917 -0.0007 -0.1284
vn 0.9782 -0.0004 0.2079
vn 0.9817 0.0001 0.1904
vn 1.0000 0.0052 -0.0073
vn 0.7087 0.0091 0.7054
vn 0.9819 0.0001 0.1896
vn 0.9905 -0.0000 -0.1375
vn 0.9852 0.0001 0.1716
vn 0.5938 0.0007 0.8046
vn 0.8278 0.0007 0.5611
vn 0.8166 -0.0013 0.5772
vn 0.9727 -0.0009 0.2320
vn 0.9917 0.0006 -0.1282
vn 0.6588 -0.0014 0.7523
vn 0.9839 -0.0028 0.1789
vn -0.3075 0.0017 0.9515
vn -0.8049 0.0016 0.5934
vn -0.5880 0.0003 0.8088
vn -0.8094 -0.0001 0.5872
vn -0.5815 0.0001 0.8136
vn 0.1293 -0.0000 0.9916
vn -0.1909 0.0011 0.9816
vn -0.1902 0.0001 0.9818
vn -0.4298 0.0022 0.9029
vn 0.1281 0.0021 0.9918
vn 0.0556 0.0021 0.9985
vn 0.1377 -0.0002 0.9905
vn -0.1903 -0.0006 0.9817
vn -0.1701 0.0005 0.9854
vn -0.8044 0.0008 0.5941
vn -0.5613 0.0006 0.8276
vn -0.5766 -0.0005 0.8170
vn -0.2320 -0.0008 0.9727
vn -0.7523 -0.0014 0.6588
vn -0.1789 -0.0028 0.9839
vn 0.1289 -0.0008 0.9917
vn -0.8118 0.0003 0.5840
vn -0.5937 0.0002 0.8047
vn -0.9844 -0.0001 -0.1759
vn -0.9934 -0.0001 0.1144
vn -0.9869 -0.0020 -0.1615
vn -0.9994 0.0029 -0.0339
vn -0.9513 0.0023 0.3082
vn -0.5868 0.0003 0.8098
vn -0.8013 0.0002 0.5983
vn -0.7895 0.0007 0.6138
vn -0.9901 0.0010 0.1405
vn -0.9856 0.0007 -0.1693
vn -0.9871 0.0013 -0.1603
vn -0.8801 -0.0029 0.4748
vn -0.9990 -0.0010 0.0450
vn -0.5940 -0.0007 0.8044
vn -0.9924 -0.0005 0.1228
vn -0.1280 -0.0007 -0.9918
vn 0.2091 0.0005 -0.9779
vn 0.1905 0.0005 -0.9817
vn -0.1071 0.0027 -0.9942
vn 0.3350 0.0047 -0.9422
vn 0.5766 0.0002 -0.8170
vn 0.8051 0.0010 -0.5932
vn 0.8044 -0.0001 -0.5941
vn 0.7905 0.0028 -0.6125
vn 0.5875 0.0020 -0.8092
vn 0.4318 0.0029 -0.9020
vn 0.1596 -0.0002 -0.9872
vn -0.1363 0.0003 -0.9907
vn 0.1835 0.0024 -0.9830
vn 0.7702 0.0320 -0.6370
vn 0.5723 -0.0029 -0.8200
vn 0.7990 -0.0000 -0.6014
vn 0.2320 -0.0009 -0.9727
vn -0.1324 0.0005 -0.9912
vn 0.7524 -0.0014 -0.6587
vn 0.5857 0.2376 -0.7749
vn -0.8277 0.0006 -0.5612
vn -0.5942 -0.0002 -0.8044
vn -0.6022 0.0006 -0.7984
vn -0.6588 -0.0014 -0.7523
vn -0.9817 0.0001 -0.1906
vn -0.9905 -0.0002 0.1377
vn -0.9918 -0.0007 0.1280
vn -0.9727 -0.0008 -0.2320
vn -0.9901 -0.0006 0.1401
vn -0.8083 0.0022 -0.5888
vn -0.6360 -0.0311 -0.7711
vn -0.5932 -0.0000 -0.8051
vn -0.9907 0.0010 0.1361
vn -0.9781 0.0004 -0.2080
vn -0.9931 0.0008 0.1175
vn -0.6265 0.0032 -0.7794
vn -0.7750 -0.2368 -0.5859
vn -0.9035 0.0039 -0.4286
vn -0.9696 0.0027 -0.2447
vn -0.9826 0.0003 -0.1859
vn -0.8173 -0.0006 -0.5762
vn -0.9458 0.0053 0.3246
vn -0.9984 0.0008 0.0569
vn -0.9839 -0.0028 -0.1789
vn -0.9996 -0.0001 0.0269
vn -1.0000 0.0027 -0.0033
vn -0.7375 0.0055 0.6753
vn -0.6727 -0.0003 -0.7399
vn -0.9854 0.0005 -0.1702
vn -0.4829 -0.0011 -0.8757
vn -0.6626 -0.0001 -0.7490
vn -0.6733 0.0003 -0.7394
vn -0.1230 -0.0008 -0.9924
vn -0.6947 0.0009 -0.7193
vn -0.1227 0.0006 -0.9924
vn -0.5473 0.0050 -0.8370
vn -0.1217 -0.0001 -0.9926
vn 0.1693 -0.0001 -0.9856
vn -0.1405 0.0010 -0.9901
vn -0.0450 -0.0010 -0.9990
vn 0.1701 0.0003 -0.9854
vn -0.0616 0.0061 -0.9981
vn 0.1701 -0.0000 -0.9854
vn -0.7403 0.0002 0.6723
vn -0.9930 0.0002 0.1185
vn -0.7193 0.0009 0.6947
vn -0.8757 -0.0011 0.4829
vn -0.7403 -0.0010 0.6723
vn -0.7511 0.0007 0.6602
vn 0.0270 -0.0003 0.9996
vn 0.6138 0.0007 0.7895
vn 0.4748 -0.0029 0.8801
vn 0.0136 0.0002 0.9999
vn 0.0277 -0.0007 0.9996
vn 0.0568 0.0008 0.9984
vn 0.1400 0.0084 0.9901
vn 0.1221 0.0008 0.9925
vn 0.6730 0.0005 0.7396
vn 0.6826 -0.0000 0.7308
vn 0.4829 -0.0011 0.8757
vn 0.6849 -0.0005 0.7286
vn 0.6620 0.0001 0.7495
vn 0.9996 -0.0015 -0.0272
vn 0.7895 0.0007 -0.6138
vn 0.8801 -0.0029 -0.4748
vn 1.0000 -0.0034 0.0025
vn 0.9984 0.0008 -0.0569
vn 0.7401 0.0003 -0.6725
vn 0.9947 -0.0000 -0.1028
vn 0.7321 0.0022 -0.6812
vn 0.8757 -0.0011 -0.4829
vn 0.7058 -0.0011 -0.7084
vn 0.7594 -0.0005 -0.6506
vn -0.0268 0.0003 -0.9996
vn -0.4058 0.0003 -0.9139
vn 0.1789 -0.0028 -0.9839
vn -0.1037 0.3414 -0.9342
vn -0.0265 -0.0036 -0.9996
vn -0.5985 0.0001 -0.8011
vn -0.0091 0.0014 -1.0000
vn -0.5663 0.0387 -0.8233
vn 0.3412 0.1691 -0.9246
vn -0.5986 -0.0006 -0.8011
vn -0.8049 -0.0000 -0.5934
vn -0.5979 0.0008 -0.8016
vn -0.8040 0.0014 -0.5946
vn -0.7125 -0.0015 -0.7017
vn -0.8097 0.0003 -0.5868
vn -0.4748 -0.0029 -0.8801
vn -0.8049 -0.0008 -0.5934
vn 0.1172 0.9842 -0.1327
vn 0.3817 0.6193 0.6862
vn 0.4971 0.0021 0.8677
vn 0.6697 0.0022 0.7427
vn 0.9931 0.0001 -0.1175
vn 0.6026 0.0007 0.7980
vn 0.9901 -0.0007 -0.1401
vn -0.7492 0.0022 0.6624
vn -0.7984 0.0006 0.6022
vn 0.1401 -0.0006 0.9901
vn -0.6014 -0.0001 0.7990
vn -0.1175 0.0002 -0.9931
vn -0.1401 -0.0007 -0.9901
vn -0.9925 0.0019 0.1225
vn 0.1603 0.0013 -0.9871
vt 1.647782 0.922020
vt 2.044714 0.584257
vt 2.395246 0.921255
vt 1.755466 0.188465
vt 1.651294 0.273275
vt 2.349176 0.285109
vt 2.406237 0.565411
vt 1.355953 0.538805
vt 1.254132 0.215603
vt 1.355840 0.103897
vt 1.557696 0.050370
vt 2.589661 0.054950
vt 2.810105 0.189378
vt 2.438077 0.214032
vt 2.864017 0.373261
vt 2.740406 0.573681
vt 1.556909 1.095718
vt 1.349704 1.031147
vt 1.268885 0.830160
vt 2.824135 0.906741
vt 2.568223 1.050276
vt 2.445128 1.291590
vt 2.075175 1.259349
vt 2.063356 -0.122016
vt 2.288545 -0.229573
vt 2.472973 -0.170617
vt 1.815725 1.362961
vt 1.748528 1.363993
vt 1.631659 1.292447
vt 1.613952 -0.164959
vt 1.776536 -0.266744
vt 2.069159 0.217501
vt -0.436136 1.005688
vt -0.422695 1.008239
vt -0.430903 1.009033
vt -0.262018 0.953201
vt -0.264605 0.950024
vt -0.256905 0.949867
vt -0.321303 1.007624
vt -0.335886 0.950615
vt -0.321464 0.950608
vt -0.319241 1.531795
vt -0.335140 1.007703
vt -0.307276 0.950535
vt -0.335846 0.893364
vt -0.322132 0.835954
vt -0.321635 0.893426
vt -0.308020 0.835947
vt -0.325178 -0.767456
vt -0.307407 0.893374
vt -0.248447 1.007612
vt -0.234629 0.950527
vt -0.234332 1.007610
vt -0.236144 1.517504
vt -0.220436 0.950473
vt -0.217771 1.512327
vt -0.248919 0.893381
vt -0.234062 0.836014
vt -0.235038 0.893296
vt -0.220123 0.836171
vt -0.238437 -0.767597
vt -0.248735 0.950450
vt -0.220571 0.893354
vt -0.259359 1.525463
vt -0.277883 1.007565
vt -0.264740 1.007745
vt -0.278011 0.950452
vt -0.291193 1.007633
vt -0.291284 0.950457
vt -0.278096 1.527920
vt -0.296181 1.533725
vt -0.291621 0.835926
vt -0.278295 0.893423
vt -0.291409 0.893215
vt -0.264682 0.835925
vt -0.264978 0.893382
vt -0.293014 -0.767503
vt -0.278110 0.836019
vt -0.279773 -0.767526
vt -0.263604 -0.767550
vt -0.344954 1.531544
vt -0.364837 1.007988
vt -0.351306 1.008023
vt -0.365013 0.950632
vt -0.351985 0.950676
vt -0.378340 1.008103
vt -0.378306 0.950720
vt -0.380114 1.532712
vt -0.362748 1.535147
vt -0.365733 0.836041
vt -0.378638 0.893436
vt -0.378963 0.835944
vt -0.365298 0.893508
vt -0.352396 0.836031
vt -0.351945 0.893450
vt -0.379752 -0.767381
vt -0.366511 -0.767400
vt -0.350343 -0.767417
vt -0.422730 0.951007
vt -0.408780 1.008192
vt -0.408298 0.951001
vt -0.394656 1.008268
vt -0.407023 1.528175
vt -0.392093 1.533163
vt -0.409423 0.836171
vt -0.422986 0.893566
vt -0.423458 0.836080
vt -0.395260 0.836146
vt -0.408842 0.893619
vt -0.411914 -0.767349
vt -0.394696 0.893540
vt -0.539827 0.951465
vt -0.552674 1.008991
vt -0.553325 0.951430
vt -0.534066 1.510164
vt -0.546914 1.509676
vt -0.526411 0.951369
vt -0.539263 1.008845
vt -0.526072 1.008742
vt -0.521647 1.514096
vt -0.553258 0.835772
vt -0.540393 0.893940
vt -0.553650 0.893896
vt -0.539810 0.836332
vt -0.526745 0.893758
vt -0.553218 -0.767259
vt -0.539978 -0.767263
vt -0.526598 0.835901
vt -0.439727 0.836276
vt -0.452746 0.893729
vt -0.452741 0.836318
vt -0.453245 -0.767310
vt -0.466140 0.893713
vt -0.466486 -0.767299
vt -0.438955 0.950990
vt -0.451970 1.008408
vt -0.452385 0.951072
vt -0.465680 0.951088
vt -0.447549 1.529943
vt -0.438809 1.008794
vt -0.433904 1.530692
vt -0.461754 1.529748
vt -0.465439 1.008472
vt -0.439069 0.893645
vt -0.424507 1.537030
vt -0.431649 0.836083
vt -0.437078 -0.767320
vt -0.431169 0.893584
vt -0.431087 0.951160
vt -0.474009 0.893786
vt -0.465917 0.836246
vt -0.479372 -0.767288
vt -0.473673 0.951081
vt -0.473400 1.008575
vt -0.482193 0.893786
vt -0.473810 0.836224
vt -0.481668 1.008561
vt -0.470444 1.531804
vt -0.481879 0.951187
vt -0.496365 0.893827
vt -0.482236 0.836371
vt -0.498647 -0.767282
vt -0.495595 1.008644
vt -0.489031 1.523299
vt -0.496076 0.951279
vt -0.386198 0.950796
vt -0.394336 0.950832
vt -0.386842 0.835950
vt -0.392638 -0.767365
vt -0.386515 0.893515
vt -0.386341 1.008189
vt -0.344055 0.893379
vt -0.336123 0.835845
vt -0.344187 0.950600
vt -0.343362 1.007985
vt -0.344298 0.835836
vt -0.307512 1.007622
vt -0.299124 0.950518
vt -0.299628 0.835890
vt -0.305902 -0.767481
vt -0.299179 0.893324
vt -0.299276 1.007596
vt -0.257081 0.893340
vt -0.248360 0.835861
vt -0.256837 1.007792
vt -0.256576 0.835778
vt -0.211937 0.950498
vt -0.220277 1.007703
vt -0.212056 0.893472
vt -0.218992 -0.767629
vt -0.211504 0.836533
vt -0.561070 1.009216
vt -0.561614 0.951499
vt -0.554820 1.512765
vt -0.562004 -0.767254
vt -0.560917 0.836746
vt -0.561855 0.893945
vt -0.518497 0.951277
vt -0.507830 1.515619
vt -0.523811 -0.767265
vt -0.518654 0.835617
vt -0.518746 0.893754
vt -0.510280 0.951243
vt -0.518148 1.008839
vt -0.510448 0.836150
vt -0.523875 0.839008
vt -0.510537 0.893754
vt -0.509828 1.008723
vt -0.496402 0.836313
vt -0.334202 1.535737
vt -0.211771 1.007712
s 1
usemtl MarbleBase
f 1612/2975/2133 1621/2976/2134 1617/2977/2135
f 1680/2978/2136 1684/2979/2137 1679/2980/2138
f 1584/2981/2139 1651/2982/2140 1586/2983/2141
f 1567/2984/2142 1649/2985/2143 1584/2981/2139
f 1662/2986/2144 1584/2981/2145 1586/2983/2146
f 1650/2987/2147 1585/2988/2148 1587/2989/2149
f 1661/2990/2150 1587/2989/2151 1585/2988/2152
f 1535/2991/2153 1661/2990/2150 1585/2988/2152
f 1651/2982/2140 1587/2989/2149 1586/2983/2141
f 1663/2992/2154 1586/2983/2146 1587/2989/2151
f 1673/2993/2155 1590/2994/2156 1588/2995/2157
f 1572/2996/2158 1673/2993/2155 1588/2995/2157
f 1687/2997/2159 1588/2995/2160 1590/2994/2161
f 1588/2995/2160 1576/2998/2162 1572/2996/2163
f 1674/2999/2164 1589/3000/2165 1591/3001/2166
f 1686/3002/2167 1591/3001/2168 1589/3000/2169
f 1534/3003/2170 1686/3002/2167 1589/3000/2169
f 1675/3004/2171 1591/3001/2166 1590/2994/2156
f 1688/3005/2172 1590/2994/2161 1591/3001/2168
f 1571/3006/2173 1592/3007/2174 1682/3008/2175
f 1682/3008/2175 1594/3009/2176 1680/2978/2136
f 1594/3009/2177 1668/3010/2178 1670/3011/2179
f 1668/3010/2178 1569/3012/2180 1568/3013/2181
f 1669/3014/2182 1595/3015/2183 1671/3016/2184
f 1595/3015/2185 1681/3017/2186 1683/3018/2187
f 1550/3019/2188 1593/3020/2189 1669/3014/2182
f 1681/3017/2186 1549/3021/2190 1552/3022/2191
f 1594/3009/2176 1683/3018/2187 1684/2979/2137
f 1595/3015/2183 1670/3011/2179 1671/3016/2184
f 1562/3023/2192 1596/3024/2193 1657/3025/2194
f 1657/3025/2194 1598/3026/2195 1659/3027/2196
f 1598/3026/2197 1712/3028/2198 1646/3029/2199
f 1575/3030/2200 1596/3024/2201 1573/3031/2202
f 1597/3032/2203 1647/3033/2204 1645/3034/2205
f 1599/3035/2206 1656/3036/2207 1658/3037/2208
f 1554/3038/2209 1597/3032/2203 1645/3034/2205
f 1656/3036/2207 1533/3039/2210 1546/3040/2211
f 1598/3026/2195 1658/3037/2208 1659/3027/2196
f 1599/3035/2212 1646/3029/2199 1647/3033/2204
f 1623/3041/2213 1600/3042/2214 1621/2976/2134
f 1602/3043/2215 1637/3044/2216 1600/3042/2217
f 1581/3045/2218 1637/3044/2216 1574/3046/2219
f 1601/3047/2220 1624/3048/2221 1622/3049/2222
f 1638/3050/2223 1603/3051/2224 1601/3047/2225
f 1553/3052/2226 1601/3047/2220 1622/3049/2222
f 1553/3052/2227 1638/3050/2223 1601/3047/2225
f 1603/3051/2228 1623/3041/2213 1624/3048/2221
f 1640/3053/2229 1602/3043/2215 1603/3051/2224
f 1606/3054/2230 1693/3055/2231 1695/3056/2232
f 1693/3055/2231 1536/3057/2233 1577/3058/2234
f 1698/3059/2235 1604/3060/2236 1606/3054/2237
f 1536/3057/2238 1697/3061/2239 1565/3062/2240
f 1694/3063/2241 1607/3064/2242 1696/3065/2243
f 1605/3066/2244 1699/3067/2245 1607/3064/2246
f 1556/3068/2247 1605/3066/2248 1694/3063/2241
f 1531/3069/2249 1582/3070/2250 1605/3066/2244
f 1607/3064/2242 1695/3056/2232 1696/3065/2243
f 1699/3067/2245 1606/3054/2237 1607/3064/2246
f 1614/3071/2251 1610/3072/2252 1608/3073/2253
f 1532/3074/2254 1614/3071/2251 1608/3073/2253
f 1626/3075/2255 1608/3073/2256 1610/3072/2257
f 1608/3073/2256 1544/3076/2258 1532/3074/2259
f 1615/3077/2260 1609/3078/2261 1611/3079/2262
f 1609/3078/2263 1628/3080/2264 1611/3079/2265
f 1537/3081/2266 1613/3082/2267 1579/3083/2268
f 1609/3078/2263 1560/3084/2269 1627/3085/2270
f 1616/3086/2271 1611/3079/2262 1610/3072/2252
f 1628/3080/2264 1610/3072/2257 1611/3079/2265
f 1579/3083/2268 1617/2977/2135 1580/3087/2272
f 1618/3088/2273 1616/3086/2271 1614/3071/2251
f 1558/3089/2274 1618/3088/2273 1614/3071/2251
f 1620/3090/2275 1615/3077/2260 1616/3086/2271
f 1619/3091/2276 1621/2976/2134 1612/2975/2133
f 1622/3049/2222 1620/3090/2275 1618/3088/2273
f 1558/3089/2274 1622/3049/2222 1618/3088/2273
f 1624/3048/2221 1619/3091/2276 1620/3090/2275
f 1621/2976/2134 1581/3045/2277 1580/3087/2272
f 1631/3092/2278 1625/3093/2279 1626/3075/2255
f 1625/3093/2279 1545/3094/2280 1544/3076/2258
f 1627/3085/2270 1632/3095/2281 1628/3080/2264
f 1560/3084/2269 1630/3096/2282 1627/3085/2270
f 1632/3095/2281 1626/3075/2255 1628/3080/2264
f 1635/3097/2283 1629/3098/2284 1631/3092/2278
f 1634/3099/2285 1632/3095/2281 1630/3096/2282
f 1630/3096/2282 1559/3100/2286 1634/3099/2285
f 1636/3101/2287 1631/3092/2278 1632/3095/2281
f 1710/3102/2288 1633/3103/2289 1635/3097/2283
f 1633/3103/2289 1547/3104/2290 1545/3094/2280
f 1709/3105/2291 1636/3101/2287 1634/3099/2285
f 1634/3099/2285 1564/3106/2292 1709/3105/2291
f 1711/3107/2293 1635/3097/2283 1636/3101/2287
f 1643/3108/2294 1637/3044/2216 1639/3109/2295
f 1637/3044/2216 1575/3030/2200 1574/3046/2219
f 1642/3110/2296 1640/3053/2229 1638/3050/2223
f 1555/3111/2297 1642/3110/2296 1638/3050/2223
f 1644/3112/2298 1639/3109/2295 1640/3053/2229
f 1646/3029/2199 1641/3113/2299 1643/3108/2294
f 1645/3034/2205 1644/3112/2298 1642/3110/2296
f 1555/3111/2297 1645/3034/2205 1642/3110/2296
f 1647/3033/2204 1643/3108/2294 1644/3112/2298
f 1654/3114/2300 1648/3115/2301 1650/2987/2147
f 1648/3115/2301 1546/3040/2211 1535/2991/2302
f 1649/2985/2143 1655/3116/2303 1651/2982/2140
f 1649/2985/2143 1562/3023/2192 1653/3117/2304
f 1655/3116/2303 1650/2987/2147 1651/2982/2140
f 1658/3037/2208 1652/3118/2305 1654/3114/2300
f 1657/3025/2194 1655/3116/2303 1653/3117/2304
f 1562/3023/2192 1657/3025/2194 1653/3117/2304
f 1659/3027/2196 1654/3114/2300 1655/3116/2303
f 1567/2984/2306 1660/3119/2307 1568/3013/2181
f 1666/3120/2308 1660/3119/2307 1662/2986/2144
f 1665/3121/2309 1663/2992/2154 1661/2990/2150
f 1551/3122/2310 1665/3121/2309 1661/2990/2150
f 1667/3123/2311 1662/2986/2144 1663/2992/2154
f 1670/3011/2179 1664/3124/2312 1666/3120/2308
f 1665/3121/2309 1671/3016/2184 1667/3123/2311
f 1551/3122/2310 1669/3014/2182 1665/3121/2309
f 1671/3016/2184 1666/3120/2308 1667/3123/2311
f 1678/3125/2313 1672/3126/2314 1674/2999/2164
f 1672/3126/2314 1552/3022/2191 1534/3003/2315
f 1677/3127/2316 1675/3004/2171 1673/2993/2155
f 1571/3006/2173 1677/3127/2316 1673/2993/2155
f 1679/2980/2138 1674/2999/2164 1675/3004/2171
f 1683/3018/2187 1676/3128/2317 1678/3125/2313
f 1682/3008/2175 1680/2978/2136 1677/3127/2316
f 1571/3006/2173 1682/3008/2175 1677/3127/2316
f 1684/2979/2137 1678/3125/2313 1679/2980/2138
f 1690/3129/2318 1685/3130/2319 1687/2997/2159
f 1686/3002/2167 1691/3131/2320 1688/3005/2172
f 1557/3132/2321 1692/3133/2322 1686/3002/2167
f 1691/3131/2320 1687/2997/2159 1688/3005/2172
f 1695/3056/2232 1689/3134/2323 1690/3135/2318
f 1689/3134/2323 1577/3058/2234 1576/3136/2162
f 1557/3137/2321 1694/3063/2241 1692/3138/2322
f 1696/3065/2243 1690/3135/2318 1691/3139/2320
f 1694/3063/2241 1696/3065/2243 1692/3138/2322
f 1702/3140/2324 1697/3061/2239 1698/3059/2235
f 1697/3061/2239 1566/3141/2325 1565/3062/2240
f 1548/3142/2326 1583/3143/2327 1582/3070/2250
f 1703/3144/2328 1698/3059/2235 1699/3067/2245
f 1706/3145/2329 1700/3146/2330 1702/3140/2324
f 1705/3147/2331 1703/3144/2328 1701/3148/2332
f 1548/3142/2326 1705/3147/2331 1583/3143/2327
f 1707/3149/2333 1702/3140/2324 1703/3144/2328
f 1711/3107/2334 1704/3150/2335 1706/3145/2329
f 1566/3141/2325 1709/3105/2336 1564/3106/2337
f 1708/3151/2338 1707/3149/2333 1705/3147/2331
f 1547/3104/2339 1708/3151/2338 1705/3147/2331
f 1710/3102/2340 1706/3145/2329 1707/3149/2333
f 1701/3148/2332 1582/3070/2250 1583/3143/2327
f 1680/2978/2136 1594/3009/2176 1684/2979/2137
f 1701/3148/2332 1605/3066/2244 1582/3070/2250
f 1701/3148/2332 1583/3143/2327 1705/3147/2331
f 1680/2978/2136 1679/2980/2138 1675/3004/2171
f 1584/2981/2139 1649/2985/2143 1651/2982/2140
f 1567/2984/2142 1563/3152/2343 1649/2985/2143
f 1662/2986/2144 1660/3119/2307 1584/2981/2145
f 1567/2984/2306 1584/2981/2145 1660/3119/2307
f 1650/2987/2147 1648/3115/2301 1585/2988/2148
f 1661/2990/2150 1663/2992/2154 1587/2989/2151
f 1585/2988/2148 1648/3115/2301 1535/2991/2302
f 1535/2991/2153 1551/3122/2310 1661/2990/2150
f 1651/2982/2140 1650/2987/2147 1587/2989/2149
f 1663/2992/2154 1662/2986/2144 1586/2983/2146
f 1673/2993/2155 1675/3004/2171 1590/2994/2156
f 1687/2997/2159 1685/3130/2319 1588/2995/2160
f 1588/2995/2160 1685/3130/2319 1576/2998/2162
f 1674/2999/2164 1672/3126/2314 1589/3000/2165
f 1686/3002/2167 1688/3005/2172 1591/3001/2168
f 1589/3000/2165 1672/3126/2314 1534/3003/2315
f 1534/3003/2170 1557/3132/2321 1686/3002/2167
f 1675/3004/2171 1674/2999/2164 1591/3001/2166
f 1688/3005/2172 1687/2997/2159 1590/2994/2161
f 1571/3006/2173 1569/3012/2344 1592/3007/2174
f 1682/3008/2175 1592/3007/2174 1594/3009/2176
f 1594/3009/2177 1592/3007/2345 1668/3010/2178
f 1668/3010/2178 1592/3007/2345 1569/3012/2180
f 1669/3014/2182 1593/3020/2189 1595/3015/2183
f 1595/3015/2185 1593/3020/2346 1681/3017/2186
f 1550/3019/2188 1549/3021/2347 1593/3020/2189
f 1681/3017/2186 1593/3020/2346 1549/3021/2190
f 1594/3009/2176 1595/3015/2185 1683/3018/2187
f 1595/3015/2183 1594/3009/2177 1670/3011/2179
f 1562/3023/2192 1573/3031/2348 1596/3024/2193
f 1657/3025/2194 1596/3024/2193 1598/3026/2195
f 1598/3026/2197 1596/3024/2201 1712/3028/2198
f 1575/3030/2200 1712/3028/2198 1596/3024/2201
f 1597/3032/2203 1599/3035/2212 1647/3033/2204
f 1599/3035/2206 1597/3032/2349 1656/3036/2207
f 1554/3038/2209 1533/3039/2350 1597/3032/2203
f 1656/3036/2207 1597/3032/2349 1533/3039/2210
f 1598/3026/2195 1599/3035/2206 1658/3037/2208
f 1599/3035/2212 1598/3026/2197 1646/3029/2199
f 1623/3041/2213 1602/3043/2351 1600/3042/2214
f 1621/2976/2134 1600/3042/2214 1581/3045/2277
f 1602/3043/2215 1639/3109/2295 1637/3044/2216
f 1581/3045/2218 1600/3042/2217 1637/3044/2216
f 1601/3047/2220 1603/3051/2228 1624/3048/2221
f 1638/3050/2223 1640/3053/2229 1603/3051/2224
f 1553/3052/2227 1555/3111/2297 1638/3050/2223
f 1603/3051/2228 1602/3043/2351 1623/3041/2213
f 1640/3053/2229 1639/3109/2295 1602/3043/2215
f 1606/3054/2230 1604/3060/2352 1693/3055/2231
f 1693/3055/2231 1604/3060/2352 1536/3057/2233
f 1698/3059/2235 1697/3061/2239 1604/3060/2236
f 1536/3057/2238 1604/3060/2236 1697/3061/2239
f 1694/3063/2241 1605/3066/2248 1607/3064/2242
f 1605/3066/2244 1701/3148/2332 1699/3067/2245
f 1556/3068/2247 1531/3069/2353 1605/3066/2248
f 1531/3069/2249 1548/3142/2326 1582/3070/2250
f 1607/3064/2242 1606/3054/2230 1695/3056/2232
f 1699/3067/2245 1698/3059/2235 1606/3054/2237
f 1614/3071/2251 1616/3086/2271 1610/3072/2252
f 1532/3074/2254 1558/3089/2274 1614/3071/2251
f 1626/3075/2255 1625/3093/2279 1608/3073/2256
f 1608/3073/2256 1625/3093/2279 1544/3076/2258
f 1615/3077/2260 1612/2975/2133 1609/3078/2261
f 1609/3078/2263 1627/3085/2270 1628/3080/2264
f 1537/3081/2266 1609/3078/2261 1613/3082/2267
f 1609/3078/2263 1537/3081/2354 1560/3084/2269
f 1616/3086/2271 1615/3077/2260 1611/3079/2262
f 1628/3080/2264 1626/3075/2255 1610/3072/2257
f 1615/3077/2260 1619/3091/2276 1612/2975/2133
f 1579/3083/2268 1613/3082/2267 1617/2977/2135
f 1618/3088/2273 1620/3090/2275 1616/3086/2271
f 1620/3090/2275 1619/3091/2276 1615/3077/2260
f 1619/3091/2276 1623/3041/2213 1621/2976/2134
f 1580/3087/2272 1617/2977/2135 1621/2976/2134
f 1622/3049/2222 1624/3048/2221 1620/3090/2275
f 1558/3089/2274 1553/3052/2226 1622/3049/2222
f 1624/3048/2221 1623/3041/2213 1619/3091/2276
f 1631/3092/2278 1629/3098/2284 1625/3093/2279
f 1625/3093/2279 1629/3098/2284 1545/3094/2280
f 1627/3085/2270 1630/3096/2282 1632/3095/2281
f 1560/3084/2269 1559/3100/2286 1630/3096/2282
f 1632/3095/2281 1631/3092/2278 1626/3075/2255
f 1635/3097/2283 1633/3103/2289 1629/3098/2284
f 1629/3098/2284 1633/3103/2289 1545/3094/2280
f 1634/3099/2285 1636/3101/2287 1632/3095/2281
f 1636/3101/2287 1635/3097/2283 1631/3092/2278
f 1634/3099/2285 1559/3100/2286 1564/3106/2292
f 1710/3102/2288 1708/3151/2355 1633/3103/2289
f 1633/3103/2289 1708/3151/2355 1547/3104/2290
f 1709/3105/2291 1711/3107/2293 1636/3101/2287
f 1711/3107/2293 1710/3102/2288 1635/3097/2283
f 1643/3108/2294 1641/3113/2299 1637/3044/2216
f 1637/3044/2216 1641/3113/2299 1575/3030/2200
f 1642/3110/2296 1644/3112/2298 1640/3053/2229
f 1644/3112/2298 1643/3108/2294 1639/3109/2295
f 1646/3029/2199 1712/3028/2198 1641/3113/2299
f 1575/3030/2200 1641/3113/2299 1712/3028/2198
f 1645/3034/2205 1647/3033/2204 1644/3112/2298
f 1555/3111/2297 1554/3038/2209 1645/3034/2205
f 1647/3033/2204 1646/3029/2199 1643/3108/2294
f 1654/3114/2300 1652/3118/2305 1648/3115/2301
f 1648/3115/2301 1652/3118/2305 1546/3040/2211
f 1649/2985/2143 1653/3117/2304 1655/3116/2303
f 1649/2985/2143 1563/3152/2343 1562/3023/2192
f 1655/3116/2303 1654/3114/2300 1650/2987/2147
f 1658/3037/2208 1656/3036/2207 1652/3118/2305
f 1652/3118/2305 1656/3036/2207 1546/3040/2211
f 1657/3025/2194 1659/3027/2196 1655/3116/2303
f 1659/3027/2196 1658/3037/2208 1654/3114/2300
f 1666/3120/2308 1664/3124/2312 1660/3119/2307
f 1568/3013/2181 1660/3119/2307 1664/3124/2312
f 1665/3121/2309 1667/3123/2311 1663/2992/2154
f 1667/3123/2311 1666/3120/2308 1662/2986/2144
f 1670/3011/2179 1668/3010/2178 1664/3124/2312
f 1664/3124/2312 1668/3010/2178 1568/3013/2181
f 1665/3121/2309 1669/3014/2182 1671/3016/2184
f 1551/3122/2310 1550/3019/2188 1669/3014/2182
f 1671/3016/2184 1670/3011/2179 1666/3120/2308
f 1572/2996/2158 1571/3006/2173 1673/2993/2155
f 1678/3125/2313 1676/3128/2317 1672/3126/2314
f 1672/3126/2314 1676/3128/2317 1552/3022/2191
f 1677/3127/2316 1680/2978/2136 1675/3004/2171
f 1679/2980/2138 1678/3125/2313 1674/2999/2164
f 1683/3018/2187 1681/3017/2186 1676/3128/2317
f 1676/3128/2317 1681/3017/2186 1552/3022/2191
f 1684/2979/2137 1683/3018/2187 1678/3125/2313
f 1690/3129/2318 1689/3153/2323 1685/3130/2319
f 1685/3130/2319 1689/3153/2323 1576/2998/2162
f 1686/3002/2167 1692/3133/2322 1691/3131/2320
f 1691/3131/2320 1690/3129/2318 1687/2997/2159
f 1695/3056/2232 1693/3055/2231 1689/3134/2323
f 1689/3134/2323 1693/3055/2231 1577/3058/2234
f 1692/3138/2322 1696/3065/2243 1691/3139/2320
f 1557/3137/2321 1556/3068/2247 1694/3063/2241
f 1696/3065/2243 1695/3056/2232 1690/3135/2318
f 1702/3140/2324 1700/3146/2330 1697/3061/2239
f 1697/3061/2239 1700/3146/2330 1566/3141/2325
f 1701/3148/2332 1703/3144/2328 1699/3067/2245
f 1703/3144/2328 1702/3140/2324 1698/3059/2235
f 1706/3145/2329 1704/3150/2335 1700/3146/2330
f 1566/3141/2325 1700/3146/2330 1704/3150/2335
f 1705/3147/2331 1707/3149/2333 1703/3144/2328
f 1548/3142/2326 1547/3104/2339 1705/3147/2331
f 1707/3149/2333 1706/3145/2329 1702/3140/2324
f 1711/3107/2334 1709/3105/2336 1704/3150/2335
f 1566/3141/2325 1704/3150/2335 1709/3105/2336
f 1708/3151/2338 1710/3102/2340 1707/3149/2333
f 1710/3102/2340 1711/3107/2334 1706/3145/2329
f 1612/2975/2133 1617/2977/2135 1613/3082/2267
f 1612/2975/2133 1613/3082/2267 1609/3078/2261
usemtl MarbleCracking
f 1543/2943/2099 1538/2944/2100 1570/2945/2101
f 1578/2946/2102 1538/2944/2100 1542/2947/2103
f 1538/2944/2100 1541/2948/2104 1540/2949/2105
f 1564/2950/2106 1559/2951/2107 1542/2947/2103
f 1559/2951/2107 1560/2952/2108 1542/2947/2103
f 1560/2952/2108 1537/2953/2109 1542/2947/2103
f 1573/2954/2110 1562/2955/2111 1561/2956/2112
f 1562/2955/2113 1563/2957/2114 1561/2956/2115
f 1563/2957/2114 1567/2958/2116 1561/2956/2115
f 1536/2959/2117 1565/2960/2118 1543/2943/2099
f 1565/2960/2118 1566/2961/2119 1543/2943/2099
f 1566/2961/2119 1564/2950/2106 1543/2943/2099
f 1567/2958/2116 1568/2962/2120 1570/2945/2101
f 1568/2962/2120 1569/2963/2121 1570/2945/2101
f 1569/2963/2121 1571/2964/2122 1570/2945/2101
f 1571/2964/2122 1572/2965/2123 1570/2945/2101
f 1581/2966/2124 1574/2967/2125 1561/2956/2112
f 1574/2967/2125 1575/2968/2126 1561/2956/2112
f 1575/2968/2126 1573/2954/2110 1561/2956/2112
f 1572/2965/2123 1576/2969/2127 1543/2943/2099
f 1576/2970/2127 1577/2971/2128 1543/2943/2099
f 1577/2971/2128 1536/2959/2117 1543/2943/2099
f 1537/2953/2109 1579/2972/2129 1578/2946/2102
f 1579/2972/2129 1580/2973/2130 1578/2946/2102
f 1580/2973/2131 1581/2966/2124 1578/2946/2102
f 1540/2949/2105 1561/2956/2115 1567/2958/2116
f 1539/2974/2132 1561/2956/2132 1541/2948/2132
f 1543/2943/2099 1570/2945/2101 1572/2965/2123
f 1543/2943/2099 1542/2947/2103 1538/2944/2100
f 1578/2946/2102 1539/2974/2341 1538/2944/2100
f 1538/2944/2100 1539/2974/2341 1541/2948/2104
f 1538/2944/2100 1540/2949/2105 1570/2945/2101
f 1542/2947/2103 1537/2953/2109 1578/2946/2102
f 1540/2949/2342 1541/2948/2342 1561/2956/2342
f 1543/2943/2099 1564/2950/2106 1542/2947/2103
f 1540/2949/2105 1567/2958/2116 1570/2945/2101
f 1539/2974/2341 1581/2966/2124 1561/2956/2112
f 1578/2946/2102 1581/2966/2124 1539/2974/2341
o ColumnBase.004
v 2.141933 0.441227 5.458950
v 2.176294 0.581731 5.373463
v 1.887945 0.454425 4.922679
v 2.670034 0.441376 5.227194
v 2.584139 0.581250 5.193750
v 2.437729 0.441068 4.699699
v 2.404628 0.581531 4.784714
vn 0.3656 0.4214 0.8299
vn 0.3652 0.4180 0.8318
vn 0.3651 0.4171 0.8323
vn -0.1459 0.9877 -0.0569
vn -0.1456 0.9877 -0.0568
vn 0.0012 1.0000 0.0001
vn -0.3302 0.4306 -0.8400
vn 0.8312 0.4184 -0.3660
vn 0.8304 0.4214 -0.3646
vn 0.8314 0.4177 -0.3664
vn -0.8086 0.4373 0.3937
vn 0.3658 0.4229 0.8291
vn -0.2633 0.9592 -0.1025
vn 0.8300 0.4227 -0.3640
vt 0.602855 0.377514
vt 0.418956 0.436333
vt 0.365562 0.384578
vt 0.549766 0.563731
vt 0.550262 0.431971
vt 0.365032 0.623184
vt 0.602855 0.615471
s 1
usemtl MarbleBase
f 1716/3154/2356 1714/3155/2357 1713/3156/2358
f 1719/3157/2359 1714/3155/2360 1717/3158/2361
f 1715/3159/2362 1719/3157/2362 1718/3160/2362
f 1719/3157/2363 1716/3154/2364 1718/3160/2365
f 1713/3156/2366 1714/3155/2366 1715/3159/2366
f 1716/3154/2356 1717/3158/2367 1714/3155/2357
f 1719/3157/2359 1715/3159/2368 1714/3155/2360
f 1719/3157/2363 1717/3158/2369 1716/3154/2364
o Column.007
v 2.110023 0.561071 5.159978
v 2.370724 0.561071 5.259151
v 2.469897 0.561071 4.998448
v 2.111595 0.561071 5.012886
v 2.356288 0.561071 4.900848
v 2.120196 10.438563 5.176518
v 2.372482 10.436053 5.249358
v 2.205080 10.429081 5.049324
v 2.290803 10.468538 4.992879
v 2.330765 10.470715 5.050302
v 2.255301 10.407492 5.177640
v 2.335709 10.413956 5.143482
v 2.225935 10.393022 5.109890
v 2.284123 0.561071 5.305970
v 2.458295 0.561071 4.924562
v 2.223631 0.561071 5.257578
v 2.121624 0.561071 5.233864
v 2.209195 0.561071 4.899275
v 2.295797 0.561071 4.852455
v 2.135307 0.561071 4.910878
v 2.468325 0.561071 5.145543
v 2.516718 0.561071 5.085048
v 2.063202 0.561071 5.073377
v 2.444610 0.561071 5.247549
v 2.333512 10.459733 5.208600
v 2.294620 10.401632 5.307246
v 2.339349 10.424323 5.293593
v 2.407467 10.438072 5.027704
v 2.461480 10.433064 4.940989
v 2.432709 10.400204 4.902750
v 2.355734 10.416442 4.907099
v 2.236841 10.424407 5.259545
v 2.174947 10.399430 5.152764
v 2.122067 10.463769 5.231221
v 2.169739 10.398132 5.261497
v 2.219677 10.417517 4.961903
v 2.319307 10.452122 4.869617
v 2.255355 10.423109 4.853600
v 2.209348 10.404472 4.910972
v 2.133038 10.442300 4.913593
v 2.108917 10.422203 4.953777
v 2.458201 10.393319 4.998600
v 2.514768 10.423688 5.078046
v 2.499789 10.427700 5.026427
v 2.120199 10.427926 5.019435
v 2.160573 10.450319 5.122764
v 2.061713 10.417910 5.075851
v 2.075691 10.446915 5.128669
v 2.475391 10.445743 5.126599
v 2.363513 10.407459 5.194227
v 2.446938 10.421241 5.242854
v 2.472703 10.398830 5.188463
v 2.111711 7.558500 5.220070
v 2.351521 8.294039 4.904387
v 2.352293 7.559788 4.904599
v 2.351208 8.049291 4.903952
v 2.351521 7.804541 4.904387
v 2.114814 8.294039 5.018385
v 2.115345 7.559788 5.016879
v 2.115133 8.049291 5.017651
v 2.115134 7.804541 5.017651
v 2.206690 8.294039 4.905425
v 2.207255 7.559788 4.905507
v 2.206729 8.049290 4.906398
v 2.207424 7.804541 4.906065
v 2.463748 8.294039 4.995943
v 2.463599 7.559788 4.996967
v 2.462774 8.049290 4.995983
v 2.463174 7.804541 4.996218
v 2.464575 8.294039 5.141548
v 2.464575 7.559788 5.141548
v 2.465106 8.049291 5.140041
v 2.464787 7.804541 5.140775
v 2.117146 8.294039 5.162443
v 2.116747 7.559788 5.162208
v 2.116746 8.049290 5.162208
v 2.116321 7.804541 5.161458
v 2.372205 7.559788 5.252852
v 2.372954 8.294039 5.252427
v 2.372955 7.804541 5.252427
v 2.373190 8.049290 5.252027
v 2.428900 8.294038 5.257220
v 2.429643 7.559788 5.257148
v 2.428737 8.049290 5.257289
v 2.428900 7.804541 5.257219
v 2.462577 8.294038 5.236297
v 2.464381 7.559789 5.234233
v 2.461571 8.049290 5.237020
v 2.462577 7.804541 5.236297
v 2.477413 8.294039 5.198318
v 2.477354 7.559788 5.197765
v 2.477411 8.049290 5.199307
v 2.477370 7.804541 5.198496
v 2.342123 7.559788 5.298565
v 2.341635 7.804541 5.299032
v 2.341960 8.294038 5.298649
v 2.341242 8.049290 5.299495
v 2.306982 7.559789 5.312222
v 2.304282 8.294038 5.312971
v 2.304230 7.804541 5.312168
v 2.302996 8.049290 5.311864
v 2.266108 7.559788 5.300555
v 2.265114 8.294039 5.299623
v 2.265501 7.804541 5.300014
v 2.265501 8.049290 5.300014
v 2.510831 8.294039 5.103525
v 2.511302 7.559788 5.103065
v 2.510682 8.049290 5.103837
v 2.510761 7.804541 5.103671
v 2.522612 8.294038 5.066177
v 2.522970 7.559789 5.062191
v 2.522916 8.049290 5.064943
v 2.522916 7.804541 5.064943
v 2.509311 7.559788 5.027050
v 2.509778 8.049290 5.027536
v 2.509778 7.804541 5.027537
v 2.408511 7.559788 4.891819
v 2.409245 8.294039 4.891803
v 2.409244 7.804541 4.891803
v 2.410053 8.049290 4.891761
v 2.444982 7.559789 4.904793
v 2.448501 8.294038 4.907273
v 2.447046 7.804541 4.906597
v 2.447769 8.049290 4.907602
v 2.467895 7.559788 4.939534
v 2.467915 8.294038 4.940634
v 2.467966 7.804541 4.940276
v 2.468036 8.049290 4.940438
v 2.314805 8.294039 4.858802
v 2.314271 7.559788 4.858341
v 2.314418 8.049290 4.858411
v 2.313183 7.805801 4.856784
v 2.278430 8.294038 4.846145
v 2.275691 7.559789 4.846257
v 2.275690 8.049290 4.846256
v 2.291053 7.801642 4.846248
v 2.238805 8.294038 4.858861
v 2.238283 7.559788 4.859395
v 2.238283 8.049290 4.859396
v 2.237795 7.804541 4.859863
v 2.102567 7.559788 4.960661
v 2.102509 8.294039 4.959117
v 2.102551 7.804541 4.959929
v 2.102551 8.049290 4.959929
v 2.115539 7.559789 4.924192
v 2.118349 8.294038 4.921405
v 2.117343 7.804541 4.922128
v 2.127751 8.052131 4.909572
v 2.150278 7.559788 4.901279
v 2.150878 8.294038 4.901268
v 2.151021 7.804541 4.901207
v 2.150269 8.047988 4.900840
v 2.069630 8.294039 5.054194
v 2.069089 7.559788 5.054902
v 2.069158 8.049290 5.054756
v 2.068685 7.804541 5.055224
v 2.056587 8.294038 5.091977
v 2.057004 8.049290 5.093483
v 2.057335 7.804541 5.094677
v 2.056881 7.561480 5.099639
v 2.070142 8.294038 5.130889
v 2.070055 7.559262 5.131071
v 2.070142 8.049290 5.130889
v 2.070225 7.804541 5.131045
v 2.111866 8.294038 5.217482
v 2.111953 8.049290 5.218150
v 2.112014 7.804541 5.218292
v 2.144843 8.291140 5.261463
v 2.120846 7.562785 5.241435
v 2.132874 8.049290 5.251830
v 2.132875 7.804541 5.251830
v 2.168928 8.295279 5.267175
v 2.171407 7.559788 5.266607
v 2.170517 8.049290 5.266585
v 2.170674 7.804541 5.266622
v 2.227626 7.559788 5.253828
v 2.228142 8.294039 5.253686
v 2.228398 7.804541 5.254040
v 2.228712 8.049291 5.254474
v 2.510313 8.294038 5.028059
vn -0.3364 0.9314 0.1394
vn 0.1256 0.9732 0.1925
vn -0.0244 0.9969 0.0743
vn 0.0382 0.9321 0.3603
vn -0.2453 0.9569 -0.1556
vn -0.1399 0.9556 -0.2593
vn -0.2472 0.9675 0.0536
vn -0.1685 0.8769 0.4501
vn -0.2383 0.9710 -0.0190
vn -0.1962 0.9003 0.3886
vn 0.1693 0.9138 0.3691
vn 0.9421 0.2484 0.2251
vn 0.9789 0.1879 -0.0805
vn 0.7239 0.5480 0.4192
vn -0.4733 0.8120 -0.3417
vn -0.0757 0.9499 -0.3032
vn 0.1445 0.9872 -0.0678
vn 0.1398 0.9185 -0.3699
vn 0.4162 0.8203 -0.3922
vn 0.7002 0.7059 -0.1070
vn 0.6878 0.7154 -0.1231
vn 0.7982 0.6007 0.0454
vn -0.3648 0.9311 -0.0064
vn -0.1224 0.9807 -0.1522
vn 0.2267 0.8059 0.5469
vn -0.3945 0.9152 -0.0827
vn -0.4151 0.9053 -0.0900
vn -0.4491 0.8877 -0.1021
vn -0.4970 0.8595 -0.1193
vn 0.4148 0.8577 -0.3038
vn 0.1241 0.9555 0.2676
vn -0.0933 0.9669 -0.2377
vn 0.0296 0.9858 0.1652
vn -0.0421 0.9899 -0.1357
vn 0.0236 0.9917 0.1267
vn 0.1900 0.9735 -0.1269
vn 0.1121 0.9927 0.0446
vn 0.7048 0.1900 -0.6834
vn 0.3774 0.2624 -0.8881
vn 0.0548 0.5873 -0.8075
vn -0.1883 0.9477 -0.2578
vn 0.3250 0.9241 0.2009
vn -0.0564 0.9654 -0.2547
vn -0.0258 0.9805 0.1951
vn 0.4034 0.7838 -0.4722
vn 0.0801 0.9145 -0.3967
vn 0.5459 0.7240 -0.4217
vn 0.0548 0.9321 -0.3581
vn 0.0944 0.7913 0.6041
vn -0.1110 0.9323 0.3442
vn 0.7539 0.5368 -0.3788
vn 0.7670 0.5368 -0.3515
vn 0.6012 0.5250 0.6024
vn 0.6245 0.5200 0.5828
vn 0.0677 -0.9216 0.3821
vn -0.2122 0.0008 -0.9772
vn 0.0964 -0.0000 -0.9953
vn -0.2029 -0.0000 -0.9792
vn -0.0584 0.0057 -0.9983
vn 0.0804 -0.0000 -0.9968
vn 0.5650 0.0050 -0.8251
vn 0.7787 -0.0005 -0.6274
vn 0.7780 0.0002 -0.6283
vn 0.7189 0.0020 -0.6951
vn 0.5745 0.0006 -0.8185
vn 0.4782 0.0034 -0.8782
vn 0.0794 0.0001 -0.9968
vn -0.2210 0.0003 -0.9753
vn -0.2122 -0.0007 -0.9772
vn 0.5617 -0.0023 -0.8273
vn 0.7052 0.0260 -0.7085
vn 0.7725 0.0013 -0.6350
vn 0.6256 -0.0010 -0.7802
vn 0.6107 0.0020 -0.7919
vn 0.7788 -0.0001 -0.6273
vn -0.9954 0.0003 -0.0962
vn -0.9772 0.0001 0.2122
vn -0.9791 0.0002 0.2033
vn -0.9855 0.0034 0.1697
vn -0.8267 -0.0001 -0.5627
vn -0.6226 0.0027 -0.7826
vn -0.6281 0.0006 -0.7781
vn -0.9767 0.0029 -0.2145
vn -0.6944 0.0021 -0.7195
vn -0.9966 0.0040 -0.0823
vn -0.9753 0.0003 0.2210
vn -0.9771 -0.0008 0.2130
vn -0.8390 -0.0002 -0.5441
vn -0.6294 0.0001 -0.7771
vn -0.6350 0.0013 -0.7725
vn -0.7802 -0.0010 -0.6256
vn -0.9925 -0.0028 -0.1224
vn -0.8337 -0.0000 -0.5522
vn -0.2334 0.0035 -0.9724
vn -0.0302 0.0054 -0.9995
vn 0.0743 -0.0007 -0.9972
vn -0.0243 -0.0265 -0.9994
vn -0.6150 -0.0192 -0.7883
vn -0.8298 -0.0007 -0.5581
vn -0.5967 -0.0002 -0.8025
vn -0.6118 0.0002 -0.7910
vn -0.7815 0.0045 -0.6239
vn -0.1975 0.0052 -0.9803
vn -0.6115 0.0003 -0.7913
vn -0.8348 -0.0000 -0.5505
vn -0.5850 -0.0002 -0.8110
vn 0.0850 0.0007 -0.9964
vn -0.2518 0.0011 -0.9678
vn -0.2325 -0.0013 -0.9726
vn -0.4776 -0.0030 -0.8786
vn -0.8297 0.0011 -0.5583
vn -0.1540 -0.0010 -0.9881
vn -0.6805 -0.0024 -0.7327
vn 0.0962 -0.0008 -0.9954
vn -0.1576 -0.0163 -0.9874
vn 0.9745 0.0004 -0.2243
vn 0.9972 -0.0007 0.0751
vn 0.9957 -0.0001 0.0923
vn 0.9738 0.0002 -0.2273
vn 0.5581 0.0001 -0.8298
vn 0.8025 0.0010 -0.5967
vn 0.7910 0.0008 -0.6118
vn 0.5503 0.0003 -0.8350
vn 0.7909 -0.0006 -0.6119
vn 0.7783 0.0007 -0.6279
vn 0.9964 0.0008 0.0846
vn 0.9678 0.0010 -0.2515
vn 0.9724 -0.0005 -0.2332
vn 0.8785 -0.0030 -0.4777
vn 0.9881 -0.0010 -0.1539
vn 0.7327 -0.0024 -0.6805
vn 0.5577 -0.0008 -0.8300
vn 0.9954 0.0003 0.0960
vn 0.9462 -0.0001 0.3237
vn 0.9971 0.0005 0.0756
vn 0.9751 -0.0000 0.2215
vn 0.9163 0.0015 0.4005
vn 0.6234 -0.0000 0.7819
vn 0.8283 0.0003 0.5603
vn 0.9753 0.0003 -0.2210
vn 0.9968 0.0001 0.0794
vn 0.9982 0.0007 0.0600
vn 0.8365 0.0010 0.5479
vn 0.6286 0.0007 0.7777
vn 0.6357 0.0013 0.7719
vn 0.9745 -0.0029 0.2242
vn 0.7802 -0.0010 0.6256
vn 0.9772 -0.0007 -0.2122
vn 0.8266 -0.0005 0.5628
vn -0.5577 -0.0008 0.8300
vn -0.7918 0.0019 0.6107
vn -0.7909 -0.0003 0.6120
vn -0.8571 -0.0007 0.5152
vn -0.9039 0.0012 0.4278
vn -0.9368 0.0009 0.3499
vn -0.9725 0.0006 0.2329
vn -0.9964 0.0009 -0.0846
vn -0.7716 -0.0000 0.6361
vn -0.5515 0.0003 0.8342
vn -0.7867 0.0024 0.6174
vn -0.9991 -0.0271 0.0338
vn -0.9721 0.0031 0.2344
vn -0.9971 -0.0000 -0.0756
vn -0.8785 -0.0030 0.4777
vn -0.5548 0.0009 0.8320
vn -0.9881 -0.0011 0.1539
vn -0.9854 0.0002 0.1703
vn -0.9962 0.0010 -0.0867
vn 0.2516 0.0010 0.9678
vn -0.0846 0.0008 0.9964
vn -0.0746 0.0014 0.9972
vn 0.1540 -0.0010 0.9881
vn 0.6116 0.0001 0.7912
vn 0.8350 0.0003 0.5503
vn 0.8300 -0.0007 0.5578
vn -0.0930 -0.0000 0.9957
vn 0.2327 0.0004 0.9725
vn -0.0854 -0.0001 0.9964
vn 0.6213 0.0003 0.7835
vn 0.8297 -0.0002 0.5583
vn 0.8303 0.0011 0.5573
vn 0.6337 0.0017 0.7736
vn 0.2332 -0.0005 0.9724
vn 0.6011 0.0002 0.7992
vn 0.4828 0.0065 0.8757
vn 0.0849 0.0059 0.9964
vn 0.7601 -0.0001 0.6498
vn 0.2272 -0.0001 0.9738
vn 0.7876 0.0008 0.6162
vn 0.6805 -0.0024 0.7327
vn 0.7688 -0.0003 0.6395
vn 0.7695 0.0007 0.6387
vn 0.0169 -0.0003 0.9999
vn 0.6278 0.0007 0.7783
vn -0.0901 -0.0024 0.9959
vn 0.4776 -0.0030 0.8785
vn 0.0037 0.0002 1.0000
vn -0.1733 0.0049 0.9848
vn 0.0184 -0.0009 0.9998
vn -0.5626 -0.0009 0.8267
vn 0.0471 0.0009 0.9989
vn -0.5733 0.0001 0.8194
vn -0.5634 0.0002 0.8262
vn -0.7777 -0.0001 0.6286
vn -0.5479 0.0010 0.8365
vn -0.6256 -0.0010 0.7802
vn -0.7789 0.0006 0.6271
vn -0.6386 0.0060 0.7695
vn -0.7779 0.0001 0.6284
vn 0.9720 0.0063 0.2349
vn 0.9999 0.0007 -0.0170
vn 0.8240 -0.0000 0.5666
vn 0.9989 0.0009 -0.0471
vn 0.9959 -0.0024 0.0901
vn 0.9999 -0.0010 -0.0165
vn 1.0000 0.0013 -0.0039
vn 0.6396 -0.0003 -0.7687
vn 0.0600 0.0007 -0.9982
vn 0.2242 -0.0029 -0.9745
vn 0.6499 -0.0000 -0.7600
vn 0.4691 0.0045 -0.8831
vn 0.6522 0.0001 -0.7581
vn 0.6163 0.0008 -0.7875
vn -0.0204 0.0049 -0.9998
vn 0.0901 -0.0024 -0.9959
vn -0.0206 -0.0044 -0.9998
vn 0.1698 0.0094 -0.9854
vn 0.0137 0.0005 -0.9999
vn -0.7709 0.0034 -0.6369
vn -0.9982 0.0007 -0.0600
vn -0.9745 -0.0029 -0.2242
vn -0.7627 0.0051 -0.6467
vn -0.9766 0.0040 -0.2151
vn -0.7876 0.0008 -0.6162
vn -0.5189 0.0053 -0.8548
vn -0.9999 -0.0005 0.0163
vn -0.8156 0.0005 -0.5786
vn -0.9996 0.0022 0.0285
vn -0.9959 -0.0024 -0.0901
vn -0.9978 -0.0011 0.0663
vn -1.0000 0.0003 0.0016
vn -0.9635 0.0040 0.2678
vn -0.9216 0.0057 0.3881
vn -0.6423 -0.0040 0.7665
vn -0.7327 -0.0024 0.6805
vn -0.7782 -0.0130 0.6279
vn -0.6368 0.0041 0.7710
vn -0.0802 -0.0025 0.9968
vn -0.4863 0.0128 0.8737
vn -0.2915 0.0023 0.9566
vn -0.1167 -0.0038 0.9932
vn -0.0790 -0.0005 0.9969
vn 0.1093 0.0266 0.9937
vn 0.2183 0.0024 0.9759
vn 0.0302 -0.0029 0.9995
vn 0.2210 0.0003 0.9753
vn -0.2242 -0.0029 0.9745
vn 0.2123 -0.0008 0.9772
vn 0.0173 0.9199 -0.3917
vn -0.3972 0.9176 -0.0142
vn -0.2984 0.7760 -0.5556
vn 0.6519 0.6595 0.3743
vn 0.2982 -0.9171 -0.2645
vn -0.8232 0.0001 -0.5678
vn 0.0740 0.0016 -0.9973
vn 0.5678 0.0001 -0.8232
vn 0.9972 0.0014 0.0746
vn 0.9791 0.0007 -0.2033
vn 0.8002 0.0010 0.5997
vn -0.7719 0.0013 0.6357
vn -0.0149 0.0027 0.9999
vn 0.2037 0.0008 0.9790
vt 0.418091 0.897691
vt 0.445852 0.406507
vt 0.681488 0.842250
vt 0.158877 0.562238
vt 0.162682 0.872386
vt 0.690011 0.451496
vt -0.072243 1.019876
vt -0.305467 0.924534
vt -0.073258 0.706856
vt -0.304463 0.774011
vt -0.212286 0.634244
vt 0.467214 -0.214269
vt 0.697184 -0.205584
vt 0.411089 0.044619
vt 0.862397 -0.126852
vt 0.911194 0.127369
vt 0.468976 1.346856
vt 0.125861 1.436047
vt 0.348848 1.125830
vt -0.010371 1.221468
vt 1.100431 0.196073
vt 0.961265 0.642643
vt 1.216188 0.373288
vt 1.141412 0.594047
vt 1.238435 0.845351
vt 1.136224 0.980745
vt 0.929759 1.040838
vt -0.059586 0.140789
vt -0.028600 -0.118901
vt 0.220581 -0.269180
vt 0.900258 1.300987
vt 0.574585 1.154861
vt 0.693082 1.399064
vt -0.320783 0.432708
vt -0.059292 0.541227
vt -0.219128 0.268346
vt 0.516905 1.005438
vt 0.536581 1.006473
vt 0.522248 1.006985
vt 0.710978 1.005428
vt 0.696442 0.948327
vt 0.710887 0.948330
vt 0.710549 1.490367
vt 0.697167 1.005547
vt 0.725101 0.948270
vt 0.724815 1.005390
vt 0.723081 1.497828
vt 0.696496 0.890974
vt 0.710186 0.833475
vt 0.710728 0.891033
vt 0.724343 0.833548
vt 0.706750 -0.767387
vt 0.725032 0.891396
vt 0.783908 1.005637
vt 0.797975 0.948366
vt 0.798035 1.005719
vt 0.795644 1.493717
vt 0.812165 0.948342
vt 0.814506 1.490772
vt 0.783633 0.890933
vt 0.798313 0.833308
vt 0.797573 0.890827
vt 0.812184 0.833362
vt 0.793362 -0.767543
vt 0.783812 0.948262
vt 0.812081 0.890853
vt 0.767503 1.005544
vt 0.753931 1.488377
vt 0.754438 1.005525
vt 0.754436 0.948219
vt 0.773030 0.949340
vt 0.741116 1.005501
vt 0.741128 0.948208
vt 0.737849 1.492345
vt 0.740716 0.833403
vt 0.754159 0.891007
vt 0.741011 0.890808
vt 0.767675 0.833337
vt 0.767515 0.890954
vt 0.749675 -0.767460
vt 0.754236 0.833466
vt 0.768233 -0.767491
vt 0.767885 0.947809
vt 0.680891 1.005793
vt 0.670338 1.486033
vt 0.667418 1.005743
vt 0.667277 0.948331
vt 0.680321 0.948379
vt 0.653998 1.005869
vt 0.653967 0.948416
vt 0.659416 1.493632
vt 0.666568 0.833591
vt 0.653652 0.891049
vt 0.653334 0.833496
vt 0.667007 0.891121
vt 0.679909 0.833576
vt 0.680375 0.891063
vt 0.663065 -0.767318
vt 0.681622 -0.767342
vt 0.609491 0.948703
vt 0.623438 1.006052
vt 0.609514 1.006118
vt 0.615980 1.487382
vt 0.633079 1.497788
vt 0.623940 0.948696
vt 0.637553 1.005858
vt 0.622868 0.833714
vt 0.609258 0.891165
vt 0.608830 0.833613
vt 0.637033 0.833696
vt 0.623417 0.891224
vt 0.620142 -0.767260
vt 0.637578 0.891150
vt 0.840564 0.948186
vt 0.828268 1.005834
vt 0.828305 0.948300
vt 0.826916 1.496998
vt 0.840679 1.005750
vt 0.839223 1.499086
vt 0.505556 0.949079
vt 0.493694 1.006823
vt 0.493231 0.949153
vt 0.828642 0.832668
vt 0.840519 0.890992
vt 0.828302 0.890897
vt 0.493236 0.833542
vt 0.505278 0.891250
vt 0.492897 0.891390
vt 0.835296 -0.767631
vt 0.840944 0.833298
vt 0.492270 -0.767140
vt 0.505584 0.833195
vt 0.592557 0.833794
vt 0.579460 0.891309
vt 0.579541 0.833819
vt 0.576459 -0.767209
vt 0.566045 0.891282
vt 0.579796 0.948729
vt 0.593349 1.006169
vt 0.580231 1.006228
vt 0.566756 1.006387
vt 0.570218 1.491920
vt 0.593156 0.891235
vt 0.566434 0.948806
vt 0.602596 1.491177
vt 0.584453 1.494540
vt 0.601122 0.948687
vt 0.593243 0.948785
vt 0.600637 0.833610
vt 0.595015 -0.767226
vt 0.601066 0.891180
vt 0.601308 1.006194
vt 0.558163 0.891347
vt 0.566361 0.833724
vt 0.552784 -0.767183
vt 0.558469 0.948779
vt 0.560254 1.488061
vt 0.558791 1.006479
vt 0.549963 0.891339
vt 0.558466 0.833688
vt 0.550550 1.006334
vt 0.550246 0.948886
vt 0.535760 0.891363
vt 0.550036 0.833816
vt 0.533538 -0.767171
vt 0.543495 1.491738
vt 0.536018 0.948919
vt 0.646777 1.493043
vt 0.646065 0.948492
vt 0.637918 0.948527
vt 0.645453 0.833502
vt 0.639389 -0.767281
vt 0.645767 0.891126
vt 0.645894 1.005862
vt 0.688276 0.890991
vt 0.696188 0.833380
vt 0.688129 0.948307
vt 0.693732 1.488475
vt 0.688903 1.005618
vt 0.688009 0.833377
vt 0.733270 0.948261
vt 0.725998 -0.767416
vt 0.732703 0.833392
vt 0.730314 0.889773
vt 0.733027 1.005658
vt 0.775439 0.890904
vt 0.784011 0.833221
vt 0.775510 1.005604
vt 0.780952 1.491873
vt 0.775788 0.833167
vt 0.771045 1.495943
vt 0.820378 0.948351
vt 0.812035 1.005924
vt 0.820413 0.890940
vt 0.812609 -0.767577
vt 0.821291 0.833623
vt 0.820225 1.005863
vt 0.500088 1.494721
vt 0.506071 1.006909
vt 0.512715 1.499677
vt 0.513522 0.948982
vt 0.508413 -0.767148
vt 0.510606 0.834864
vt 0.513312 0.891260
vt 0.521827 0.948981
vt 0.525484 1.487033
vt 0.521807 0.833510
vt 0.521548 0.891271
vt 0.535865 0.833718
vt 0.683362 1.493895
s 1
usemtl MarbleBase
f 1887/3197/2424 1896/3198/2424 1891/3199/2424
f 1773/3200/2425 1839/3201/2426 1775/3202/2427
f 1750/3203/2428 1837/3204/2429 1773/3200/2425
f 1850/3205/2430 1773/3200/2431 1775/3202/2432
f 1750/3203/2433 1848/3206/2434 1756/3207/2435
f 1838/3208/2436 1774/3209/2437 1776/3210/2438
f 1849/3211/2439 1776/3210/2440 1774/3209/2441
f 1724/3212/2442 1849/3211/2439 1774/3209/2441
f 1839/3201/2426 1776/3210/2438 1775/3202/2427
f 1851/3213/2443 1775/3202/2432 1776/3210/2444
f 1861/3214/2445 1779/3215/2446 1777/3216/2447
f 1764/3217/2448 1861/3214/2445 1777/3216/2447
f 1874/3218/2449 1777/3216/2450 1779/3215/2451
f 1777/3216/2450 1766/3219/2452 1764/3217/2453
f 1862/3220/2454 1778/3221/2455 1780/3222/2456
f 1873/3223/2457 1780/3222/2458 1778/3221/2459
f 1723/3224/2460 1873/3223/2457 1778/3221/2459
f 1863/3225/2461 1780/3222/2456 1779/3215/2446
f 1875/3226/2462 1779/3215/2451 1780/3222/2458
f 1869/3227/2463 1758/3228/2464 1781/3229/2465
f 1869/3227/2463 1783/3230/2466 1867/3231/2467
f 1783/3230/2468 1856/3232/2469 1858/3233/2470
f 1856/3232/2469 1758/3228/2471 1757/3234/2472
f 1857/3235/2473 1784/3236/2474 1859/3237/2475
f 1784/3236/2476 1868/3238/2477 1870/3239/2478
f 1737/3240/2479 1782/3241/2480 1857/3235/2473
f 1868/3238/2477 1737/3240/2481 1739/3242/2482
f 1783/3230/2483 1870/3239/2478 1871/3243/2484
f 1784/3236/2474 1858/3233/2470 1859/3237/2475
f 1845/3244/2485 1761/3245/2381 1785/3246/2486
f 1845/3244/2485 1787/3247/2487 1847/3248/2488
f 1787/3247/2489 1899/3249/2490 1834/3250/2491
f 1899/3249/2490 1761/3245/2408 1763/3251/2407
f 1786/3252/2492 1835/3253/2493 1833/3254/2494
f 1788/3255/2495 1844/3256/2496 1846/3257/2497
f 1722/3258/2498 1786/3252/2492 1833/3254/2494
f 1844/3256/2496 1722/3258/2499 1734/3259/2500
f 1787/3247/2487 1846/3257/2497 1847/3248/2488
f 1788/3255/2501 1834/3250/2491 1835/3253/2493
f 1811/3260/2502 1789/3261/2503 1809/3262/2504
f 1771/3263/2505 1789/3261/2503 1768/3264/2506
f 1791/3265/2507 1825/3266/2508 1789/3261/2503
f 1790/3267/2509 1812/3268/2510 1810/3269/2511
f 1826/3270/2512 1792/3271/2513 1790/3267/2514
f 1740/3272/2515 1790/3267/2509 1810/3269/2511
f 1740/3272/2516 1826/3270/2512 1790/3267/2514
f 1792/3271/2517 1811/3260/2502 1812/3268/2510
f 1828/3273/2518 1791/3265/2507 1792/3271/2513
f 1795/3274/2519 1880/3275/2520 1882/3276/2521
f 1767/3277/2522 1793/3278/2523 1725/3279/2524
f 1885/3280/2525 1793/3281/2523 1795/3282/2526
f 1881/3283/2527 1796/3284/2528 1883/3285/2529
f 1794/3286/2530 1886/3287/2531 1796/3288/2532
f 1720/3289/2533 1794/3290/2534 1881/3283/2527
f 1720/3291/2535 1772/3292/2536 1794/3286/2537
f 1796/3284/2528 1882/3276/2521 1883/3285/2529
f 1886/3287/2531 1795/3282/2526 1796/3288/2532
f 1802/3293/2538 1799/3294/2539 1797/3295/2540
f 1721/3296/2541 1802/3293/2538 1797/3295/2540
f 1814/3297/2542 1797/3295/2543 1799/3294/2544
f 1800/3298/2545 1801/3299/2546 1798/3300/2547
f 1815/3301/2548 1800/3298/2549 1798/3300/2550
f 1798/3300/2550 1746/3302/2551 1815/3301/2548
f 1804/3303/2552 1800/3298/2545 1799/3294/2539
f 1816/3304/2553 1799/3294/2544 1800/3298/2549
f 1801/3299/2546 1770/3305/2554 1726/3306/2555
f 1807/3307/2556 1801/3299/2546 1803/3308/2557
f 1806/3309/2558 1804/3303/2552 1802/3293/2538
f 1743/3310/2559 1806/3309/2558 1802/3293/2538
f 1808/3311/2560 1803/3308/2557 1804/3303/2552
f 1807/3307/2556 1809/3262/2504 1805/3312/2561
f 1805/3312/2561 1771/3263/2505 1770/3305/2554
f 1810/3269/2511 1808/3311/2560 1806/3309/2558
f 1743/3310/2559 1810/3269/2511 1806/3309/2558
f 1812/3268/2510 1807/3307/2556 1808/3311/2560
f 1819/3313/2562 1813/3314/2563 1814/3297/2542
f 1813/3314/2563 1733/3315/2564 1721/3296/2565
f 1815/3301/2548 1820/3316/2566 1816/3304/2553
f 1815/3301/2548 1745/3317/2567 1818/3318/2568
f 1820/3316/2566 1814/3297/2542 1816/3304/2553
f 1823/3319/2569 1817/3320/2570 1819/3313/2562
f 1822/3321/2571 1820/3316/2566 1818/3318/2568
f 1745/3317/2567 1822/3321/2571 1818/3318/2568
f 1824/3322/2572 1819/3313/2562 1820/3316/2566
f 1897/3323/2573 1821/3324/2574 1823/3319/2569
f 1821/3324/2574 1735/3325/2575 1733/3315/2564
f 1896/3198/2576 1824/3322/2572 1822/3321/2571
f 1822/3321/2571 1751/3326/2577 1896/3198/2576
f 1898/3327/2578 1823/3319/2569 1824/3322/2572
f 1825/3266/2508 1762/3328/2579 1768/3264/2506
f 1831/3329/2580 1825/3266/2508 1827/3330/2581
f 1830/3331/2582 1828/3273/2518 1826/3270/2512
f 1741/3332/2583 1830/3331/2582 1826/3270/2512
f 1832/3333/2584 1827/3330/2581 1828/3273/2518
f 1834/3250/2491 1829/3334/2585 1831/3329/2580
f 1829/3334/2585 1763/3251/2407 1762/3328/2579
f 1833/3254/2494 1832/3333/2584 1830/3331/2582
f 1741/3332/2583 1833/3254/2494 1830/3331/2582
f 1835/3253/2493 1831/3329/2580 1832/3333/2584
f 1842/3335/2586 1836/3336/2587 1838/3208/2436
f 1836/3336/2587 1734/3259/2500 1724/3212/2588
f 1837/3204/2429 1843/3337/2589 1839/3201/2426
f 1749/3338/2590 1841/3339/2591 1837/3204/2429
f 1843/3337/2589 1838/3208/2436 1839/3201/2426
f 1846/3257/2497 1840/3340/2592 1842/3335/2586
f 1845/3244/2485 1843/3337/2589 1841/3339/2591
f 1749/3338/2590 1845/3244/2485 1841/3339/2591
f 1847/3248/2488 1842/3335/2586 1843/3337/2589
f 1854/3341/2593 1848/3206/2434 1850/3205/2430
f 1848/3206/2434 1757/3234/2472 1756/3207/2435
f 1738/3342/2594 1853/3343/2595 1849/3211/2439
f 1855/3344/2596 1850/3205/2430 1851/3213/2443
f 1858/3233/2470 1852/3345/2597 1854/3341/2593
f 1853/3343/2595 1859/3237/2475 1855/3344/2596
f 1738/3342/2594 1857/3235/2473 1853/3343/2595
f 1859/3237/2475 1854/3341/2593 1855/3344/2596
f 1866/3346/2598 1860/3347/2599 1862/3220/2454
f 1860/3347/2599 1739/3242/2482 1723/3224/2600
f 1865/3348/2601 1863/3225/2461 1861/3214/2445
f 1760/3349/2602 1865/3348/2601 1861/3214/2445
f 1867/3231/2467 1862/3220/2454 1863/3225/2461
f 1870/3239/2478 1864/3350/2603 1866/3346/2598
f 1869/3227/2463 1867/3231/2467 1865/3348/2601
f 1865/3348/2601 1759/3351/2604 1869/3227/2463
f 1871/3243/2484 1866/3346/2598 1867/3231/2467
f 1877/3352/2605 1872/3353/2606 1874/3218/2449
f 1873/3223/2457 1878/3354/2607 1875/3226/2462
f 1742/3355/2608 1879/3356/2609 1873/3223/2457
f 1878/3354/2607 1874/3218/2449 1875/3226/2462
f 1882/3276/2521 1876/3357/2610 1877/3352/2605
f 1766/3219/2452 1880/3275/2520 1767/3277/2522
f 1742/3355/2608 1881/3283/2527 1879/3356/2609
f 1883/3285/2529 1877/3352/2605 1878/3354/2607
f 1881/3283/2527 1883/3285/2529 1879/3356/2609
f 1725/3358/2524 1884/3359/2611 1753/3360/2612
f 1889/3361/2613 1884/3359/2611 1885/3280/2525
f 1736/3362/2614 1888/3363/2615 1772/3292/2536
f 1890/3364/2616 1885/3280/2525 1886/3287/2531
f 1893/3365/2617 1887/3197/2618 1889/3361/2613
f 1887/3197/2618 1754/3366/2619 1753/3360/2612
f 1892/3367/2620 1890/3364/2616 1888/3363/2615
f 1736/3362/2614 1892/3367/2620 1888/3363/2615
f 1894/3368/2621 1889/3361/2613 1890/3364/2616
f 1893/3365/2617 1896/3198/2622 1887/3197/2618
f 1754/3366/2619 1896/3198/2623 1751/3326/2624
f 1895/3369/2625 1894/3368/2621 1892/3367/2620
f 1735/3325/2626 1895/3369/2625 1892/3367/2620
f 1897/3323/2627 1893/3365/2617 1894/3368/2621
f 1867/3231/2628 1783/3230/2628 1871/3243/2628
f 1888/3363/2629 1794/3286/2629 1772/3292/2629
f 1855/3344/2632 1851/3213/2632 1776/3210/2632
f 1773/3200/2425 1837/3204/2429 1839/3201/2426
f 1850/3205/2430 1848/3206/2434 1773/3200/2431
f 1750/3203/2433 1773/3200/2431 1848/3206/2434
f 1838/3208/2436 1836/3336/2587 1774/3209/2437
f 1849/3211/2439 1855/3344/2596 1776/3210/2440
f 1774/3209/2437 1836/3336/2587 1724/3212/2588
f 1724/3212/2442 1738/3342/2594 1849/3211/2439
f 1839/3201/2426 1838/3208/2436 1776/3210/2438
f 1851/3213/2443 1850/3205/2430 1775/3202/2432
f 1861/3214/2445 1863/3225/2461 1779/3215/2446
f 1764/3217/2448 1760/3349/2602 1861/3214/2445
f 1874/3218/2449 1872/3353/2606 1777/3216/2450
f 1777/3216/2450 1872/3353/2606 1766/3219/2452
f 1862/3220/2454 1860/3347/2599 1778/3221/2455
f 1873/3223/2457 1875/3226/2462 1780/3222/2458
f 1778/3221/2455 1860/3347/2599 1723/3224/2600
f 1723/3224/2460 1742/3355/2608 1873/3223/2457
f 1863/3225/2461 1862/3220/2454 1780/3222/2456
f 1875/3226/2462 1874/3218/2449 1779/3215/2451
f 1869/3227/2463 1759/3351/2604 1758/3228/2464
f 1869/3227/2463 1781/3229/2465 1783/3230/2466
f 1783/3230/2468 1781/3229/2633 1856/3232/2469
f 1856/3232/2469 1781/3229/2633 1758/3228/2471
f 1857/3235/2473 1782/3241/2480 1784/3236/2474
f 1784/3236/2476 1782/3241/2634 1868/3238/2477
f 1868/3238/2477 1782/3241/2634 1737/3240/2481
f 1783/3230/2483 1784/3236/2476 1870/3239/2478
f 1784/3236/2474 1783/3230/2468 1858/3233/2470
f 1845/3244/2485 1748/3370/2382 1761/3245/2381
f 1845/3244/2485 1785/3246/2486 1787/3247/2487
f 1787/3247/2489 1785/3246/2635 1899/3249/2490
f 1899/3249/2490 1785/3246/2635 1761/3245/2408
f 1786/3252/2492 1788/3255/2501 1835/3253/2493
f 1788/3255/2495 1786/3252/2636 1844/3256/2496
f 1844/3256/2496 1786/3252/2636 1722/3258/2499
f 1787/3247/2487 1788/3255/2495 1846/3257/2497
f 1788/3255/2501 1787/3247/2489 1834/3250/2491
f 1811/3260/2502 1791/3265/2637 1789/3261/2503
f 1771/3263/2505 1809/3262/2504 1789/3261/2503
f 1791/3265/2507 1827/3330/2581 1825/3266/2508
f 1768/3264/2506 1789/3261/2503 1825/3266/2508
f 1790/3267/2509 1792/3271/2517 1812/3268/2510
f 1826/3270/2512 1828/3273/2518 1792/3271/2513
f 1740/3272/2516 1741/3332/2583 1826/3270/2512
f 1792/3271/2517 1791/3265/2637 1811/3260/2502
f 1828/3273/2518 1827/3330/2581 1791/3265/2507
f 1795/3274/2519 1793/3278/2523 1880/3275/2520
f 1767/3277/2522 1880/3275/2520 1793/3278/2523
f 1885/3280/2525 1884/3359/2611 1793/3281/2523
f 1793/3281/2523 1884/3359/2611 1725/3358/2524
f 1881/3283/2527 1794/3290/2534 1796/3284/2528
f 1794/3286/2530 1888/3363/2615 1886/3287/2531
f 1720/3291/2535 1736/3362/2614 1772/3292/2536
f 1796/3284/2528 1795/3274/2519 1882/3276/2521
f 1886/3287/2531 1885/3280/2525 1795/3282/2526
f 1802/3293/2538 1804/3303/2552 1799/3294/2539
f 1721/3296/2541 1743/3310/2559 1802/3293/2538
f 1814/3297/2542 1813/3314/2563 1797/3295/2543
f 1797/3295/2543 1813/3314/2563 1721/3296/2565
f 1800/3298/2545 1803/3308/2557 1801/3299/2546
f 1815/3301/2548 1816/3304/2553 1800/3298/2549
f 1798/3300/2547 1801/3299/2546 1726/3306/2555
f 1798/3300/2550 1726/3306/2638 1746/3302/2551
f 1804/3303/2552 1803/3308/2557 1800/3298/2545
f 1816/3304/2553 1814/3297/2542 1799/3294/2544
f 1807/3307/2556 1805/3312/2561 1801/3299/2546
f 1770/3305/2554 1801/3299/2546 1805/3312/2561
f 1806/3309/2558 1808/3311/2560 1804/3303/2552
f 1808/3311/2560 1807/3307/2556 1803/3308/2557
f 1807/3307/2556 1811/3260/2502 1809/3262/2504
f 1805/3312/2561 1809/3262/2504 1771/3263/2505
f 1810/3269/2511 1812/3268/2510 1808/3311/2560
f 1743/3310/2559 1740/3272/2515 1810/3269/2511
f 1812/3268/2510 1811/3260/2502 1807/3307/2556
f 1819/3313/2562 1817/3320/2570 1813/3314/2563
f 1813/3314/2563 1817/3320/2570 1733/3315/2564
f 1815/3301/2548 1818/3318/2568 1820/3316/2566
f 1815/3301/2548 1746/3302/2551 1745/3317/2567
f 1820/3316/2566 1819/3313/2562 1814/3297/2542
f 1823/3319/2569 1821/3324/2574 1817/3320/2570
f 1817/3320/2570 1821/3324/2574 1733/3315/2564
f 1822/3321/2571 1824/3322/2572 1820/3316/2566
f 1824/3322/2572 1823/3319/2569 1819/3313/2562
f 1745/3317/2567 1751/3326/2577 1822/3321/2571
f 1897/3323/2573 1895/3369/2639 1821/3324/2574
f 1821/3324/2574 1895/3369/2639 1735/3325/2575
f 1896/3198/2576 1898/3327/2578 1824/3322/2572
f 1898/3327/2578 1897/3323/2573 1823/3319/2569
f 1831/3329/2580 1829/3334/2585 1825/3266/2508
f 1762/3328/2579 1825/3266/2508 1829/3334/2585
f 1830/3331/2582 1832/3333/2584 1828/3273/2518
f 1832/3333/2584 1831/3329/2580 1827/3330/2581
f 1834/3250/2491 1899/3249/2490 1829/3334/2585
f 1829/3334/2585 1899/3249/2490 1763/3251/2407
f 1833/3254/2494 1835/3253/2493 1832/3333/2584
f 1741/3332/2583 1722/3258/2498 1833/3254/2494
f 1835/3253/2493 1834/3250/2491 1831/3329/2580
f 1837/3204/2429 1750/3203/2428 1749/3338/2590
f 1842/3335/2586 1840/3340/2592 1836/3336/2587
f 1836/3336/2587 1840/3340/2592 1734/3259/2500
f 1837/3204/2429 1841/3339/2591 1843/3337/2589
f 1843/3337/2589 1842/3335/2586 1838/3208/2436
f 1846/3257/2497 1844/3256/2496 1840/3340/2592
f 1840/3340/2592 1844/3256/2496 1734/3259/2500
f 1845/3244/2485 1847/3248/2488 1843/3337/2589
f 1749/3338/2590 1748/3370/2382 1845/3244/2485
f 1847/3248/2488 1846/3257/2497 1842/3335/2586
f 1854/3341/2593 1852/3345/2597 1848/3206/2434
f 1848/3206/2434 1852/3345/2597 1757/3234/2472
f 1849/3211/2439 1853/3343/2595 1855/3344/2596
f 1855/3344/2596 1854/3341/2593 1850/3205/2430
f 1858/3233/2470 1856/3232/2469 1852/3345/2597
f 1852/3345/2597 1856/3232/2469 1757/3234/2472
f 1853/3343/2595 1857/3235/2473 1859/3237/2475
f 1738/3342/2594 1737/3240/2479 1857/3235/2473
f 1859/3237/2475 1858/3233/2470 1854/3341/2593
f 1866/3346/2598 1864/3350/2603 1860/3347/2599
f 1860/3347/2599 1864/3350/2603 1739/3242/2482
f 1865/3348/2601 1867/3231/2467 1863/3225/2461
f 1760/3349/2602 1759/3351/2604 1865/3348/2601
f 1867/3231/2467 1866/3346/2598 1862/3220/2454
f 1870/3239/2478 1868/3238/2477 1864/3350/2603
f 1864/3350/2603 1868/3238/2477 1739/3242/2482
f 1871/3243/2484 1870/3239/2478 1866/3346/2598
f 1877/3352/2605 1876/3357/2610 1872/3353/2606
f 1872/3353/2606 1876/3357/2610 1766/3219/2452
f 1873/3223/2457 1879/3356/2609 1878/3354/2607
f 1878/3354/2607 1877/3352/2605 1874/3218/2449
f 1882/3276/2521 1880/3275/2520 1876/3357/2610
f 1766/3219/2452 1876/3357/2610 1880/3275/2520
f 1879/3356/2609 1883/3285/2529 1878/3354/2607
f 1742/3355/2608 1720/3289/2533 1881/3283/2527
f 1883/3285/2529 1882/3276/2521 1877/3352/2605
f 1889/3361/2613 1887/3197/2618 1884/3359/2611
f 1884/3359/2611 1887/3197/2618 1753/3360/2612
f 1888/3363/2615 1890/3364/2616 1886/3287/2531
f 1890/3364/2616 1889/3361/2613 1885/3280/2525
f 1887/3197/2618 1891/3199/2640 1754/3366/2619
f 1892/3367/2620 1894/3368/2621 1890/3364/2616
f 1736/3362/2614 1735/3325/2626 1892/3367/2620
f 1894/3368/2621 1893/3365/2617 1889/3361/2613
f 1893/3365/2617 1898/3327/2641 1896/3198/2622
f 1754/3366/2619 1891/3199/2640 1896/3198/2623
f 1895/3369/2625 1897/3323/2627 1894/3368/2621
f 1897/3323/2627 1898/3327/2641 1893/3365/2617
usemtl MarbleCracking
f 1732/3161/2370 1729/3162/2371 1727/3163/2372
f 1731/3164/2373 1729/3162/2371 1730/3165/2374
f 1729/3162/2371 1728/3166/2375 1727/3163/2372
f 1751/3167/2376 1745/3168/2377 1744/3169/2378
f 1745/3168/2377 1746/3170/2379 1744/3169/2378
f 1746/3170/2379 1726/3171/2380 1744/3169/2378
f 1761/3172/2381 1748/3173/2382 1747/3174/2383
f 1748/3173/2384 1749/3175/2385 1747/3174/2386
f 1749/3175/2385 1750/3176/2387 1747/3174/2386
f 1725/3177/2388 1753/3178/2389 1752/3179/2390
f 1753/3178/2389 1754/3180/2391 1752/3179/2390
f 1754/3180/2392 1751/3167/2376 1752/3179/2393
f 1750/3176/2394 1756/3181/2394 1755/3182/2394
f 1756/3181/2395 1757/3183/2396 1755/3182/2397
f 1757/3183/2396 1758/3184/2398 1755/3182/2397
f 1758/3184/2399 1759/3185/2400 1755/3182/2401
f 1759/3185/2400 1760/3186/2402 1755/3182/2401
f 1760/3186/2402 1764/3187/2403 1755/3182/2401
f 1768/3188/2404 1762/3189/2405 1747/3174/2386
f 1762/3189/2405 1763/3190/2406 1747/3174/2386
f 1763/3190/2407 1761/3172/2408 1747/3174/2409
f 1764/3187/2403 1766/3191/2410 1765/3192/2411
f 1766/3191/2410 1767/3193/2412 1765/3192/2411
f 1767/3193/2412 1725/3177/2413 1765/3192/2411
f 1726/3171/2414 1770/3194/2415 1769/3195/2416
f 1770/3194/2415 1771/3196/2417 1769/3195/2416
f 1771/3196/2418 1768/3188/2404 1769/3195/2419
f 1744/3169/2420 1769/3195/2416 1731/3164/2421
f 1744/3169/2378 1730/3165/2374 1751/3167/2376
f 1728/3166/2375 1747/3174/2386 1750/3176/2387
f 1752/3179/2393 1730/3165/2374 1732/3161/2370
f 1752/3179/2422 1765/3192/2411 1725/3177/2423
f 1727/3163/2372 1755/3182/2401 1764/3187/2403
f 1731/3164/2373 1747/3174/2386 1729/3162/2371
f 1765/3192/2411 1727/3163/2372 1764/3187/2403
f 1732/3161/2370 1730/3165/2374 1729/3162/2371
f 1744/3169/2420 1726/3171/2414 1769/3195/2416
f 1744/3169/2378 1731/3164/2630 1730/3165/2374
f 1728/3166/2375 1729/3162/2371 1747/3174/2386
f 1752/3179/2393 1751/3167/2376 1730/3165/2374
f 1752/3179/2422 1732/3161/2631 1765/3192/2411
f 1728/3166/2375 1750/3176/2387 1755/3182/2401
f 1727/3163/2372 1728/3166/2375 1755/3182/2401
f 1731/3164/2373 1768/3188/2404 1747/3174/2386
f 1765/3192/2411 1732/3161/2631 1727/3163/2372
f 1769/3195/2419 1768/3188/2404 1731/3164/2373
o ColumnBase.005
v 5.220441 0.441068 2.670884
v 5.188933 0.581531 2.585265
v 4.674917 0.454425 2.437674
v 5.462556 0.441376 2.147819
v 5.376051 0.581250 2.179653
v 4.939134 0.441068 1.906477
v 4.970642 0.581531 1.992095
vn -0.3458 0.4306 0.8337
vn 0.8234 0.4214 0.3800
vn 0.8242 0.4184 0.3815
vn 0.8244 0.4177 0.3819
vn -0.1469 0.9877 0.0541
vn 0.0008 1.0000 -0.0003
vn -0.8037 0.4306 -0.4106
vn 0.3803 0.4184 -0.8248
vn 0.3806 0.4214 -0.8231
vn 0.3802 0.4177 -0.8252
vn 0.8230 0.4227 0.3794
vn -0.2652 0.9592 0.0976
vn 0.3808 0.4227 -0.8224
vt 0.418590 0.436380
vt 0.364962 0.623158
vt 0.365609 0.384530
vt 0.602855 0.377514
vt 0.549927 0.563567
vt 0.550406 0.432089
vt 0.602855 0.615471
s 1
usemtl MarbleBase
f 1901/3371/2642 1902/3372/2642 1900/3373/2642
f 1903/3374/2643 1901/3371/2644 1900/3373/2645
f 1906/3375/2646 1901/3371/2646 1904/3376/2647
f 1902/3372/2648 1906/3375/2648 1905/3377/2648
f 1906/3375/2649 1903/3374/2650 1905/3377/2651
f 1903/3374/2643 1904/3376/2652 1901/3371/2644
f 1906/3375/2646 1902/3372/2653 1901/3371/2646
f 1906/3375/2649 1904/3376/2654 1903/3374/2650
o Column.006
v 4.998470 0.561071 2.468373
v 5.259476 0.561071 2.370003
v 5.161105 0.561071 2.108996
v 4.902224 0.561071 2.357127
v 5.011344 0.561071 2.111120
v 5.007132 9.666467 2.460512
v 5.238729 9.650645 2.368016
v 5.079788 9.712395 2.288684
v 5.128603 9.742018 2.220637
v 4.996398 9.676943 2.322510
v 5.023680 9.748562 2.220125
v 5.119012 9.636326 2.385383
v 5.052138 9.624556 2.354074
v 5.225604 0.561071 2.462439
v 5.103476 0.561071 2.061325
v 5.148230 0.561071 2.466249
v 5.056099 0.561071 2.516045
v 4.900099 0.561071 2.207367
v 4.933971 0.561071 2.114930
v 4.852427 0.561071 2.264997
v 5.257352 0.561071 2.220243
v 5.253542 0.561071 2.142867
v 4.906033 0.561071 2.434501
v 5.307148 0.561071 2.312373
v 5.253675 9.602505 2.445326
v 5.133085 9.732011 2.172175
v 5.116948 9.724092 2.071680
v 5.069848 9.688883 2.061933
v 5.015515 9.704908 2.115601
v 5.157731 9.632813 2.458932
v 5.042334 9.610144 2.419966
v 5.027214 9.598564 2.491211
v 5.054611 9.656235 2.513763
v 5.108918 9.601799 2.506170
v 4.946815 9.688777 2.246750
v 4.963200 9.735425 2.112176
v 4.904388 9.702578 2.142765
v 4.907960 9.680573 2.216028
v 4.852509 9.713953 2.268564
v 4.861810 9.688364 2.315616
v 5.152443 9.686628 2.116857
v 5.247406 9.714874 2.138854
v 5.201936 9.720140 2.110175
v 4.913008 9.680704 2.356336
v 5.011694 9.672639 2.407011
v 4.907052 9.659414 2.438580
v 4.950116 9.673417 2.466747
v 5.250663 9.738701 2.202382
v 5.198287 9.648677 2.324361
v 5.297960 9.667635 2.324850
v 5.307585 9.696692 2.286733
v 5.278744 9.687441 2.242045
v 4.948591 7.558486 2.473394
v 5.039535 7.558500 2.512276
v 5.010117 8.294039 2.116929
v 5.010836 7.559788 2.116576
v 5.009594 8.049291 2.116811
v 5.010117 7.804541 2.116929
v 4.908278 8.294039 2.359117
v 4.907678 7.559788 2.357636
v 4.908031 8.049291 2.358355
v 4.908031 7.804541 2.358355
v 4.902295 8.294039 2.213633
v 4.902773 7.559788 2.213320
v 4.902969 8.049290 2.214336
v 4.903270 7.804541 2.213627
v 5.154839 8.294039 2.111193
v 5.155406 7.559788 2.112059
v 5.154135 8.049290 2.111867
v 5.154591 7.804541 2.111779
v 5.251449 8.294039 2.219440
v 5.251897 7.559788 2.219733
v 5.251662 8.049291 2.218491
v 5.251544 7.804541 2.219014
v 5.005752 8.294039 2.465980
v 5.004730 7.559788 2.465202
v 5.004984 8.049290 2.465590
v 5.004423 7.804541 2.465698
v 5.256413 7.559788 2.364303
v 5.256305 8.294039 2.363743
v 5.256693 7.804541 2.363488
v 5.257171 8.049290 2.363176
v 5.302227 8.294038 2.329609
v 5.302292 7.559788 2.329478
v 5.301415 8.049290 2.330367
v 5.301783 7.804541 2.330024
v 5.312794 8.294038 2.290826
v 5.313140 7.559789 2.289303
v 5.313339 8.049290 2.294791
v 5.313156 7.804541 2.292044
v 5.299116 8.294039 2.253763
v 5.298705 7.559788 2.253387
v 5.299770 8.049290 2.254506
v 5.299202 7.804541 2.253926
v 5.264152 7.559788 2.418476
v 5.264096 7.804541 2.419149
v 5.264152 8.294038 2.418476
v 5.264060 8.049290 2.419894
v 5.246871 7.559789 2.451983
v 5.245343 8.294038 2.454332
v 5.244772 7.804541 2.453766
v 5.243647 8.049290 2.454354
v 5.208519 7.559788 2.470314
v 5.207157 8.294039 2.470274
v 5.207705 7.804541 2.470310
v 5.207705 8.049290 2.470310
v 5.261413 8.294039 2.160764
v 5.261417 7.559788 2.159952
v 5.261414 8.049290 2.160764
v 5.261413 7.804541 2.160764
v 5.245458 8.294038 2.124825
v 5.243087 7.559789 2.121602
v 5.244870 8.049290 2.123699
v 5.244870 7.804541 2.123699
v 5.209577 7.559788 2.104320
v 5.210250 8.049290 2.104375
v 5.210250 7.804541 2.104375
v 5.044490 7.559788 2.069767
v 5.045030 8.294039 2.069269
v 5.045029 7.804541 2.069269
v 5.045608 8.049290 2.068702
v 5.080407 7.559789 2.055331
v 5.084687 8.294038 2.054858
v 5.083148 7.804541 2.055316
v 5.084356 8.049290 2.055590
v 5.120584 7.559788 2.066184
v 5.121328 8.294038 2.066994
v 5.121129 7.804541 2.066692
v 5.121289 8.049290 2.066768
v 4.952417 8.294039 2.107095
v 4.951712 7.559788 2.107103
v 4.951868 8.049290 2.107058
v 4.951204 7.804541 2.107014
v 4.916780 8.294038 2.121704
v 4.914802 8.049290 2.123602
v 4.914126 7.804541 2.124641
v 4.910108 7.561480 2.127589
v 4.895515 8.294038 2.157477
v 4.895285 7.559262 2.158277
v 4.895478 8.049290 2.158223
v 4.895417 7.804541 2.158388
v 4.860870 7.559788 2.323981
v 4.859804 8.294039 2.322863
v 4.860372 7.804541 2.323442
v 4.860372 8.049290 2.323442
v 4.846434 7.559789 2.288066
v 4.846694 8.294038 2.284117
v 4.846419 7.804541 2.285325
v 4.845900 8.052131 2.269024
v 4.857285 7.559788 2.247890
v 4.857727 8.294038 2.247484
v 4.857794 7.804541 2.247344
v 4.856988 8.047988 2.247567
v 4.898143 8.294039 2.415873
v 4.898206 7.559788 2.416761
v 4.898161 8.049290 2.416606
v 4.898117 7.804541 2.417270
v 4.914706 8.049290 2.453670
v 4.916489 7.804541 2.455768
v 4.917667 8.295877 2.457199
v 4.948462 8.293543 2.473151
v 4.925693 7.562628 2.465729
v 4.949325 8.049290 2.472994
v 4.949828 7.804541 2.472983
v 5.037937 8.294038 2.510234
v 5.038445 8.049290 2.510677
v 5.038585 7.804541 2.510743
v 5.073681 8.294038 2.522236
v 5.060530 7.562785 2.522232
v 5.076427 8.049290 2.522054
v 5.076427 7.804541 2.522054
v 5.114099 8.294039 2.508595
v 5.115083 7.559788 2.507603
v 5.114545 8.049290 2.508101
v 5.114545 7.804541 2.508100
v 5.148740 7.559788 2.460793
v 5.149458 8.294039 2.460441
v 5.149458 7.804541 2.460441
v 5.149458 8.049291 2.460441
v 5.210996 8.294038 2.104413
vn -0.2456 0.7839 0.5703
vn 0.0467 0.8099 0.5847
vn 0.0850 0.9369 0.3392
vn 0.0222 0.9319 0.3620
vn -0.1433 0.9376 0.3169
vn 0.1002 0.9741 0.2027
vn -0.2854 0.9570 0.0520
vn -0.0935 0.9620 0.2567
vn 0.3263 0.8294 0.4534
vn -0.0447 0.9816 0.1856
vn 0.8520 0.2566 -0.4564
vn 0.6841 0.1937 -0.7031
vn 0.8111 0.5584 -0.1742
vn -0.6029 0.7971 0.0340
vn -0.2833 0.9371 -0.2041
vn -0.0335 0.9712 -0.2359
vn -0.1990 0.9174 -0.3447
vn 0.8879 0.4203 0.1871
vn 0.8917 0.3770 0.2505
vn 0.8754 0.4342 0.2127
vn -0.8800 0.4617 -0.1117
vn 0.6161 0.6720 -0.4109
vn -0.2819 0.9094 0.3058
vn -0.2574 0.9433 0.2099
vn 0.4570 0.8217 0.3405
vn 0.1578 0.9269 0.3405
vn -0.1694 0.9339 0.3150
vn -0.3690 0.8897 0.2687
vn -0.4058 0.8697 0.2810
vn 0.1423 0.8966 -0.4194
vn 0.2959 0.9337 0.2016
vn -0.1742 0.9820 0.0731
vn 0.1909 0.9515 0.2413
vn 0.0390 0.9910 0.1282
vn 0.1408 0.9651 0.2208
vn 0.0778 0.9696 -0.2319
vn 0.1377 0.9898 -0.0366
vn 0.0720 0.1914 -0.9789
vn -0.3020 0.2636 -0.9161
vn -0.4843 0.5857 -0.6500
vn -0.1073 0.9924 0.0601
vn 0.5024 0.8595 0.0942
vn -0.0980 0.9887 -0.1139
vn 0.1335 0.9832 0.1248
vn -0.1669 0.8651 0.4730
vn -0.3039 0.9108 0.2795
vn -0.3848 0.9212 0.0577
vn 0.3336 0.6844 0.6483
vn -0.8062 0.0012 -0.5916
vn -0.5870 -0.0000 -0.8096
vn -0.8006 -0.0000 -0.5993
vn -0.7049 0.0085 -0.7093
vn -0.6000 0.0004 -0.8000
vn -0.1264 -0.0004 -0.9920
vn 0.1679 -0.0009 -0.9858
vn 0.1665 -0.0001 -0.9860
vn 0.0691 0.0029 -0.9976
vn -0.1124 0.0013 -0.9937
vn -0.2133 0.0050 -0.9770
vn -0.6007 0.0001 -0.7994
vn -0.8115 0.0003 -0.5843
vn -0.8062 -0.0007 -0.5916
vn -0.1481 -0.0002 -0.9890
vn 0.1654 0.0001 -0.9862
vn 0.1582 0.0013 -0.9874
vn -0.0480 -0.0010 -0.9988
vn -0.1385 -0.0000 -0.9904
vn -0.8094 0.0010 0.5872
vn -0.5916 0.0001 0.8063
vn -0.5989 0.0009 0.8008
vn -0.6214 0.0049 0.7835
vn -0.9920 -0.0002 0.1261
vn -0.9849 0.0044 -0.1732
vn -0.9860 0.0006 -0.1670
vn -0.8960 0.0060 0.4440
vn -0.9974 0.0033 -0.0714
vn -0.8012 0.0040 0.5984
vn -0.5843 0.0003 0.8115
vn -0.5910 -0.0008 0.8067
vn -0.9849 -0.0023 0.1733
vn -0.9862 0.0001 -0.1653
vn -0.9874 0.0013 -0.1582
vn -0.9988 -0.0010 0.0480
vn -0.8247 -0.0028 0.5656
vn -0.9903 -0.0000 0.1392
vn -0.8188 0.0039 -0.5740
vn -0.6835 0.0082 -0.7299
vn -0.6048 -0.0001 -0.7963
vn -0.6801 -0.0265 -0.7326
vn -0.9829 -0.0192 -0.1833
vn -0.9913 -0.0007 0.1314
vn -0.9786 0.0002 -0.2059
vn -0.9823 0.0005 -0.1873
vn -0.9986 0.0068 0.0523
vn -0.7884 0.0078 -0.6151
vn -0.9876 -0.0000 -0.1570
vn -0.9902 0.0004 0.1397
vn -0.9836 0.0024 -0.1802
vn -0.5963 0.0007 -0.8028
vn -0.8296 0.0011 -0.5583
vn -0.8184 -0.0013 -0.5747
vn -0.9398 -0.0030 -0.3418
vn -0.9909 0.0011 0.1348
vn -0.7698 -0.0010 -0.6383
vn -0.9952 -0.0024 -0.0982
vn -0.5872 -0.0008 -0.8095
vn -0.7721 -0.0163 -0.6353
vn 0.5813 0.0015 -0.8137
vn 0.7969 -0.0001 -0.6042
vn 0.8072 -0.0001 -0.5903
vn 0.5790 0.0002 -0.8153
vn -0.1314 0.0001 -0.9913
vn 0.2061 0.0019 -0.9785
vn 0.1874 0.0008 -0.9823
vn -0.1407 0.0003 -0.9900
vn 0.1873 -0.0006 -0.9823
vn 0.1673 0.0007 -0.9859
vn 0.8025 0.0008 -0.5966
vn 0.5585 0.0010 -0.8295
vn 0.5741 -0.0005 -0.8188
vn 0.3418 -0.0030 -0.9398
vn 0.6383 -0.0010 -0.7698
vn 0.0983 -0.0024 -0.9952
vn -0.1319 -0.0008 -0.9913
vn 0.8098 0.0004 -0.5867
vn 0.9252 0.0011 -0.3795
vn 0.7963 0.0001 -0.6049
vn 0.8220 -0.0004 -0.5695
vn 0.9654 0.0031 -0.2608
vn 0.9920 -0.0000 -0.1259
vn 0.9860 0.0001 0.1666
vn 0.5843 0.0003 -0.8115
vn 0.7995 0.0002 -0.6007
vn 0.7876 0.0007 -0.6162
vn 0.9896 0.0010 -0.1435
vn 0.9861 -0.0001 0.1663
vn 0.9876 0.0013 0.1573
vn 0.8786 -0.0029 -0.4775
vn 0.9988 -0.0010 -0.0481
vn 0.5916 -0.0007 -0.8062
vn 0.9920 -0.0009 -0.1261
vn 0.1313 -0.0002 0.9913
vn -0.1759 0.0011 0.9844
vn -0.1865 -0.0019 0.9825
vn 0.1096 0.0045 0.9940
vn -0.2143 0.0061 0.9768
vn -0.5743 0.0006 0.8186
vn -0.8086 0.0008 0.5884
vn -0.8026 0.0008 0.5966
vn -0.7474 0.0045 0.6643
vn -0.8337 0.0030 0.5521
vn 0.0239 -0.0264 0.9994
vn -0.1684 0.0037 0.9857
vn -0.5802 -0.0123 0.8143
vn -0.7267 -0.0272 0.6864
vn -0.5729 0.0031 0.8196
vn -0.7968 -0.0001 0.6043
vn -0.3418 -0.0031 0.9398
vn 0.1444 0.0003 0.9895
vn -0.1008 -0.0016 0.9949
vn -0.6384 -0.0011 0.7697
vn -0.6256 0.0002 0.7801
vn -0.8041 0.0010 0.5945
vn 0.1322 -0.0008 0.9912
vn 0.8295 0.0010 0.5585
vn 0.5966 -0.0002 0.8025
vn 0.6046 0.0014 0.7965
vn 0.7698 -0.0010 0.6383
vn 0.9822 0.0001 0.1876
vn 0.9900 0.0003 -0.1407
vn 0.9914 -0.0007 -0.1310
vn 0.8102 0.0007 0.5862
vn 0.5965 0.0028 0.8026
vn 0.5957 -0.0000 0.8032
vn 0.9900 0.0052 -0.1411
vn 0.9787 0.0007 0.2052
vn 0.9927 0.0008 -0.1206
vn 0.5883 0.0046 0.8086
vn 0.8262 0.0019 0.5634
vn 0.8733 0.0047 0.4871
vn 0.8482 0.0190 0.5294
vn 0.9858 0.0006 0.1682
vn 0.8191 -0.0006 0.5737
vn 0.9990 0.0004 -0.0437
vn 0.9696 0.0068 -0.2447
vn 0.9982 0.0008 -0.0599
vn 0.9952 -0.0024 0.0983
vn 0.9996 -0.0001 -0.0300
vn 1.0000 0.0008 0.0006
vn 0.6749 -0.0003 0.7379
vn 0.9859 0.0007 0.1673
vn 0.5922 -0.0024 0.8058
vn 0.9397 -0.0030 0.3418
vn 0.6649 0.0003 0.7470
vn 0.6751 -0.0019 0.7377
vn 0.1261 -0.0008 0.9920
vn 0.6969 0.0009 0.7172
vn 0.1137 0.0011 0.9935
vn 0.1249 0.0002 0.9922
vn -0.1663 -0.0001 0.9861
vn 0.1435 0.0010 0.9896
vn 0.0481 -0.0010 0.9988
vn -0.1679 0.0010 0.9858
vn 0.1342 0.0133 0.9909
vn -0.1671 -0.0000 0.9859
vn 0.9922 0.0013 -0.1246
vn 0.8804 0.0093 -0.4742
vn 0.7377 0.0007 -0.6752
vn 0.7172 0.0009 -0.6969
vn 0.8058 -0.0024 -0.5922
vn 0.7382 -0.0010 -0.6746
vn 0.7467 0.0021 -0.6652
vn -0.0300 -0.0003 -0.9995
vn -0.6162 0.0007 -0.7876
vn -0.4775 -0.0029 -0.8786
vn -0.0165 -0.0000 -0.9999
vn -0.2281 0.0068 -0.9736
vn -0.0131 0.0010 -0.9999
vn -0.0599 0.0008 -0.9982
vn -0.6748 0.0003 -0.7380
vn -0.6834 0.0022 -0.7300
vn -0.5921 -0.0024 -0.8058
vn -0.7105 -0.0011 -0.7037
vn -0.6516 0.0015 -0.7586
vn -0.9994 0.0034 0.0334
vn -0.7876 0.0007 0.6162
vn -0.8786 -0.0029 0.4775
vn -0.9998 0.0055 0.0208
vn -0.8840 0.0060 0.4674
vn -0.9982 0.0008 0.0599
vn -0.9469 0.0082 -0.3213
vn -0.7390 -0.0023 0.6737
vn -0.9916 0.0032 0.1294
vn -0.7201 0.0054 0.6939
vn -0.8058 -0.0025 0.5921
vn -0.7185 0.0015 0.6955
vn -0.5912 -0.0002 0.8066
vn -0.1969 0.0078 0.9804
vn 0.0303 0.0010 0.9995
vn -0.0982 -0.0024 0.9952
vn -0.1673 -0.0131 0.9858
vn 0.0335 0.0041 0.9994
vn 0.6006 0.0008 0.7995
vn 0.0005 -0.0001 1.0000
vn 0.4217 0.0030 0.9067
vn 0.5704 -0.0038 0.8214
vn 0.6010 -0.0006 0.7992
vn 0.8066 0.0001 0.5910
vn 0.5903 0.0016 0.8072
vn 0.8044 0.0020 0.5941
vn 0.6966 -0.0035 0.7175
vn 0.8115 0.0003 0.5843
vn 0.4775 -0.0029 0.8786
vn 0.8067 -0.0008 0.5910
vn -0.2464 0.9199 -0.3050
vn -0.3068 0.9178 0.2519
vn 0.7951 0.6036 0.0591
vn 0.0357 0.9199 0.3905
vn -0.9928 0.0007 0.1199
vn -0.6051 0.0016 -0.7962
vn -0.1199 0.0007 -0.9928
vn 0.7965 0.0014 -0.6046
vn 0.5993 0.0008 -0.8005
vn 0.1242 0.0009 0.9923
vn 0.9832 0.0133 -0.1818
vn -0.1573 0.0013 0.9876
vt 0.384956 -0.754237
vt 0.453967 -1.126867
vt 0.664582 -0.836089
vt -0.017407 -1.118578
vt 0.143323 -0.808762
vt 0.413005 -1.379826
vt 0.705775 -1.271808
vt -0.082278 -0.678327
vt -0.305844 -0.832241
vt -0.178928 -1.026781
vt 0.540309 -1.906623
vt 0.761424 -1.880007
vt 0.468376 -1.656879
vt 0.922321 -1.789683
vt 0.946341 -1.538466
vt 0.504930 -0.372448
vt 0.283126 -0.288466
vt 0.299434 -0.539917
vt 0.081642 -0.280537
vt -0.047143 -0.464608
vt 1.118075 -1.461124
vt 0.943214 -1.025629
vt 1.214933 -1.270211
vt 1.119350 -1.059491
vt 1.213574 -0.819828
vt 1.101758 -0.684856
vt 0.900811 -0.634785
vt -0.003700 -1.601932
vt 0.046950 -1.852956
vt 0.303038 -1.979456
vt 0.846064 -0.378519
vt 0.552542 -0.542092
vt 0.666147 -0.294607
vt -0.307227 -1.231945
vt -0.289523 -1.391427
vt -0.146309 -1.471107
vt 1.412421 1.004705
vt 1.397975 0.947708
vt 1.412397 0.947725
vt 1.410877 1.326428
vt 1.398643 1.004803
vt 1.426591 0.947680
vt 1.426224 1.004691
vt 1.423407 1.332751
vt 1.398062 0.890431
vt 1.411766 0.832978
vt 1.412282 0.890497
vt 1.425917 0.833057
vt 1.408399 -0.767391
vt 1.426475 0.890432
vt 1.485200 1.005083
vt 1.499395 0.947899
vt 1.499308 1.005211
vt 1.496071 1.322168
vt 1.513582 0.947906
vt 1.515124 1.316590
vt 1.485144 0.890460
vt 1.499866 0.832853
vt 1.499082 0.890370
vt 1.513737 0.832914
vt 1.494987 -0.767545
vt 1.485240 0.947766
vt 1.513590 0.890412
vt 1.468823 1.004941
vt 1.454378 1.321786
vt 1.455782 1.004887
vt 1.455890 0.947671
vt 1.474464 0.948822
vt 1.442488 1.004833
vt 1.442597 0.947640
vt 1.438331 1.326416
vt 1.442367 0.832317
vt 1.455682 0.890504
vt 1.442592 0.890421
vt 1.469234 0.832866
vt 1.469031 0.890464
vt 1.451312 -0.767464
vt 1.455799 0.832988
vt 1.469865 -0.767494
vt 1.469326 0.947284
vt 1.382412 1.005028
vt 1.370883 1.323137
vt 1.368979 1.004968
vt 1.368859 0.947696
vt 1.381881 0.947750
vt 1.355598 1.005091
vt 1.355573 0.947779
vt 1.359982 1.330554
vt 1.368170 0.833086
vt 1.355261 0.890495
vt 1.354943 0.832990
vt 1.368602 0.890568
vt 1.381504 0.833073
vt 1.381957 0.890513
vt 1.364726 -0.767324
vt 1.383278 -0.767348
vt 1.311175 0.948079
vt 1.325122 1.005235
vt 1.311244 1.005355
vt 1.319029 1.322424
vt 1.333698 1.334273
vt 1.339512 0.947866
vt 1.325598 0.947987
vt 1.324493 0.833211
vt 1.310911 0.890621
vt 1.310462 0.833114
vt 1.338651 0.833191
vt 1.325056 0.890674
vt 1.321816 -0.767268
vt 1.339203 0.890597
vt 1.541987 0.947930
vt 1.529514 1.004919
vt 1.529723 0.947902
vt 1.539384 1.318892
vt 1.526728 1.319658
vt 1.207370 0.948629
vt 1.195727 1.006477
vt 1.195048 0.948849
vt 1.207695 1.302761
vt 1.199590 1.318293
vt 1.542505 0.832887
vt 1.529815 0.890573
vt 1.524735 0.833909
vt 1.194894 0.833118
vt 1.206988 0.890803
vt 1.194622 0.890879
vt 1.536910 -0.767631
vt 1.529974 0.832326
vt 1.193979 -0.767152
vt 1.207249 0.832739
vt 1.542023 0.890507
vt 1.294198 0.833299
vt 1.281139 0.890784
vt 1.281187 0.833329
vt 1.278145 -0.767218
vt 1.267734 0.890768
vt 1.294956 0.948077
vt 1.282043 1.005494
vt 1.281528 0.948175
vt 1.268230 0.948210
vt 1.285991 1.312913
vt 1.295093 1.005404
vt 1.299067 1.318007
vt 1.266149 1.305593
vt 1.268559 1.005726
vt 1.294823 0.890700
vt 1.303067 1.005366
vt 1.307543 1.324800
vt 1.302274 0.833112
vt 1.296696 -0.767234
vt 1.302726 0.890640
vt 1.302822 0.948240
vt 1.259858 0.890840
vt 1.268013 0.833240
vt 1.254477 -0.767192
vt 1.260234 0.948216
vt 1.260663 1.005800
vt 1.251661 0.890840
vt 1.260120 0.833207
vt 1.252442 1.005679
vt 1.252021 0.948338
vt 1.237465 0.890880
vt 1.251693 0.833339
vt 1.235236 -0.767181
vt 1.238507 1.005889
vt 1.245135 1.310007
vt 1.237807 0.948459
vt 1.339255 1.005120
vt 1.347358 1.329705
vt 1.347685 0.947854
vt 1.347067 0.832996
vt 1.341058 -0.767288
vt 1.347383 0.890572
vt 1.347517 1.005084
vt 1.389850 0.890444
vt 1.397775 0.832880
vt 1.389676 0.947682
vt 1.394280 1.324585
vt 1.390401 1.004862
vt 1.389600 0.832875
vt 1.434749 0.947681
vt 1.434757 0.890477
vt 1.427642 -0.767420
vt 1.435041 0.833271
vt 1.434417 1.004973
vt 1.476952 0.890422
vt 1.485567 0.832759
vt 1.476814 1.005023
vt 1.481561 1.323200
vt 1.477345 0.832701
vt 1.471402 1.328466
vt 1.521795 0.947934
vt 1.513289 1.005463
vt 1.521925 0.890339
vt 1.514229 -0.767578
vt 1.522397 1.005941
vt 1.208072 1.006404
vt 1.214936 1.314570
vt 1.215332 0.948512
vt 1.210117 -0.767158
vt 1.212272 0.834406
vt 1.215023 0.890803
vt 1.223574 0.948455
vt 1.215984 1.006307
vt 1.226946 1.304002
vt 1.223471 0.833047
vt 1.223258 0.890804
vt 1.224345 1.006062
vt 1.237526 0.833248
vt 1.383791 1.330462
vt 1.541904 1.005510
s 1
usemtl MarbleBase
f 1961/3414/2703 2027/3415/2704 1963/3416/2705
f 1935/3417/2706 2025/3418/2707 1961/3414/2703
f 2038/3419/2708 1961/3414/2709 1963/3416/2710
f 1935/3417/2711 2036/3420/2712 1942/3421/2713
f 2026/3422/2714 1962/3423/2715 1964/3424/2716
f 2037/3425/2717 1964/3424/2718 1962/3423/2719
f 1911/3426/2720 2037/3425/2717 1962/3423/2719
f 2027/3415/2704 1964/3424/2716 1963/3416/2705
f 2039/3427/2721 1963/3416/2710 1964/3424/2718
f 2049/3428/2722 1967/3429/2723 1965/3430/2724
f 1950/3431/2725 2049/3428/2722 1965/3430/2724
f 2062/3432/2726 1965/3430/2727 1967/3429/2728
f 1965/3430/2727 1952/3433/2729 1950/3431/2730
f 2050/3434/2731 1966/3435/2732 1968/3436/2733
f 2061/3437/2734 1968/3436/2735 1966/3435/2736
f 1910/3438/2737 2061/3437/2734 1966/3435/2736
f 2051/3439/2738 1968/3436/2733 1967/3429/2723
f 2063/3440/2739 1967/3429/2728 1968/3436/2735
f 2057/3441/2740 1944/3442/2741 1969/3443/2742
f 2057/3441/2740 1971/3444/2743 2055/3445/2744
f 1971/3444/2745 2044/3446/2746 2046/3447/2747
f 2044/3446/2746 1944/3442/2748 1943/3448/2749
f 2045/3449/2750 1972/3450/2751 2047/3451/2752
f 1972/3450/2753 2056/3452/2754 2058/3453/2755
f 1924/3454/2756 1970/3455/2757 2045/3449/2750
f 2056/3452/2754 1924/3454/2758 1926/3456/2759
f 1971/3444/2760 2058/3453/2755 2059/3457/2761
f 1972/3450/2751 2046/3447/2747 2047/3451/2752
f 2033/3458/2762 1947/3459/2665 1973/3460/2763
f 2033/3458/2762 1975/3461/2764 2035/3462/2765
f 1975/3461/2766 2086/3463/2767 2022/3464/2768
f 2086/3463/2767 1947/3459/2693 1949/3465/2692
f 1974/3466/2769 2023/3467/2770 2021/3468/2771
f 1976/3469/2772 2032/3470/2773 2034/3471/2774
f 1909/3472/2775 1974/3466/2769 2021/3468/2771
f 2032/3470/2773 1909/3472/2776 1921/3473/2777
f 1975/3461/2764 2034/3471/2774 2035/3462/2765
f 1976/3469/2778 2022/3464/2768 2023/3467/2770
f 1999/3474/2779 1977/3475/2780 1997/3476/2781
f 1958/3477/2782 1977/3475/2780 1954/3478/2783
f 2015/3479/2784 1977/3475/2780 1979/3480/2785
f 1978/3481/2786 2000/3482/2787 1998/3483/2788
f 2014/3484/2789 1980/3485/2790 1978/3481/2791
f 1927/3486/2792 1978/3481/2786 1998/3483/2788
f 1927/3486/2793 2014/3484/2789 1978/3481/2791
f 1980/3485/2794 1999/3474/2779 2000/3482/2787
f 2016/3487/2795 1979/3480/2785 1980/3485/2790
f 1983/3488/2796 2067/3489/2797 2069/3490/2798
f 2067/3489/2797 1912/3491/2799 1953/3492/2800
f 2072/3493/2801 1981/3494/2802 1983/3495/2803
f 1981/3494/2802 1938/3496/2804 1912/3497/2805
f 1982/3498/2806 2070/3499/2807 2068/3500/2808
f 1982/3501/2809 2073/3502/2810 1984/3503/2811
f 1907/3504/2812 1982/3498/2813 1959/3505/2814
f 1907/3506/2815 1960/3507/2816 1982/3501/2817
f 1984/3508/2818 2069/3490/2798 2070/3499/2807
f 2073/3502/2810 1983/3495/2803 1984/3503/2811
f 1990/3509/2819 1987/3510/2820 1985/3511/2821
f 1908/3512/2822 1990/3509/2819 1985/3511/2821
f 2002/3513/2823 1985/3511/2824 1987/3510/2825
f 1991/3514/2826 1986/3515/2827 1988/3516/2828
f 1986/3515/2829 2004/3517/2830 1988/3516/2831
f 1913/3518/2832 1989/3519/2833 1956/3520/2834
f 1986/3515/2829 1931/3521/2835 2003/3522/2836
f 1992/3523/2837 1988/3516/2828 1987/3510/2820
f 2004/3517/2830 1987/3510/2825 1988/3516/2831
f 1991/3514/2826 1993/3524/2838 1989/3519/2833
f 1956/3520/2834 1993/3524/2838 1957/3525/2839
f 1994/3526/2840 1992/3523/2837 1990/3509/2819
f 1930/3527/2841 1994/3526/2840 1990/3509/2819
f 1996/3528/2842 1991/3514/2826 1992/3523/2837
f 1995/3529/2843 1997/3476/2781 1993/3524/2838
f 1998/3483/2788 1996/3528/2842 1994/3526/2840
f 1930/3527/2841 1998/3483/2788 1994/3526/2840
f 2000/3482/2787 1995/3529/2843 1996/3528/2842
f 1997/3476/2781 1958/3477/2782 1957/3525/2839
f 2007/3530/2844 2001/3531/2845 2002/3513/2823
f 2001/3531/2845 1920/3532/2846 1908/3512/2847
f 2003/3522/2836 2008/3533/2848 2004/3517/2830
f 2003/3522/2836 1931/3521/2835 2006/3534/2849
f 2008/3533/2848 2002/3513/2823 2004/3517/2830
f 2011/3535/2850 2005/3536/2851 2007/3530/2844
f 2010/3537/2852 2008/3533/2848 2006/3534/2849
f 1931/3521/2835 2010/3537/2852 2006/3534/2849
f 2012/3538/2853 2007/3530/2844 2008/3533/2848
f 2084/3539/2854 2009/3540/2855 2011/3535/2850
f 2009/3540/2855 1922/3541/2856 1920/3532/2846
f 2083/3542/2857 2012/3538/2853 2010/3537/2852
f 2010/3537/2852 1936/3543/2858 2083/3542/2857
f 2085/3544/2859 2011/3535/2850 2012/3538/2853
f 2013/3545/2860 1948/3546/2861 1954/3478/2783
f 2019/3547/2862 2013/3545/2860 2015/3479/2784
f 2018/3548/2863 2016/3487/2795 2014/3484/2789
f 1928/3549/2864 2018/3548/2863 2014/3484/2789
f 2020/3550/2865 2015/3479/2784 2016/3487/2795
f 2022/3464/2768 2017/3551/2866 2019/3547/2862
f 2017/3551/2866 1949/3465/2692 1948/3546/2861
f 2021/3468/2771 2020/3550/2865 2018/3548/2863
f 1928/3549/2864 2021/3468/2771 2018/3548/2863
f 2023/3467/2770 2019/3547/2862 2020/3550/2865
f 2030/3552/2867 2024/3553/2868 2026/3422/2714
f 2024/3553/2868 1921/3473/2777 1911/3426/2869
f 2025/3418/2707 2031/3554/2870 2027/3415/2704
f 1934/3555/2871 2029/3556/2872 2025/3418/2707
f 2031/3554/2870 2026/3422/2714 2027/3415/2704
f 2034/3471/2774 2028/3557/2873 2030/3552/2867
f 2033/3458/2762 2031/3554/2870 2029/3556/2872
f 1934/3555/2871 2033/3458/2762 2029/3556/2872
f 2035/3462/2765 2030/3552/2867 2031/3554/2870
f 2041/3558/2874 2036/3420/2712 2038/3419/2708
f 2036/3420/2712 1943/3448/2749 1942/3421/2713
f 2037/3425/2717 2042/3559/2875 2039/3427/2721
f 1925/3560/2876 2043/3561/2877 2037/3425/2717
f 2042/3559/2875 2038/3419/2708 2039/3427/2721
f 2046/3447/2747 2040/3562/2878 2041/3558/2874
f 1925/3560/2876 2045/3449/2750 2043/3561/2877
f 2047/3451/2752 2041/3558/2874 2042/3559/2875
f 2045/3449/2750 2047/3451/2752 2043/3561/2877
f 2054/3563/2879 2048/3564/2880 2050/3434/2731
f 2048/3564/2880 1926/3456/2759 1910/3438/2881
f 2053/3565/2882 2051/3439/2738 2049/3428/2722
f 1946/3566/2883 2053/3565/2882 2049/3428/2722
f 2055/3445/2744 2050/3434/2731 2051/3439/2738
f 2058/3453/2755 2052/3567/2884 2054/3563/2879
f 2057/3441/2740 2055/3445/2744 2053/3565/2882
f 2053/3565/2882 1945/3568/2885 2057/3441/2740
f 2059/3457/2761 2054/3563/2879 2055/3445/2744
f 2064/3569/2886 2060/3570/2887 2062/3432/2726
f 2061/3437/2734 2065/3571/2888 2063/3440/2739
f 1929/3572/2889 2068/3500/2808 2061/3437/2734
f 2065/3571/2888 2062/3432/2726 2063/3440/2739
f 2069/3490/2798 2066/3573/2890 2064/3569/2886
f 1952/3433/2729 2066/3573/2890 1953/3492/2800
f 2068/3500/2808 2070/3499/2807 2065/3571/2888
f 1929/3572/2889 1959/3505/2814 2068/3500/2808
f 2070/3499/2807 2064/3569/2886 2065/3571/2888
f 1938/3496/2804 2071/3574/2891 1939/3575/2892
f 2076/3576/2893 2071/3574/2891 2072/3493/2801
f 1923/3577/2894 2075/3578/2895 1960/3507/2816
f 2077/3579/2896 2072/3493/2801 2073/3502/2810
f 2080/3580/2897 2074/3581/2898 2076/3576/2893
f 2074/3581/2898 1940/3582/2899 1939/3575/2892
f 2079/3583/2900 2077/3579/2896 2075/3578/2895
f 1923/3577/2894 2079/3583/2900 2075/3578/2895
f 2081/3584/2901 2076/3576/2893 2077/3579/2896
f 2085/3544/2902 2078/3585/2903 2080/3580/2897
f 1940/3582/2899 2083/3542/2904 1936/3543/2905
f 2082/3586/2906 2081/3584/2901 2079/3583/2900
f 1922/3541/2907 2082/3586/2906 2079/3583/2900
f 2084/3539/2908 2080/3580/2897 2081/3584/2901
f 2055/3445/2909 1971/3444/2909 2059/3457/2909
f 2075/3578/2910 1982/3501/2910 1960/3507/2910
f 2068/3500/2912 1959/3505/2912 1982/3498/2912
f 1961/3414/2703 2025/3418/2707 2027/3415/2704
f 2038/3419/2708 2036/3420/2712 1961/3414/2709
f 1935/3417/2711 1961/3414/2709 2036/3420/2712
f 2026/3422/2714 2024/3553/2868 1962/3423/2715
f 2037/3425/2717 2039/3427/2721 1964/3424/2718
f 1962/3423/2715 2024/3553/2868 1911/3426/2869
f 1911/3426/2720 1925/3560/2876 2037/3425/2717
f 2027/3415/2704 2026/3422/2714 1964/3424/2716
f 2039/3427/2721 2038/3419/2708 1963/3416/2710
f 2049/3428/2722 2051/3439/2738 1967/3429/2723
f 1950/3431/2725 1946/3566/2883 2049/3428/2722
f 2062/3432/2726 2060/3570/2887 1965/3430/2727
f 1965/3430/2727 2060/3570/2887 1952/3433/2729
f 2050/3434/2731 2048/3564/2880 1966/3435/2732
f 2061/3437/2734 2063/3440/2739 1968/3436/2735
f 1966/3435/2732 2048/3564/2880 1910/3438/2881
f 1910/3438/2737 1929/3572/2889 2061/3437/2734
f 2051/3439/2738 2050/3434/2731 1968/3436/2733
f 2063/3440/2739 2062/3432/2726 1967/3429/2728
f 2057/3441/2740 1945/3568/2885 1944/3442/2741
f 2057/3441/2740 1969/3443/2742 1971/3444/2743
f 1971/3444/2745 1969/3443/2913 2044/3446/2746
f 2044/3446/2746 1969/3443/2913 1944/3442/2748
f 2045/3449/2750 1970/3455/2757 1972/3450/2751
f 1972/3450/2753 1970/3455/2914 2056/3452/2754
f 2056/3452/2754 1970/3455/2914 1924/3454/2758
f 1971/3444/2760 1972/3450/2753 2058/3453/2755
f 1972/3450/2751 1971/3444/2745 2046/3447/2747
f 2033/3458/2762 1933/3587/2666 1947/3459/2665
f 2033/3458/2762 1973/3460/2763 1975/3461/2764
f 1975/3461/2766 1973/3460/2915 2086/3463/2767
f 2086/3463/2767 1973/3460/2915 1947/3459/2693
f 1974/3466/2769 1976/3469/2778 2023/3467/2770
f 1976/3469/2772 1974/3466/2916 2032/3470/2773
f 2032/3470/2773 1974/3466/2916 1909/3472/2776
f 1975/3461/2764 1976/3469/2772 2034/3471/2774
f 1976/3469/2778 1975/3461/2766 2022/3464/2768
f 1999/3474/2779 1979/3480/2917 1977/3475/2780
f 1958/3477/2782 1997/3476/2781 1977/3475/2780
f 2015/3479/2784 2013/3545/2860 1977/3475/2780
f 1954/3478/2783 1977/3475/2780 2013/3545/2860
f 1978/3481/2786 1980/3485/2794 2000/3482/2787
f 2014/3484/2789 2016/3487/2795 1980/3485/2790
f 1927/3486/2793 1928/3549/2864 2014/3484/2789
f 1980/3485/2794 1979/3480/2917 1999/3474/2779
f 2016/3487/2795 2015/3479/2784 1979/3480/2785
f 1983/3488/2796 1981/3588/2918 2067/3489/2797
f 2067/3489/2797 1981/3588/2918 1912/3491/2799
f 2072/3493/2801 2071/3574/2891 1981/3494/2802
f 1981/3494/2802 2071/3574/2891 1938/3496/2804
f 1982/3498/2806 1984/3508/2818 2070/3499/2807
f 1982/3501/2809 2075/3578/2895 2073/3502/2810
f 1907/3506/2815 1923/3577/2894 1960/3507/2816
f 1984/3508/2818 1983/3488/2796 2069/3490/2798
f 2073/3502/2810 2072/3493/2801 1983/3495/2803
f 1990/3509/2819 1992/3523/2837 1987/3510/2820
f 1908/3512/2822 1930/3527/2841 1990/3509/2819
f 2002/3513/2823 2001/3531/2845 1985/3511/2824
f 1985/3511/2824 2001/3531/2845 1908/3512/2847
f 1991/3514/2826 1989/3519/2833 1986/3515/2827
f 1986/3515/2829 2003/3522/2836 2004/3517/2830
f 1913/3518/2832 1986/3515/2827 1989/3519/2833
f 1986/3515/2829 1913/3518/2919 1931/3521/2835
f 1992/3523/2837 1991/3514/2826 1988/3516/2828
f 2004/3517/2830 2002/3513/2823 1987/3510/2825
f 1991/3514/2826 1995/3529/2843 1993/3524/2838
f 1956/3520/2834 1989/3519/2833 1993/3524/2838
f 1994/3526/2840 1996/3528/2842 1992/3523/2837
f 1996/3528/2842 1995/3529/2843 1991/3514/2826
f 1995/3529/2843 1999/3474/2779 1997/3476/2781
f 1993/3524/2838 1997/3476/2781 1957/3525/2839
f 1998/3483/2788 2000/3482/2787 1996/3528/2842
f 1930/3527/2841 1927/3486/2792 1998/3483/2788
f 2000/3482/2787 1999/3474/2779 1995/3529/2843
f 2007/3530/2844 2005/3536/2851 2001/3531/2845
f 2001/3531/2845 2005/3536/2851 1920/3532/2846
f 2003/3522/2836 2006/3534/2849 2008/3533/2848
f 2008/3533/2848 2007/3530/2844 2002/3513/2823
f 2011/3535/2850 2009/3540/2855 2005/3536/2851
f 2005/3536/2851 2009/3540/2855 1920/3532/2846
f 2010/3537/2852 2012/3538/2853 2008/3533/2848
f 2012/3538/2853 2011/3535/2850 2007/3530/2844
f 1931/3521/2835 1936/3543/2858 2010/3537/2852
f 2084/3539/2854 2082/3586/2920 2009/3540/2855
f 2009/3540/2855 2082/3586/2920 1922/3541/2856
f 2083/3542/2857 2085/3544/2859 2012/3538/2853
f 2085/3544/2859 2084/3539/2854 2011/3535/2850
f 2019/3547/2862 2017/3551/2866 2013/3545/2860
f 1948/3546/2861 2013/3545/2860 2017/3551/2866
f 2018/3548/2863 2020/3550/2865 2016/3487/2795
f 2020/3550/2865 2019/3547/2862 2015/3479/2784
f 2022/3464/2768 2086/3463/2767 2017/3551/2866
f 2017/3551/2866 2086/3463/2767 1949/3465/2692
f 2021/3468/2771 2023/3467/2770 2020/3550/2865
f 1928/3549/2864 1909/3472/2775 2021/3468/2771
f 2023/3467/2770 2022/3464/2768 2019/3547/2862
f 2025/3418/2707 1935/3417/2706 1934/3555/2871
f 2030/3552/2867 2028/3557/2873 2024/3553/2868
f 2024/3553/2868 2028/3557/2873 1921/3473/2777
f 2025/3418/2707 2029/3556/2872 2031/3554/2870
f 2031/3554/2870 2030/3552/2867 2026/3422/2714
f 2034/3471/2774 2032/3470/2773 2028/3557/2873
f 2028/3557/2873 2032/3470/2773 1921/3473/2777
f 2033/3458/2762 2035/3462/2765 2031/3554/2870
f 1934/3555/2871 1933/3587/2666 2033/3458/2762
f 2035/3462/2765 2034/3471/2774 2030/3552/2867
f 2041/3558/2874 2040/3562/2878 2036/3420/2712
f 2036/3420/2712 2040/3562/2878 1943/3448/2749
f 2037/3425/2717 2043/3561/2877 2042/3559/2875
f 2042/3559/2875 2041/3558/2874 2038/3419/2708
f 2046/3447/2747 2044/3446/2746 2040/3562/2878
f 2040/3562/2878 2044/3446/2746 1943/3448/2749
f 2043/3561/2877 2047/3451/2752 2042/3559/2875
f 1925/3560/2876 1924/3454/2756 2045/3449/2750
f 2047/3451/2752 2046/3447/2747 2041/3558/2874
f 2054/3563/2879 2052/3567/2884 2048/3564/2880
f 2048/3564/2880 2052/3567/2884 1926/3456/2759
f 2053/3565/2882 2055/3445/2744 2051/3439/2738
f 1946/3566/2883 1945/3568/2885 2053/3565/2882
f 2055/3445/2744 2054/3563/2879 2050/3434/2731
f 2058/3453/2755 2056/3452/2754 2052/3567/2884
f 2052/3567/2884 2056/3452/2754 1926/3456/2759
f 2059/3457/2761 2058/3453/2755 2054/3563/2879
f 2064/3569/2886 2066/3573/2890 2060/3570/2887
f 2060/3570/2887 2066/3573/2890 1952/3433/2729
f 2061/3437/2734 2068/3500/2808 2065/3571/2888
f 2065/3571/2888 2064/3569/2886 2062/3432/2726
f 2069/3490/2798 2067/3489/2797 2066/3573/2890
f 1929/3572/2889 1907/3504/2812 1959/3505/2814
f 2070/3499/2807 2069/3490/2798 2064/3569/2886
f 1953/3492/2800 2066/3573/2890 2067/3489/2797
f 2076/3576/2893 2074/3581/2898 2071/3574/2891
f 2071/3574/2891 2074/3581/2898 1939/3575/2892
f 2075/3578/2895 2077/3579/2896 2073/3502/2810
f 2077/3579/2896 2076/3576/2893 2072/3493/2801
f 2080/3580/2897 2078/3585/2903 2074/3581/2898
f 2074/3581/2898 2078/3585/2903 1940/3582/2899
f 2079/3583/2900 2081/3584/2901 2077/3579/2896
f 1923/3577/2894 1922/3541/2907 2079/3583/2900
f 2081/3584/2901 2080/3580/2897 2076/3576/2893
f 2085/3544/2902 2083/3542/2904 2078/3585/2903
f 1940/3582/2899 2078/3585/2903 2083/3542/2904
f 2082/3586/2906 2084/3539/2908 2081/3584/2901
f 2084/3539/2908 2085/3544/2902 2080/3580/2897
usemtl MarbleCracking
f 1919/3378/2655 1914/3379/2656 1916/3380/2657
f 1955/3381/2658 1914/3379/2656 1918/3382/2659
f 1914/3379/2656 1915/3383/2660 1917/3384/2661
f 1914/3379/2656 1917/3384/2661 1916/3380/2657
f 1936/3385/2662 1931/3386/2663 1913/3387/2664
f 1947/3388/2665 1933/3389/2666 1932/3390/2667
f 1933/3389/2668 1934/3391/2669 1932/3390/2670
f 1934/3391/2669 1935/3392/2671 1932/3390/2670
f 1912/3393/2672 1938/3394/2673 1937/3395/2674
f 1938/3394/2675 1939/3396/2675 1937/3395/2675
f 1939/3396/2676 1940/3397/2676 1937/3395/2676
f 1940/3397/2677 1936/3385/2662 1937/3395/2678
f 1935/3392/2679 1942/3398/2680 1941/3399/2681
f 1942/3398/2680 1943/3400/2682 1941/3399/2681
f 1943/3400/2682 1944/3401/2683 1941/3399/2681
f 1944/3401/2684 1945/3402/2685 1941/3399/2686
f 1945/3402/2685 1946/3403/2687 1941/3399/2686
f 1946/3403/2687 1950/3404/2688 1941/3399/2686
f 1954/3405/2689 1948/3406/2690 1932/3390/2670
f 1948/3406/2690 1949/3407/2691 1932/3390/2670
f 1949/3407/2692 1947/3388/2693 1932/3390/2694
f 1950/3404/2688 1952/3408/2695 1951/3409/2696
f 1952/3408/2695 1953/3410/2697 1951/3409/2696
f 1953/3410/2697 1912/3393/2698 1951/3409/2696
f 1913/3387/2664 1956/3411/2699 1955/3381/2658
f 1956/3411/2699 1957/3412/2700 1955/3381/2658
f 1957/3412/2700 1958/3413/2701 1955/3381/2658
f 1958/3413/2702 1954/3405/2689 1955/3381/2658
f 1913/3387/2664 1918/3382/2659 1936/3385/2662
f 1917/3384/2661 1932/3390/2670 1935/3392/2671
f 1937/3395/2678 1918/3382/2659 1919/3378/2655
f 1937/3395/2674 1951/3409/2696 1912/3393/2672
f 1916/3380/2657 1941/3399/2686 1950/3404/2688
f 1951/3409/2696 1916/3380/2657 1950/3404/2688
f 1919/3378/2655 1918/3382/2659 1914/3379/2656
f 1955/3381/2658 1915/3383/2660 1914/3379/2656
f 1913/3387/2664 1955/3381/2658 1918/3382/2659
f 1917/3384/2661 1915/3383/2660 1932/3390/2670
f 1937/3395/2678 1936/3385/2662 1918/3382/2659
f 1937/3395/2674 1919/3378/2911 1951/3409/2696
f 1917/3384/2661 1935/3392/2671 1941/3399/2686
f 1916/3380/2657 1917/3384/2661 1941/3399/2686
f 1915/3383/2660 1954/3405/2689 1932/3390/2670
f 1951/3409/2696 1919/3378/2911 1916/3380/2657
f 1955/3381/2658 1954/3405/2689 1915/3383/2660
o ColumnBase.006
v 5.481347 0.441227 -2.083951
v 5.396229 0.581731 -2.119216
v 4.951149 0.441227 -1.857848
v 4.986083 0.581040 -1.942287
v 5.263979 0.454425 -2.636333
v 4.725274 0.441068 -2.387778
v 4.809933 0.581531 -2.353777
vn 0.3576 0.4231 0.8325
vn 0.3569 0.4175 0.8357
vn 0.3567 0.4160 0.8365
vn 0.8435 0.4302 -0.3216
vn 0.0577 0.9877 -0.1452
vn 0.1049 0.9591 -0.2629
vn -0.8334 0.4221 0.3567
vn -0.8354 0.4185 0.3563
vn -0.8359 0.4176 0.3562
vn -0.3869 0.4306 -0.8154
vn 0.3579 0.4254 0.8312
vn -0.0010 1.0000 0.0016
vn -0.8326 0.4236 0.3569
vt 0.365562 0.384578
vt 0.417946 0.567969
vt 0.365656 0.622532
vt 0.603502 0.376842
vt 0.418956 0.436333
vt 0.549699 0.563702
vt 0.602855 0.615471
s 1
usemtl MarbleBase
f 2087/3589/2921 2090/3590/2922 2089/3591/2923
f 2091/3592/2924 2088/3593/2924 2087/3589/2924
f 2093/3594/2925 2088/3593/2925 2091/3592/2926
f 2089/3591/2927 2093/3594/2928 2092/3595/2929
f 2093/3594/2930 2091/3592/2930 2092/3595/2930
f 2087/3589/2921 2088/3593/2931 2090/3590/2922
f 2093/3594/2925 2090/3590/2932 2088/3593/2925
f 2089/3591/2927 2090/3590/2933 2093/3594/2928
o Column.005
v 5.182053 0.561071 -2.055211
v 5.283983 0.561071 -2.314848
v 5.024346 0.561071 -2.416777
v 5.034985 0.561071 -2.058343
v 4.925548 0.561071 -2.304209
v 5.194384 10.206958 -2.066487
v 5.274275 10.259083 -2.316581
v 5.103200 10.278405 -2.235995
v 5.050797 10.266460 -2.172220
v 5.047409 10.292633 -2.288151
v 5.201254 10.247456 -2.200294
v 5.164554 10.247171 -2.285267
v 5.168283 10.197093 -2.130529
v 5.329883 0.561071 -2.227755
v 4.950341 0.561071 -2.405959
v 5.280852 0.561071 -2.167780
v 5.256059 0.561071 -2.066030
v 4.922416 0.561071 -2.157141
v 4.876516 0.561071 -2.244234
v 4.933236 0.561071 -2.083135
v 5.171417 0.561071 -2.413646
v 5.111438 0.561071 -2.462678
v 5.094961 0.561071 -2.009312
v 5.273166 0.561071 -2.388851
v 5.233042 10.291099 -2.278172
v 5.331283 10.225033 -2.238289
v 5.318061 10.247100 -2.283135
v 5.055459 10.238621 -2.357119
v 4.965254 10.201127 -2.408771
v 4.928653 10.177452 -2.381491
v 4.931778 10.222160 -2.303595
v 5.282596 10.259452 -2.180969
v 5.253629 10.278655 -2.066657
v 5.284200 10.226494 -2.114183
v 4.984293 10.233584 -2.167800
v 4.894561 10.268162 -2.268363
v 4.877233 10.238974 -2.203783
v 4.934114 10.220336 -2.157170
v 4.935930 10.258176 -2.080831
v 4.975936 10.238154 -2.056289
v 5.024375 10.183600 -2.405081
v 5.104620 10.239691 -2.460692
v 5.053204 10.238350 -2.446942
v 5.041626 10.243423 -2.066877
v 5.145377 10.232762 -2.106153
v 5.082053 10.231724 -2.017549
v 5.132002 10.216562 -2.009458
v 5.153316 10.260401 -2.419703
v 5.218987 10.234850 -2.308324
v 5.268286 10.237642 -2.391483
v 5.214322 10.214651 -2.417586
v 5.242159 7.558500 -2.056262
v 4.929392 8.294039 -2.299657
v 4.929256 7.559788 -2.300175
v 4.928598 8.049291 -2.299097
v 4.929036 7.804541 -2.299406
v 5.040519 8.294039 -2.061503
v 5.039536 7.559788 -2.062187
v 5.039788 8.049291 -2.061830
v 5.039270 7.804541 -2.061694
v 4.928539 8.294039 -2.154571
v 4.928627 7.559788 -2.155136
v 4.929513 8.049290 -2.154601
v 4.929187 7.804541 -2.155299
v 5.021777 8.294039 -2.410655
v 5.022799 7.559788 -2.410495
v 5.021806 8.049290 -2.409681
v 5.022046 7.804541 -2.410078
v 5.167382 8.294039 -2.409939
v 5.167382 7.559788 -2.409939
v 5.165881 8.049291 -2.410486
v 5.166612 7.804541 -2.410159
v 5.185158 8.294039 -2.062220
v 5.184354 7.559788 -2.061911
v 5.184353 8.049290 -2.061911
v 5.183600 7.804541 -2.061494
v 5.277212 7.559788 -2.316690
v 5.276887 8.294039 -2.317388
v 5.277773 7.804541 -2.316853
v 5.277284 8.049290 -2.317148
v 5.282722 8.294038 -2.373492
v 5.282677 8.049290 -2.372538
v 5.282610 7.804541 -2.373184
v 5.260959 8.294038 -2.407485
v 5.274247 7.571784 -2.384504
v 5.264266 8.049290 -2.405231
v 5.262105 7.804541 -2.406937
v 5.224285 8.294039 -2.422174
v 5.223731 7.559788 -2.422122
v 5.225275 8.049290 -2.422163
v 5.224464 7.804541 -2.422129
v 5.323092 7.559788 -2.285830
v 5.323554 7.804541 -2.285337
v 5.323174 8.294038 -2.285667
v 5.324013 8.049290 -2.284940
v 5.336377 7.559789 -2.250546
v 5.336695 8.294038 -2.249348
v 5.336293 7.804541 -2.247794
v 5.336377 8.049290 -2.245054
v 5.324276 7.559788 -2.209798
v 5.323730 8.294039 -2.209198
v 5.323728 7.804541 -2.209196
v 5.323332 8.049290 -2.208812
v 5.129851 8.294039 -2.456595
v 5.129396 7.559788 -2.457071
v 5.130163 8.049290 -2.456444
v 5.129996 7.804541 -2.456524
v 5.092630 8.294038 -2.468771
v 5.088649 7.559789 -2.469172
v 5.091401 8.049290 -2.469089
v 5.091401 7.804541 -2.469089
v 5.053364 7.559788 -2.455886
v 5.053855 8.049290 -2.456348
v 5.053856 7.804541 -2.456348
v 4.917073 7.559788 -2.356526
v 4.917020 8.294039 -2.357080
v 4.917065 7.804541 -2.357259
v 4.917103 8.049290 -2.357414
v 4.930433 7.559789 -2.392856
v 4.932950 8.294038 -2.396349
v 4.932259 7.804541 -2.394901
v 4.942799 8.052130 -2.407346
v 4.965415 7.559788 -2.415400
v 4.966515 8.294038 -2.415409
v 4.966158 7.804541 -2.415464
v 4.965410 8.047988 -2.415838
v 4.883065 8.294039 -2.263174
v 4.882598 7.559788 -2.262646
v 4.882669 8.049290 -2.262791
v 4.881029 7.805801 -2.261574
v 4.870022 8.294038 -2.226935
v 4.870106 7.559789 -2.224195
v 4.870105 8.049290 -2.224195
v 4.870260 7.801642 -2.239557
v 4.882319 8.294038 -2.187177
v 4.882847 7.559788 -2.186650
v 4.882848 8.049290 -2.186650
v 4.883310 7.804541 -2.186157
v 4.982669 7.559788 -2.049868
v 4.981124 8.294039 -2.049827
v 4.981935 7.804541 -2.049860
v 4.981935 8.049290 -2.049860
v 4.946339 7.559789 -2.063227
v 4.943582 8.294038 -2.066066
v 4.944294 7.804541 -2.065053
v 4.931849 8.052131 -2.075593
v 4.923796 7.559788 -2.098206
v 4.923790 8.294038 -2.098807
v 4.923731 7.804541 -2.098951
v 4.923356 8.047988 -2.098203
v 5.075848 8.294039 -2.015941
v 5.076405 7.559788 -2.015464
v 5.076405 8.049290 -2.015464
v 5.077005 7.804541 -2.014917
v 5.113490 8.294038 -2.002499
v 5.115000 8.049290 -2.002901
v 5.116198 7.804541 -2.003219
v 5.121155 7.561480 -2.002712
v 5.152407 8.294038 -2.015570
v 5.152724 7.559262 -2.015553
v 5.152544 8.049290 -2.015641
v 5.152701 7.804541 -2.015723
v 5.239573 8.294038 -2.056445
v 5.240242 8.049290 -2.056526
v 5.240385 7.804541 -2.056585
v 5.273450 8.294038 -2.075640
v 5.263620 7.562785 -2.065171
v 5.273129 8.049290 -2.076376
v 5.274142 7.804541 -2.077089
v 5.289335 8.294039 -2.114729
v 5.289327 7.559788 -2.115463
v 5.289403 8.049290 -2.114068
v 5.289334 7.804541 -2.114730
v 5.277144 7.559788 -2.171813
v 5.277365 8.294039 -2.172583
v 5.277365 7.804541 -2.172583
v 5.277365 8.049291 -2.172583
v 5.054384 8.294038 -2.456877
v 5.260870 7.557611 -2.408476
v 5.282933 7.558500 -2.374957
vn -0.0322 0.8569 0.5145
vn 0.2494 0.9565 0.1516
vn -0.0733 0.9692 0.2351
vn 0.2353 0.9662 -0.1049
vn -0.1424 0.9027 0.4060
vn 0.5630 0.8263 -0.0180
vn 0.5237 0.8448 0.1094
vn 0.5026 0.8638 -0.0344
vn 0.4615 0.8757 0.1423
vn 0.4324 0.8645 -0.2564
vn 0.1466 0.2951 -0.9442
vn -0.1426 0.1581 -0.9771
vn 0.2180 0.5684 -0.7933
vn -0.4532 0.8780 0.1540
vn -0.3851 0.8923 -0.2357
vn -0.1542 0.9357 -0.3174
vn -0.4224 0.8567 -0.2959
vn -0.7533 0.6229 0.2110
vn -0.0592 0.6531 -0.7549
vn -0.2785 0.8586 0.4304
vn -0.2505 0.8638 0.4371
vn 0.6164 0.7282 -0.2996
vn -0.0854 0.9163 0.3912
vn -0.0929 0.9063 0.4122
vn -0.1051 0.8889 0.4459
vn -0.1227 0.8608 0.4939
vn -0.3135 0.8538 -0.4157
vn 0.2684 0.9557 -0.1210
vn -0.3236 0.9461 0.0136
vn 0.1671 0.9855 -0.0279
vn -0.0006 0.9941 0.1087
vn 0.0546 0.9972 -0.0518
vn -0.1904 0.9784 -0.0803
vn -0.0267 0.9996 -0.0023
vn -0.6887 0.1752 -0.7035
vn -0.9033 0.1770 -0.3908
vn -0.8781 0.4781 0.0206
vn 0.1967 0.9686 0.1519
vn 0.4538 0.8817 -0.1296
vn 0.2790 0.9400 0.1961
vn 0.4621 0.8868 0.0060
vn -0.4107 0.7713 -0.4862
vn -0.3524 0.9188 -0.1781
vn -0.3436 0.7070 -0.6182
vn -0.3209 0.9337 -0.1589
vn 0.5950 0.7854 -0.1706
vn 0.3634 0.9316 -0.0006
vn -0.2942 0.5076 -0.8098
vn -0.2375 0.5044 -0.8302
vn -0.4144 0.8556 0.3103
vn -0.1114 0.9652 -0.2364
vn 0.6134 0.6746 -0.4107
vn 0.8717 0.1693 -0.4598
vn 0.9534 0.2382 -0.1855
vn 0.5468 0.3414 -0.7645
vn 0.0215 0.9199 -0.3915
vn -0.9778 0.0008 0.2093
vn -0.9906 -0.0032 -0.1368
vn -0.9811 0.0008 0.1934
vn -0.9991 0.0065 0.0413
vn -0.9963 0.0006 -0.0862
vn -0.8190 0.0050 -0.5737
vn -0.6188 -0.0005 -0.7855
vn -0.6200 0.0002 -0.7846
vn -0.6853 0.0020 -0.7283
vn -0.8123 0.0008 -0.5832
vn -0.8808 0.0039 -0.4735
vn -0.9957 0.0041 -0.0928
vn -0.9776 0.0003 0.2107
vn -0.9794 -0.0008 0.2019
vn -0.8213 -0.0023 -0.5704
vn -0.7010 0.0260 -0.7127
vn -0.6268 0.0013 -0.7792
vn -0.7735 -0.0010 -0.6338
vn -0.7854 0.0020 -0.6190
vn -0.6190 -0.0001 -0.7854
vn -0.1067 0.0004 0.9943
vn 0.2019 0.0001 0.9794
vn 0.1929 0.0004 0.9812
vn 0.1595 0.0037 0.9872
vn -0.5714 -0.0001 0.8207
vn -0.7897 0.0014 0.6135
vn -0.7843 0.0007 0.6204
vn -0.5485 0.0020 0.8361
vn -0.7732 0.0022 0.6342
vn -0.0930 0.0040 0.9957
vn 0.2110 0.0003 0.9775
vn 0.2022 -0.0009 0.9794
vn -0.7845 0.0005 0.6201
vn -0.5574 -0.0000 0.8303
vn -0.7783 -0.0001 0.6279
vn -0.6338 -0.0010 0.7735
vn -0.5569 -0.0005 0.8306
vn -0.1330 -0.0028 0.9911
vn -0.9748 0.0036 0.2231
vn -0.9998 0.0059 0.0193
vn -0.9964 -0.0006 -0.0848
vn -0.9996 -0.0265 0.0138
vn -0.7948 -0.0192 0.6066
vn -0.5669 -0.0007 0.8238
vn -0.8087 -0.0001 0.5882
vn -0.7975 0.0002 0.6034
vn -0.6320 0.0049 0.7750
vn -0.9829 0.0058 0.1839
vn -0.7977 0.0003 0.6030
vn -0.5593 -0.0000 0.8289
vn -0.8172 -0.0002 0.5764
vn -0.9954 0.0007 -0.0955
vn -0.9704 0.0011 0.2415
vn -0.9750 -0.0013 0.2222
vn -0.8836 -0.0030 0.4683
vn -0.5670 0.0011 0.8237
vn -0.9897 -0.0010 0.1435
vn -0.7399 -0.0024 0.6727
vn -0.9943 -0.0008 -0.1068
vn -0.9890 -0.0163 0.1472
vn -0.2104 0.0045 -0.9776
vn 0.0857 -0.0006 -0.9963
vn -0.0138 -0.0265 -0.9996
vn -0.6060 -0.0200 -0.7952
vn -0.8238 0.0001 -0.5669
vn -0.5882 0.0011 -0.8087
vn -0.6034 0.0008 -0.7975
vn -0.8291 0.0003 -0.5591
vn -0.6035 -0.0006 -0.7974
vn -0.6196 0.0007 -0.7849
vn 0.0951 0.0008 -0.9955
vn -0.2413 0.0010 -0.9705
vn -0.2224 -0.0013 -0.9750
vn -0.4683 -0.0030 -0.8835
vn -0.1435 -0.0010 -0.9897
vn -0.6727 -0.0024 -0.7399
vn 0.1067 -0.0008 -0.9943
vn -0.1471 -0.0163 -0.9890
vn -0.8241 -0.0008 -0.5665
vn 0.1072 0.0004 -0.9942
vn 0.3337 -0.0000 -0.9427
vn 0.0854 0.0004 -0.9964
vn 0.2212 0.0002 -0.9752
vn 0.4092 0.0019 -0.9124
vn 0.7884 -0.0000 -0.6151
vn 0.5690 0.0004 -0.8223
vn -0.2107 0.0003 -0.9776
vn 0.0900 0.0002 -0.9959
vn 0.1285 0.0387 -0.9909
vn 0.5568 0.0010 -0.8307
vn 0.7843 0.0007 -0.6204
vn 0.7786 0.0013 -0.6275
vn 0.2345 -0.0029 -0.9721
vn 0.6338 -0.0010 -0.7735
vn -0.2019 -0.0007 -0.9794
vn 0.5715 -0.0005 -0.8206
vn 0.8236 -0.0008 0.5671
vn 0.5981 -0.0010 0.8014
vn 0.6036 -0.0002 0.7973
vn 0.6779 0.0047 0.7351
vn 0.2286 0.0032 0.9735
vn 0.2216 0.0005 0.9751
vn -0.1048 0.0012 0.9945
vn -0.0952 0.0008 0.9955
vn 0.6279 -0.0000 0.7783
vn 0.8283 0.0003 0.5603
vn 0.6090 0.0024 0.7932
vn 0.0232 -0.0271 0.9994
vn 0.2241 0.0031 0.9746
vn -0.0861 -0.0000 0.9963
vn 0.4683 -0.0030 0.8835
vn 0.8260 0.0009 0.5636
vn 0.1434 -0.0011 0.9897
vn 0.1598 0.0002 0.9871
vn -0.0972 0.0010 0.9953
vn 0.9986 0.0326 0.0411
vn 0.9736 -0.0027 -0.2284
vn 0.9963 -0.0001 0.0856
vn 0.9897 -0.0011 -0.1434
vn 0.7978 0.0001 -0.6029
vn 0.5588 0.0003 -0.8293
vn 0.5671 -0.0008 -0.8237
vn 0.9782 0.0009 -0.2078
vn 0.9947 0.0009 0.1030
vn 0.9954 0.0008 0.0961
vn 0.7890 0.0002 -0.6145
vn 0.5674 -0.0001 -0.8235
vn 0.5657 0.0013 -0.8246
vn 0.7802 0.0019 -0.6255
vn 0.8061 0.0002 -0.5918
vn 0.9729 0.0002 -0.2312
vn 0.8859 0.0072 -0.4638
vn 0.9970 0.0065 -0.0775
vn 0.6369 0.0002 -0.7709
vn 0.7399 -0.0024 -0.6727
vn 0.6477 -0.0026 -0.7619
vn 0.6707 0.0008 -0.7417
vn 1.0000 -0.0000 -0.0062
vn 0.7848 0.0007 -0.6198
vn 0.9949 -0.0024 0.1006
vn 0.8835 -0.0030 -0.4683
vn 0.9997 0.0003 0.0233
vn 0.9790 0.0054 0.2039
vn 0.9997 -0.0006 -0.0236
vn 0.8208 -0.0006 0.5712
vn 0.9993 0.0009 -0.0365
vn 0.8121 0.0001 0.5835
vn 0.8212 0.0005 0.5706
vn 0.6204 -0.0001 0.7843
vn 0.8307 0.0010 0.5568
vn 0.7735 -0.0010 0.6338
vn 0.6197 0.0009 0.7848
vn 0.7608 0.0066 0.6490
vn 0.6191 -0.0001 0.7853
vn 0.2658 0.0070 -0.9640
vn -0.0064 0.0007 -1.0000
vn 0.5753 -0.0000 -0.8180
vn -0.0365 0.0009 -0.9993
vn 0.1006 -0.0024 -0.9949
vn -0.0059 -0.0010 -1.0000
vn 0.0067 0.0014 -1.0000
vn -0.7641 0.0034 -0.6451
vn -0.9975 0.0007 -0.0706
vn -0.9721 -0.0029 -0.2345
vn -0.7534 0.0062 -0.6575
vn -0.9039 0.0051 -0.4278
vn -0.7810 0.0008 -0.6246
vn -0.9999 0.0049 0.0098
vn -0.9949 -0.0024 -0.1006
vn -0.9999 -0.0044 0.0100
vn -0.9836 0.0094 -0.1802
vn -0.9997 0.0007 -0.0244
vn -0.6451 0.0034 0.7641
vn -0.0704 0.0007 0.9975
vn -0.2345 -0.0029 0.9721
vn -0.6547 0.0052 0.7559
vn -0.2253 0.0043 0.9743
vn -0.6246 0.0008 0.7810
vn -0.8598 0.0058 0.5106
vn 0.0057 -0.0005 1.0000
vn -0.5860 0.0015 0.8103
vn 0.0182 0.0021 0.9998
vn -0.1006 -0.0024 0.9949
vn 0.0554 -0.0011 0.9985
vn -0.0110 0.0009 0.9999
vn -0.0046 0.0051 1.0000
vn 0.2036 0.0001 0.9791
vn 0.5218 0.0063 0.8531
vn 0.7535 0.0001 0.6575
vn 0.6727 -0.0024 0.7399
vn 0.6197 -0.0130 0.7848
vn 0.7645 0.0048 0.6446
vn 0.9958 0.0008 0.0912
vn 0.7514 -0.0006 0.6598
vn 0.9587 0.0020 0.2845
vn 0.9919 -0.0038 0.1272
vn 0.9959 0.0001 0.0900
vn 0.9795 -0.0001 -0.2016
vn 0.9947 -0.0001 0.1026
vn 0.9797 0.0013 -0.2007
vn 0.9997 -0.0028 -0.0254
vn 0.9776 0.0003 -0.2106
vn 0.9721 -0.0029 0.2345
vn 0.9793 -0.0006 -0.2025
vn -0.3915 0.9199 -0.0215
vn -0.0184 0.9176 0.3971
vn -0.5421 0.8078 0.2314
vn -0.2613 -0.9171 -0.3010
vn -0.5764 0.0002 0.8171
vn -0.9964 0.0016 -0.0846
vn -0.8171 0.0002 -0.5764
vn 0.0852 0.0014 -0.9964
vn -0.1929 0.0007 -0.9812
vn 0.8184 -0.0023 0.5746
vn 0.6072 0.0011 -0.7945
vn 0.6275 0.0013 0.7786
vt -1.078659 0.057890
vt -1.139571 0.564018
vt -1.371643 0.436719
vt -0.878220 0.626732
vt -0.868914 0.302182
vt -0.640309 0.160885
vt -0.402377 0.264250
vt -0.654009 0.464453
vt -0.415252 0.410564
vt -0.513409 0.543499
vt -1.248302 1.383221
vt -1.449264 1.363672
vt -1.115453 1.121909
vt -1.591993 1.297496
vt -1.607807 1.007121
vt -1.157640 -0.161778
vt -0.784232 -0.258008
vt -0.703341 -0.047709
vt -1.797876 0.930297
vt -1.643734 0.505382
vt -1.902776 0.751194
vt -1.819987 0.540629
vt -1.900040 0.292035
vt -1.792622 0.166713
vt -1.588902 0.122275
vt -0.667356 1.013160
vt -0.699070 1.273233
vt -0.927816 1.424950
vt -1.556754 -0.074588
vt -1.237894 0.048835
vt -1.417648 -0.196453
vt -0.406304 0.746708
vt -0.657984 0.634562
vt -0.507060 0.908466
vt -1.235987 0.796289
vt 0.946301 0.835756
vt 0.943572 0.832664
vt 0.951511 0.832348
vt 1.036390 0.948605
vt 1.018129 0.947540
vt 1.031264 0.947079
vt 1.061842 1.004735
vt 1.047259 0.947583
vt 1.061739 0.947541
vt 1.062213 1.445421
vt 1.047983 1.004828
vt 1.075954 0.947477
vt 1.075688 1.004618
vt 1.074569 1.455116
vt 1.047344 0.890192
vt 1.061026 0.832710
vt 1.061573 0.890249
vt 1.075177 0.832783
vt 1.057580 -0.767386
vt 1.075874 0.890610
vt 1.134796 1.004806
vt 1.148816 0.947535
vt 1.148921 1.004874
vt 1.147361 1.450754
vt 1.163002 0.947501
vt 1.163058 1.447941
vt 1.134454 0.890133
vt 1.149113 0.832581
vt 1.148388 0.890081
vt 1.162845 0.890066
vt 1.144149 -0.767543
vt 1.163032 0.832547
vt 1.134658 0.947440
vt 1.118390 1.004730
vt 1.105634 1.445565
vt 1.105322 1.004723
vt 1.105287 0.947415
vt 1.123879 0.948525
vt 1.091997 1.004712
vt 1.091981 0.947410
vt 1.089556 1.449565
vt 1.091543 0.832636
vt 1.104991 0.890215
vt 1.091849 0.890281
vt 1.118490 0.832566
vt 1.118342 0.890158
vt 1.100483 -0.767460
vt 1.105057 0.832696
vt 1.119033 -0.767491
vt 1.118734 0.946997
vt 1.031734 1.005020
vt 1.020422 1.437504
vt 1.018255 1.004961
vt 1.004832 1.005079
vt 1.004820 0.947623
vt 1.009042 1.449827
vt 1.017426 0.832827
vt 1.004513 0.890265
vt 1.004198 0.832732
vt 1.017863 0.890339
vt 1.030762 0.832813
vt 1.031228 0.890281
vt 1.013916 -0.767317
vt 1.032464 -0.767341
vt 0.960350 0.947897
vt 0.974270 1.005244
vt 0.960348 1.005302
vt 0.966121 1.444491
vt 0.982800 1.454856
vt 0.974796 0.947895
vt 0.988385 1.005058
vt 0.973744 0.832948
vt 0.960133 0.890376
vt 0.959713 0.832846
vt 0.987904 0.832931
vt 0.974286 0.890437
vt 0.971014 -0.767259
vt 0.988443 0.890365
vt 1.191386 0.947437
vt 1.179203 1.004996
vt 1.179134 0.947448
vt 1.190714 1.444798
vt 1.174246 1.443699
vt 0.856459 0.948226
vt 0.844573 1.006032
vt 0.844142 0.948406
vt 1.179425 0.831888
vt 1.191308 0.890170
vt 1.179099 0.890080
vt 0.844177 0.832763
vt 0.856204 0.890435
vt 0.843831 0.890571
vt 1.186063 -0.767631
vt 1.191720 0.832516
vt 0.843203 -0.767138
vt 0.856519 0.832416
vt 0.930437 0.833100
vt 0.943984 0.890404
vt 0.930348 0.890440
vt 0.927352 -0.767208
vt 0.916938 0.890483
vt 0.944108 0.947874
vt 0.931073 1.005318
vt 0.930661 0.948014
vt 0.917599 1.005545
vt 0.920373 1.450643
vt 0.917307 0.947982
vt 0.944191 1.005431
vt 0.952765 1.448405
vt 0.934514 1.453363
vt 0.952146 1.005302
vt 0.945899 -0.767224
vt 0.951943 0.890388
vt 0.951984 0.948048
vt 0.909059 0.890546
vt 0.917263 0.832952
vt 0.903688 -0.767181
vt 0.909351 0.948162
vt 0.910515 1.446971
vt 0.909635 1.005590
vt 0.900862 0.890535
vt 0.909372 0.832915
vt 0.901161 0.947991
vt 0.901347 1.005627
vt 0.886667 0.890556
vt 0.900947 0.833042
vt 0.884452 -0.767169
vt 0.887433 1.005640
vt 0.893550 1.452713
vt 0.886902 0.948141
vt 0.996892 1.450160
vt 0.996918 0.947697
vt 0.988772 0.947730
vt 0.996320 0.832737
vt 0.990251 -0.767280
vt 0.996629 0.890342
vt 0.996726 1.005067
vt 1.039127 0.890209
vt 1.047034 0.832616
vt 1.039752 1.004941
vt 1.043283 1.437248
vt 1.038859 0.832614
vt 1.084122 0.947465
vt 1.076818 -0.767415
vt 1.083534 0.832626
vt 1.081153 0.888986
vt 1.083905 1.004878
vt 1.126263 0.890106
vt 1.134818 0.832448
vt 1.126397 1.004781
vt 1.132688 1.449022
vt 1.126599 0.832395
vt 1.122764 1.453102
vt 1.171211 0.947504
vt 1.162919 1.005064
vt 1.171215 0.890126
vt 1.163387 -0.767577
vt 1.172079 0.832844
vt 1.171108 1.004994
vt 0.850061 1.441942
vt 0.856937 1.006025
vt 0.862901 1.456366
vt 0.864420 0.948122
vt 0.859338 -0.767146
vt 0.861538 0.834085
vt 0.864233 0.890447
vt 0.873207 1.005659
vt 0.864858 1.005779
vt 0.875551 1.446729
vt 0.872733 0.832733
vt 0.872464 0.890460
vt 0.872712 0.948116
vt 0.886783 0.832942
vt 1.033622 1.440695
vt 1.191549 1.004966
s 1
usemtl MarbleBase
f 2178/3631/2986 2273/3632/2987 2272/3633/2988
f 2215/3634/2989 2160/3635/2989 2219/3636/2989
f 2146/3637/2990 2211/3638/2991 2148/3639/2992
f 2146/3637/2990 2124/3640/2993 2209/3641/2994
f 2222/3642/2995 2146/3637/2996 2148/3639/2997
f 2124/3640/2998 2220/3643/2999 2129/3644/3000
f 2210/3645/3001 2147/3646/3002 2149/3647/3003
f 2221/3648/3004 2149/3647/3005 2147/3646/3006
f 2098/3649/3007 2221/3648/3004 2147/3646/3006
f 2211/3638/2991 2149/3647/3003 2148/3639/2992
f 2223/3650/3008 2148/3639/2997 2149/3647/3009
f 2233/3651/3010 2152/3652/3011 2150/3653/3012
f 2137/3654/3013 2233/3651/3010 2150/3653/3012
f 2246/3655/3014 2150/3653/3015 2152/3652/3016
f 2150/3653/3015 2139/3656/3017 2137/3654/3018
f 2234/3657/3019 2151/3658/3020 2153/3659/3021
f 2151/3658/3022 2247/3660/3023 2153/3659/3024
f 2097/3661/3025 2245/3662/3026 2151/3658/3022
f 2235/3663/3027 2153/3659/3021 2152/3652/3011
f 2247/3660/3023 2152/3652/3016 2153/3659/3024
f 2241/3664/3028 2131/3665/3029 2154/3666/3030
f 2241/3664/3028 2156/3667/3031 2239/3668/3032
f 2156/3667/3033 2228/3669/3034 2230/3670/3035
f 2228/3669/3034 2131/3665/3036 2130/3671/3037
f 2229/3672/3038 2157/3673/3039 2231/3674/3040
f 2157/3673/3041 2240/3675/3042 2242/3676/3043
f 2111/3677/3044 2155/3678/3045 2229/3672/3038
f 2240/3675/3042 2111/3677/3046 2113/3679/3047
f 2156/3667/3048 2242/3676/3043 2243/3680/3049
f 2157/3673/3039 2230/3670/3035 2231/3674/3040
f 2217/3681/3050 2134/3682/2944 2158/3683/3051
f 2217/3681/3050 2160/3635/3052 2215/3634/3053
f 2160/3635/3054 2271/3684/3055 2206/3685/3056
f 2271/3684/3055 2134/3682/2969 2136/3686/2968
f 2159/3687/3057 2207/3688/3058 2205/3689/3059
f 2161/3690/3060 2216/3691/3061 2218/3692/3062
f 2096/3693/3063 2159/3687/3057 2205/3689/3059
f 2216/3691/3061 2096/3693/3064 2108/3694/3065
f 2160/3635/3066 2218/3692/3062 2219/3636/3067
f 2161/3690/3068 2206/3685/3056 2207/3688/3058
f 2183/3695/3069 2162/3696/3070 2181/3697/3071
f 2144/3698/3072 2162/3696/3070 2141/3699/3073
f 2164/3700/3074 2197/3701/3075 2162/3696/3070
f 2163/3702/3076 2184/3703/3077 2182/3704/3078
f 2198/3705/3079 2165/3706/3080 2163/3702/3081
f 2114/3707/3082 2163/3702/3076 2182/3704/3078
f 2114/3707/3083 2198/3705/3079 2163/3702/3081
f 2165/3706/3084 2183/3695/3069 2184/3703/3077
f 2200/3708/3085 2164/3700/3074 2165/3706/3080
f 2168/3709/3086 2252/3710/3087 2254/3711/3088
f 2252/3710/3087 2099/3712/3089 2140/3713/3090
f 2257/3714/3091 2166/3715/3092 2168/3716/3093
f 2253/3717/3094 2169/3718/3095 2255/3719/3096
f 2167/3720/3097 2258/3721/3098 2169/3722/3099
f 2094/3723/3100 2167/3724/3101 2253/3717/3094
f 2094/3725/3102 2145/3726/3103 2167/3720/3104
f 2169/3718/3095 2254/3711/3088 2255/3719/3096
f 2258/3721/3098 2168/3716/3093 2169/3722/3099
f 2170/3727/3105 2176/3728/3106 2172/3729/3107
f 2095/3730/3108 2273/3632/2987 2170/3727/3105
f 2186/3731/3109 2170/3727/3110 2172/3729/3111
f 2175/3732/3112 2171/3733/3113 2173/3734/3114
f 2187/3735/3115 2173/3734/3116 2171/3733/3117
f 2171/3733/3117 2120/3736/3118 2187/3735/3115
f 2176/3728/3106 2173/3734/3114 2172/3729/3107
f 2188/3737/3119 2172/3729/3111 2173/3734/3116
f 2174/3738/3120 2143/3739/3121 2100/3740/3122
f 2175/3732/3112 2177/3741/3123 2174/3738/3120
f 2117/3742/3124 2272/3633/2988 2273/3632/2987
f 2180/3743/3125 2175/3732/3112 2176/3728/3106
f 2179/3744/3126 2181/3697/3071 2177/3741/3123
f 2177/3741/3123 2144/3698/3072 2143/3739/3121
f 2182/3704/3078 2180/3743/3125 2178/3631/2986
f 2117/3742/3124 2182/3704/3078 2272/3633/2988
f 2184/3703/3077 2179/3744/3126 2180/3743/3125
f 2191/3745/3127 2185/3746/3128 2186/3731/3109
f 2185/3746/3128 2107/3747/3129 2095/3730/3130
f 2187/3735/3115 2192/3748/3131 2188/3737/3119
f 2187/3735/3115 2119/3749/3132 2190/3750/3133
f 2192/3748/3131 2186/3731/3109 2188/3737/3119
f 2195/3751/3134 2189/3752/3135 2191/3745/3127
f 2190/3750/3133 2196/3753/3136 2192/3748/3131
f 2119/3749/3132 2194/3754/3137 2190/3750/3133
f 2196/3753/3136 2191/3745/3127 2192/3748/3131
f 2269/3755/3138 2193/3756/3139 2195/3751/3134
f 2193/3756/3139 2109/3757/3140 2107/3747/3129
f 2268/3758/3141 2196/3753/3136 2194/3754/3137
f 2194/3754/3137 2125/3759/3142 2268/3758/3141
f 2270/3760/3143 2195/3751/3134 2196/3753/3136
f 2197/3701/3075 2135/3761/3144 2141/3699/3073
f 2203/3762/3145 2197/3701/3075 2199/3763/3146
f 2202/3764/3147 2200/3708/3085 2198/3705/3079
f 2115/3765/3148 2202/3764/3147 2198/3705/3079
f 2204/3766/3149 2199/3763/3146 2200/3708/3085
f 2206/3685/3056 2201/3767/3150 2203/3762/3145
f 2201/3767/3150 2136/3686/2968 2135/3761/3144
f 2205/3689/3059 2204/3766/3149 2202/3764/3147
f 2115/3765/3148 2205/3689/3059 2202/3764/3147
f 2207/3688/3058 2203/3762/3145 2204/3766/3149
f 2214/3768/3151 2208/3769/3152 2210/3645/3001
f 2208/3769/3152 2108/3694/3065 2098/3649/3153
f 2213/3770/3154 2211/3638/2991 2209/3641/2994
f 2209/3641/2994 2123/3771/3155 2213/3770/3154
f 2215/3634/3053 2210/3645/3001 2211/3638/2991
f 2218/3692/3062 2212/3772/3156 2214/3768/3151
f 2217/3681/3050 2215/3634/3053 2213/3770/3154
f 2123/3771/3155 2217/3681/3050 2213/3770/3154
f 2219/3636/3067 2214/3768/3151 2215/3634/3053
f 2226/3773/3157 2220/3643/2999 2222/3642/2995
f 2220/3643/2999 2130/3671/3037 2129/3644/3000
f 2112/3774/3158 2225/3775/3159 2221/3648/3004
f 2227/3776/3160 2222/3642/2995 2223/3650/3008
f 2230/3670/3035 2224/3777/3161 2226/3773/3157
f 2225/3775/3159 2231/3674/3040 2227/3776/3160
f 2112/3774/3158 2229/3672/3038 2225/3775/3159
f 2231/3674/3040 2226/3773/3157 2227/3776/3160
f 2238/3778/3162 2232/3779/3163 2234/3657/3019
f 2232/3779/3163 2113/3679/3047 2097/3661/3164
f 2237/3780/3165 2235/3663/3027 2233/3651/3010
f 2133/3781/3166 2237/3780/3165 2233/3651/3010
f 2239/3668/3032 2234/3657/3019 2235/3663/3027
f 2242/3676/3043 2236/3782/3167 2238/3778/3162
f 2241/3664/3028 2239/3668/3032 2237/3780/3165
f 2237/3780/3165 2132/3783/3168 2241/3664/3028
f 2243/3680/3049 2238/3778/3162 2239/3668/3032
f 2249/3784/3169 2244/3785/3170 2246/3655/3014
f 2244/3785/3170 2140/3713/3090 2139/3656/3017
f 2245/3662/3026 2250/3786/3171 2247/3660/3023
f 2116/3787/3172 2251/3788/3173 2245/3662/3026
f 2250/3786/3171 2246/3655/3014 2247/3660/3023
f 2254/3711/3088 2248/3789/3174 2249/3784/3169
f 2116/3787/3172 2253/3717/3094 2251/3788/3173
f 2255/3719/3096 2249/3784/3169 2250/3786/3171
f 2253/3717/3094 2255/3719/3096 2251/3788/3173
f 2099/3790/3175 2256/3791/3176 2126/3792/3177
f 2261/3793/3178 2256/3791/3176 2257/3714/3091
f 2110/3794/3179 2260/3795/3180 2145/3726/3103
f 2262/3796/3181 2257/3714/3091 2258/3721/3098
f 2261/3793/3178 2263/3797/3182 2259/3798/3183
f 2259/3798/3183 2127/3799/3184 2126/3792/3177
f 2264/3800/3185 2262/3796/3181 2260/3795/3180
f 2110/3794/3179 2264/3800/3185 2260/3795/3180
f 2266/3801/3186 2261/3793/3178 2262/3796/3181
f 2270/3760/3187 2263/3797/3182 2265/3802/3188
f 2127/3799/3184 2268/3758/3189 2125/3759/3190
f 2267/3803/3191 2266/3801/3186 2264/3800/3185
f 2109/3757/3192 2267/3803/3191 2264/3800/3185
f 2269/3755/3193 2265/3802/3188 2266/3801/3186
f 2178/3631/2986 2170/3727/3105 2273/3632/2987
f 2239/3668/3194 2156/3667/3194 2243/3680/3194
f 2260/3795/3195 2167/3720/3195 2145/3726/3195
f 2178/3631/2986 2272/3633/2988 2182/3704/3078
f 2227/3776/3197 2223/3650/3197 2149/3647/3197
f 2146/3637/2990 2209/3641/2994 2211/3638/2991
f 2222/3642/2995 2220/3643/2999 2146/3637/2996
f 2124/3640/2998 2146/3637/2996 2220/3643/2999
f 2210/3645/3001 2208/3769/3152 2147/3646/3002
f 2221/3648/3004 2227/3776/3160 2149/3647/3005
f 2147/3646/3002 2208/3769/3152 2098/3649/3153
f 2098/3649/3007 2112/3774/3158 2221/3648/3004
f 2211/3638/2991 2210/3645/3001 2149/3647/3003
f 2223/3650/3008 2222/3642/2995 2148/3639/2997
f 2233/3651/3010 2235/3663/3027 2152/3652/3011
f 2137/3654/3013 2133/3781/3166 2233/3651/3010
f 2246/3655/3014 2244/3785/3170 2150/3653/3015
f 2150/3653/3015 2244/3785/3170 2139/3656/3017
f 2234/3657/3019 2232/3779/3163 2151/3658/3020
f 2151/3658/3022 2245/3662/3026 2247/3660/3023
f 2151/3658/3020 2232/3779/3163 2097/3661/3164
f 2097/3661/3025 2116/3787/3172 2245/3662/3026
f 2235/3663/3027 2234/3657/3019 2153/3659/3021
f 2247/3660/3023 2246/3655/3014 2152/3652/3016
f 2241/3664/3028 2132/3783/3168 2131/3665/3029
f 2241/3664/3028 2154/3666/3030 2156/3667/3031
f 2156/3667/3033 2154/3666/3198 2228/3669/3034
f 2228/3669/3034 2154/3666/3198 2131/3665/3036
f 2229/3672/3038 2155/3678/3045 2157/3673/3039
f 2157/3673/3041 2155/3678/3199 2240/3675/3042
f 2240/3675/3042 2155/3678/3199 2111/3677/3046
f 2156/3667/3048 2157/3673/3041 2242/3676/3043
f 2157/3673/3039 2156/3667/3033 2230/3670/3035
f 2217/3681/3050 2122/3804/2945 2134/3682/2944
f 2217/3681/3050 2158/3683/3051 2160/3635/3052
f 2160/3635/3054 2158/3683/3200 2271/3684/3055
f 2271/3684/3055 2158/3683/3200 2134/3682/2969
f 2159/3687/3057 2161/3690/3068 2207/3688/3058
f 2161/3690/3060 2159/3687/3201 2216/3691/3061
f 2216/3691/3061 2159/3687/3201 2096/3693/3064
f 2160/3635/3066 2161/3690/3060 2218/3692/3062
f 2161/3690/3068 2160/3635/3054 2206/3685/3056
f 2183/3695/3069 2164/3700/3202 2162/3696/3070
f 2144/3698/3072 2181/3697/3071 2162/3696/3070
f 2164/3700/3074 2199/3763/3146 2197/3701/3075
f 2141/3699/3073 2162/3696/3070 2197/3701/3075
f 2163/3702/3076 2165/3706/3084 2184/3703/3077
f 2198/3705/3079 2200/3708/3085 2165/3706/3080
f 2114/3707/3083 2115/3765/3148 2198/3705/3079
f 2165/3706/3084 2164/3700/3202 2183/3695/3069
f 2200/3708/3085 2199/3763/3146 2164/3700/3074
f 2168/3709/3086 2166/3805/3203 2252/3710/3087
f 2252/3710/3087 2166/3805/3203 2099/3712/3089
f 2257/3714/3091 2256/3791/3176 2166/3715/3092
f 2166/3715/3092 2256/3791/3176 2099/3790/3175
f 2253/3717/3094 2167/3724/3101 2169/3718/3095
f 2167/3720/3097 2260/3795/3180 2258/3721/3098
f 2094/3725/3102 2110/3794/3179 2145/3726/3103
f 2169/3718/3095 2168/3709/3086 2254/3711/3088
f 2258/3721/3098 2257/3714/3091 2168/3716/3093
f 2170/3727/3105 2178/3631/2986 2176/3728/3106
f 2095/3730/3108 2117/3742/3124 2273/3632/2987
f 2186/3731/3109 2185/3746/3128 2170/3727/3110
f 2170/3727/3110 2185/3746/3128 2095/3730/3130
f 2175/3732/3112 2174/3738/3120 2171/3733/3113
f 2187/3735/3115 2188/3737/3119 2173/3734/3116
f 2171/3733/3113 2174/3738/3120 2100/3740/3122
f 2171/3733/3117 2100/3740/3204 2120/3736/3118
f 2176/3728/3106 2175/3732/3112 2173/3734/3114
f 2188/3737/3119 2186/3731/3109 2172/3729/3111
f 2175/3732/3112 2179/3744/3126 2177/3741/3123
f 2143/3739/3121 2174/3738/3120 2177/3741/3123
f 2178/3631/2986 2180/3743/3125 2176/3728/3106
f 2180/3743/3125 2179/3744/3126 2175/3732/3112
f 2179/3744/3126 2183/3695/3069 2181/3697/3071
f 2177/3741/3123 2181/3697/3071 2144/3698/3072
f 2182/3704/3078 2184/3703/3077 2180/3743/3125
f 2117/3742/3124 2114/3707/3082 2182/3704/3078
f 2184/3703/3077 2183/3695/3069 2179/3744/3126
f 2191/3745/3127 2189/3752/3135 2185/3746/3128
f 2185/3746/3128 2189/3752/3135 2107/3747/3129
f 2187/3735/3115 2190/3750/3133 2192/3748/3131
f 2187/3735/3115 2120/3736/3118 2119/3749/3132
f 2192/3748/3131 2191/3745/3127 2186/3731/3109
f 2195/3751/3134 2193/3756/3139 2189/3752/3135
f 2189/3752/3135 2193/3756/3139 2107/3747/3129
f 2190/3750/3133 2194/3754/3137 2196/3753/3136
f 2196/3753/3136 2195/3751/3134 2191/3745/3127
f 2119/3749/3132 2125/3759/3142 2194/3754/3137
f 2269/3755/3138 2267/3803/3205 2193/3756/3139
f 2193/3756/3139 2267/3803/3205 2109/3757/3140
f 2268/3758/3141 2270/3760/3143 2196/3753/3136
f 2270/3760/3143 2269/3755/3138 2195/3751/3134
f 2203/3762/3145 2201/3767/3150 2197/3701/3075
f 2135/3761/3144 2197/3701/3075 2201/3767/3150
f 2202/3764/3147 2204/3766/3149 2200/3708/3085
f 2204/3766/3149 2203/3762/3145 2199/3763/3146
f 2206/3685/3056 2271/3684/3055 2201/3767/3150
f 2201/3767/3150 2271/3684/3055 2136/3686/2968
f 2205/3689/3059 2207/3688/3058 2204/3766/3149
f 2115/3765/3148 2096/3693/3063 2205/3689/3059
f 2207/3688/3058 2206/3685/3056 2203/3762/3145
f 2209/3641/2994 2124/3640/2993 2123/3771/3155
f 2214/3768/3151 2212/3772/3156 2208/3769/3152
f 2208/3769/3152 2212/3772/3156 2108/3694/3065
f 2213/3770/3154 2215/3634/3053 2211/3638/2991
f 2215/3634/3053 2214/3768/3151 2210/3645/3001
f 2218/3692/3062 2216/3691/3061 2212/3772/3156
f 2212/3772/3156 2216/3691/3061 2108/3694/3065
f 2123/3771/3155 2122/3804/2945 2217/3681/3050
f 2219/3636/3067 2218/3692/3062 2214/3768/3151
f 2226/3773/3157 2224/3777/3161 2220/3643/2999
f 2220/3643/2999 2224/3777/3161 2130/3671/3037
f 2221/3648/3004 2225/3775/3159 2227/3776/3160
f 2227/3776/3160 2226/3773/3157 2222/3642/2995
f 2230/3670/3035 2228/3669/3034 2224/3777/3161
f 2224/3777/3161 2228/3669/3034 2130/3671/3037
f 2225/3775/3159 2229/3672/3038 2231/3674/3040
f 2112/3774/3158 2111/3677/3044 2229/3672/3038
f 2231/3674/3040 2230/3670/3035 2226/3773/3157
f 2238/3778/3162 2236/3782/3167 2232/3779/3163
f 2232/3779/3163 2236/3782/3167 2113/3679/3047
f 2237/3780/3165 2239/3668/3032 2235/3663/3027
f 2133/3781/3166 2132/3783/3168 2237/3780/3165
f 2239/3668/3032 2238/3778/3162 2234/3657/3019
f 2242/3676/3043 2240/3675/3042 2236/3782/3167
f 2236/3782/3167 2240/3675/3042 2113/3679/3047
f 2243/3680/3049 2242/3676/3043 2238/3778/3162
f 2249/3784/3169 2248/3789/3174 2244/3785/3170
f 2244/3785/3170 2248/3789/3174 2140/3713/3090
f 2245/3662/3026 2251/3788/3173 2250/3786/3171
f 2250/3786/3171 2249/3784/3169 2246/3655/3014
f 2254/3711/3088 2252/3710/3087 2248/3789/3174
f 2140/3713/3090 2248/3789/3174 2252/3710/3087
f 2251/3788/3173 2255/3719/3096 2250/3786/3171
f 2116/3787/3172 2094/3723/3100 2253/3717/3094
f 2255/3719/3096 2254/3711/3088 2249/3784/3169
f 2261/3793/3178 2259/3798/3183 2256/3791/3176
f 2256/3791/3176 2259/3798/3183 2126/3792/3177
f 2260/3795/3180 2262/3796/3181 2258/3721/3098
f 2262/3796/3181 2261/3793/3178 2257/3714/3091
f 2261/3793/3178 2265/3802/3188 2263/3797/3182
f 2259/3798/3183 2263/3797/3182 2127/3799/3184
f 2264/3800/3185 2266/3801/3186 2262/3796/3181
f 2110/3794/3179 2109/3757/3192 2264/3800/3185
f 2266/3801/3186 2265/3802/3188 2261/3793/3178
f 2270/3760/3187 2268/3758/3189 2263/3797/3182
f 2127/3799/3184 2263/3797/3182 2268/3758/3189
f 2267/3803/3191 2269/3755/3193 2266/3801/3186
f 2269/3755/3193 2270/3760/3187 2265/3802/3188
usemtl MarbleCracking
f 2106/3596/2934 2101/3597/2935 2102/3598/2936
f 2105/3599/2937 2101/3597/2935 2104/3600/2938
f 2125/3601/2939 2119/3602/2940 2118/3603/2941
f 2119/3602/2940 2120/3604/2942 2118/3603/2941
f 2120/3604/2942 2100/3605/2943 2118/3603/2941
f 2134/3606/2944 2122/3607/2945 2121/3608/2946
f 2122/3607/2947 2123/3609/2948 2121/3608/2949
f 2123/3609/2948 2124/3610/2950 2121/3608/2949
f 2099/3611/2951 2126/3612/2951 2106/3596/2951
f 2126/3612/2952 2127/3613/2952 2106/3596/2952
f 2127/3613/2953 2125/3601/2954 2106/3596/2934
f 2124/3610/2955 2129/3614/2955 2128/3615/2955
f 2129/3614/2956 2130/3616/2957 2128/3615/2958
f 2130/3616/2957 2131/3617/2959 2128/3615/2958
f 2131/3617/2960 2132/3618/2961 2128/3615/2962
f 2132/3618/2961 2133/3619/2963 2128/3615/2962
f 2133/3619/2963 2137/3620/2964 2128/3615/2962
f 2141/3621/2965 2135/3622/2966 2121/3608/2949
f 2135/3622/2966 2136/3623/2967 2121/3608/2949
f 2136/3623/2968 2134/3606/2969 2121/3608/2970
f 2137/3620/2964 2139/3624/2971 2138/3625/2972
f 2139/3624/2971 2140/3626/2973 2138/3625/2972
f 2140/3626/2973 2099/3611/2974 2138/3625/2972
f 2100/3605/2975 2143/3627/2976 2142/3628/2977
f 2143/3627/2976 2144/3629/2978 2142/3628/2977
f 2144/3629/2979 2141/3621/2965 2142/3628/2980
f 2118/3603/2981 2142/3628/2977 2105/3599/2982
f 2118/3603/2983 2104/3600/2938 2125/3601/2954
f 2103/3630/2984 2121/3608/2949 2124/3610/2950
f 2106/3596/2985 2138/3625/2972 2099/3611/2974
f 2103/3630/2984 2128/3615/2962 2102/3598/2936
f 2102/3598/2936 2128/3615/2962 2137/3620/2964
f 2105/3599/2937 2121/3608/2949 2103/3630/2984
f 2138/3625/2972 2102/3598/2936 2137/3620/2964
f 2106/3596/2934 2104/3600/2938 2101/3597/2935
f 2101/3597/2935 2105/3599/2937 2103/3630/2984
f 2101/3597/2935 2103/3630/2984 2102/3598/2936
f 2118/3603/2981 2100/3605/2975 2142/3628/2977
f 2118/3603/2983 2105/3599/3196 2104/3600/2938
f 2106/3596/2934 2125/3601/2954 2104/3600/2938
f 2103/3630/2984 2124/3610/2950 2128/3615/2962
f 2105/3599/2937 2141/3621/2965 2121/3608/2949
f 2138/3625/2972 2106/3596/2985 2102/3598/2936
f 2142/3628/2980 2141/3621/2965 2105/3599/2937
o ColumnBase.007
v 2.682985 0.441227 -5.214365
v 2.596109 0.581731 -5.183684
v 2.448201 0.454425 -4.669414
v 2.160120 0.441376 -5.457703
v 2.191759 0.581250 -5.371127
v 1.917600 0.441068 -4.934827
v 2.003288 0.581531 -4.966141
vn 0.3814 0.4214 -0.8227
vn 0.3832 0.4180 -0.8237
vn 0.3836 0.4171 -0.8240
vn 0.0537 0.9877 0.1471
vn 0.0536 0.9877 0.1469
vn -0.0007 1.0000 -0.0010
vn -0.4124 0.4306 0.8028
vn -0.8239 0.4184 -0.3822
vn -0.8223 0.4214 -0.3825
vn -0.8243 0.4177 -0.3821
vn 0.8297 0.4373 0.3469
vn 0.3807 0.4229 -0.8223
vn 0.0971 0.9592 0.2654
vn -0.8216 0.4227 -0.3826
vt 0.602855 0.377514
vt 0.418956 0.436333
vt 0.365562 0.384578
vt 0.549927 0.563567
vt 0.550406 0.432089
vt 0.365031 0.623183
vt 0.602855 0.615471
s 1
usemtl MarbleBase
f 2277/3806/3206 2275/3807/3207 2274/3808/3208
f 2280/3809/3209 2275/3807/3210 2278/3810/3211
f 2276/3811/3212 2280/3809/3212 2279/3812/3212
f 2280/3809/3213 2277/3806/3214 2279/3812/3215
f 2274/3808/3216 2275/3807/3216 2276/3811/3216
f 2277/3806/3206 2278/3810/3217 2275/3807/3207
f 2280/3809/3209 2276/3811/3218 2275/3807/3210
f 2280/3809/3213 2278/3810/3219 2277/3806/3214
o Column.004
v 2.479628 0.561071 -4.992896
v 2.381846 0.561071 -5.254123
v 2.120618 0.561071 -5.156340
v 2.368166 0.561071 -4.896902
v 2.122405 0.561071 -5.006575
v 2.485221 10.530997 -5.010755
v 2.373387 10.574048 -5.248883
v 2.288084 10.617927 -5.007286
v 2.203336 10.599231 -5.035613
v 2.274927 10.627068 -5.080801
v 2.396909 10.586043 -5.113625
v 2.317536 10.567585 -5.152871
v 2.428761 10.550195 -5.037602
v 2.474205 0.561071 -5.220043
v 2.072817 0.561071 -5.098819
v 2.477841 0.561071 -5.142661
v 2.527429 0.561071 -5.050418
v 2.218401 0.561071 -4.895114
v 2.126040 0.561071 -4.929194
v 2.275924 0.561071 -4.847311
v 2.232082 0.561071 -5.252337
v 2.154697 0.561071 -5.248701
v 2.445547 0.561071 -4.900536
v 2.324324 0.561071 -5.301925
v 2.368482 10.601007 -5.192792
v 2.468343 10.539307 -5.228552
v 2.428441 10.562283 -5.253318
v 2.183518 10.572196 -5.129471
v 2.082844 10.565346 -5.111807
v 2.073328 10.534233 -5.065257
v 2.127576 10.552828 -5.010219
v 2.470108 10.571062 -5.150455
v 2.525317 10.590887 -5.050163
v 2.516110 10.541521 -5.105140
v 2.254922 10.559954 -4.945720
v 2.123385 10.590076 -4.958344
v 2.153772 10.560973 -4.899499
v 2.227080 10.542412 -4.902956
v 2.279582 10.580503 -4.847381
v 2.326350 10.560673 -4.856483
v 2.128460 10.526102 -5.147661
v 2.150811 10.561312 -5.242656
v 2.121848 10.563326 -5.197420
v 2.367399 10.561584 -4.907688
v 2.418296 10.579599 -5.006259
v 2.429899 10.528710 -4.897982
v 2.475448 10.507644 -4.927707
v 2.213720 10.583109 -5.245009
v 2.337872 10.546958 -5.205818
v 2.319168 10.559155 -5.300585
v 2.261401 10.536750 -5.283975
v 2.484537 7.558486 -4.943006
v 2.523624 7.558500 -5.033863
v 2.533803 7.557611 -5.072680
v 2.128210 8.294039 -5.005335
v 2.127860 7.559788 -5.006055
v 2.128092 8.049291 -5.004813
v 2.128211 7.804541 -5.005335
v 2.369646 8.294039 -4.903070
v 2.368687 7.559788 -4.902355
v 2.369929 8.049291 -4.902587
v 2.369406 7.804541 -4.902706
v 2.224672 8.294039 -4.897296
v 2.224360 7.559788 -4.897775
v 2.225377 8.049290 -4.897969
v 2.224668 7.804541 -4.898271
v 2.122801 8.294039 -5.150070
v 2.123668 7.559788 -5.150634
v 2.123474 8.049290 -5.149364
v 2.123387 7.804541 -5.149820
v 2.231560 8.294039 -5.246883
v 2.231560 7.559788 -5.246883
v 2.230078 8.049291 -5.246286
v 2.230840 7.804541 -5.246532
v 2.476773 8.294039 -4.999872
v 2.476471 7.559788 -4.999164
v 2.476860 8.049290 -4.999416
v 2.476967 7.804541 -4.998856
v 2.375579 7.559788 -5.250967
v 2.375123 8.294039 -5.250879
v 2.375886 7.804541 -5.251463
v 2.375014 8.049290 -5.251834
v 2.342122 8.294038 -5.296444
v 2.341963 8.049290 -5.296520
v 2.341824 7.804541 -5.296586
v 2.304008 8.294038 -5.307979
v 2.319907 7.562785 -5.308122
v 2.305216 8.049290 -5.307702
v 2.304008 7.804541 -5.307979
v 2.265697 8.294039 -5.294026
v 2.265320 7.559788 -5.293616
v 2.266440 8.049290 -5.294679
v 2.265859 7.804541 -5.294112
v 2.430329 7.559788 -5.258690
v 2.431002 7.804541 -5.258633
v 2.430329 8.294038 -5.258690
v 2.431747 8.049290 -5.258595
v 2.463798 7.559789 -5.241333
v 2.466144 8.294038 -5.239801
v 2.465576 7.804541 -5.239231
v 2.466162 8.049290 -5.238104
v 2.482042 7.559788 -5.202940
v 2.482054 8.294039 -5.201396
v 2.482037 7.804541 -5.202127
v 2.482037 8.049290 -5.202127
v 2.172457 8.294039 -5.256488
v 2.171801 7.559788 -5.256537
v 2.172790 8.049290 -5.256583
v 2.172613 7.804541 -5.256532
v 2.136637 8.294038 -5.240658
v 2.133408 7.559789 -5.238295
v 2.135510 8.049290 -5.240072
v 2.135510 7.804541 -5.240072
v 2.116051 7.559788 -5.204824
v 2.116108 8.049290 -5.205496
v 2.116108 7.804541 -5.205497
v 2.081127 7.559788 -5.039814
v 2.080630 8.294039 -5.040355
v 2.080630 7.804541 -5.040354
v 2.080064 8.049290 -5.040934
v 2.066772 7.559789 -5.075764
v 2.066308 8.294038 -5.080045
v 2.066762 7.804541 -5.078505
v 2.067039 8.049290 -5.079712
v 2.077715 7.559788 -5.115917
v 2.078527 8.294038 -5.116659
v 2.078225 7.804541 -5.116461
v 2.078300 8.049290 -5.116621
v 2.118247 8.294039 -4.947658
v 2.118204 7.559788 -4.946297
v 2.118209 8.049290 -4.947109
v 2.118209 7.804541 -4.947109
v 2.132776 8.294038 -4.911988
v 2.135707 7.559789 -4.909328
v 2.134670 8.049290 -4.910006
v 2.135410 7.804541 -4.908581
v 2.168501 8.294038 -4.890643
v 2.169246 7.559788 -4.890604
v 2.169247 8.049290 -4.890604
v 2.169920 7.804541 -4.890547
v 2.334927 7.559788 -4.855623
v 2.333941 8.294039 -4.854633
v 2.334387 7.804541 -4.855126
v 2.334244 8.049290 -4.855051
v 2.298979 7.559789 -4.841268
v 2.295030 8.294038 -4.841536
v 2.296238 7.804541 -4.841259
v 2.279935 8.052131 -4.840776
v 2.258827 7.559788 -4.852209
v 2.258422 8.294038 -4.852652
v 2.258282 7.804541 -4.852719
v 2.258503 8.047988 -4.851912
v 2.426902 8.294039 -4.892688
v 2.427791 7.559788 -4.892750
v 2.427636 8.049290 -4.892705
v 2.428299 7.804541 -4.892660
v 2.463881 8.294038 -4.907858
v 2.464736 8.049290 -4.909166
v 2.466838 7.804541 -4.910944
v 2.484138 8.294038 -4.943741
v 2.476820 7.562628 -4.920126
v 2.484138 8.049290 -4.943741
v 2.484128 7.804541 -4.944244
v 2.521578 8.294038 -5.032270
v 2.522022 8.049290 -5.032777
v 2.522088 7.804541 -5.032916
v 2.533660 8.294038 -5.067986
v 2.524919 7.571784 -5.046707
v 2.533484 8.049290 -5.070733
v 2.533484 7.804541 -5.070733
v 2.520111 8.294039 -5.108434
v 2.519121 7.559788 -5.109421
v 2.519617 8.049290 -5.108881
v 2.519617 7.804541 -5.108881
v 2.472387 7.559788 -5.143183
v 2.471672 8.294039 -5.144142
v 2.472036 7.804541 -5.143902
v 2.472036 8.049291 -5.143902
v 2.116147 8.294038 -5.206242
v 2.340878 7.558500 -5.298121
vn 0.4125 0.8953 -0.1684
vn -0.0198 0.9757 -0.2180
vn 0.0023 0.9539 0.3000
vn 0.1256 0.9089 -0.3976
vn 0.1083 0.7972 -0.5939
vn 0.3418 0.9388 0.0431
vn 0.4525 0.8629 -0.2251
vn 0.1090 0.9936 -0.0293
vn 0.4322 0.8906 -0.1417
vn 0.1578 0.8953 -0.4165
vn -0.4603 0.2445 -0.8534
vn -0.7137 0.1832 -0.6761
vn -0.1809 0.5404 -0.8217
vn 0.0422 0.8267 0.5611
vn -0.1931 0.9533 0.2322
vn -0.2305 0.9691 -0.0874
vn -0.4011 0.9072 0.1266
vn -0.1585 0.6146 0.7728
vn -0.3789 0.7192 -0.5824
vn 0.3073 0.9092 0.2807
vn 0.2360 0.7983 -0.5541
vn 0.1749 0.9154 0.3625
vn 0.1883 0.9004 0.3923
vn 0.2079 0.8758 0.4356
vn 0.2350 0.8359 0.4959
vn -0.5657 0.8240 -0.0303
vn 0.3304 0.9039 -0.2717
vn 0.1455 0.9815 -0.1244
vn -0.1856 0.8865 0.4239
vn 0.1578 0.9406 0.3007
vn 0.0447 0.9913 -0.1239
vn -0.2225 0.9745 -0.0294
vn -0.0553 0.9953 -0.0797
vn -0.9793 0.1864 -0.0790
vn -0.9193 0.2468 0.3066
vn -0.6448 0.5685 0.5110
vn 0.4816 0.8119 0.3300
vn 0.4136 0.8993 -0.1425
vn 0.5634 0.7712 0.2965
vn 0.5892 0.8038 0.0823
vn -0.6177 0.7863 -0.0147
vn -0.3497 0.9180 0.1872
vn -0.6554 0.7328 -0.1827
vn -0.3099 0.9333 0.1813
vn 0.3811 0.7924 -0.4764
vn 0.3535 0.8848 -0.3036
vn -0.7556 0.5230 -0.3945
vn -0.7117 0.5175 -0.4750
vn 0.2263 0.9443 0.2390
vn -0.4210 0.8893 0.1787
vn -0.5934 0.0007 0.8049
vn -0.8109 -0.0000 0.5852
vn -0.6011 -0.0000 0.7992
vn -0.7109 0.0054 0.7032
vn -0.8014 -0.0000 0.5981
vn -0.9923 0.0002 0.1239
vn -0.9854 -0.0004 -0.1701
vn -0.9856 -0.0000 -0.1688
vn -0.9966 0.0018 -0.0829
vn -0.9940 0.0005 0.1094
vn -0.9747 0.0032 0.2236
vn -0.8008 0.0001 0.5990
vn -0.5861 0.0003 0.8102
vn -0.5934 -0.0007 0.8049
vn -0.9901 0.0010 0.1406
vn -0.9857 -0.0001 -0.1685
vn -0.9872 0.0013 -0.1595
vn -0.9990 -0.0010 0.0458
vn -0.9922 -0.0007 0.1249
vn 0.8045 0.0012 0.5939
vn 0.5600 -0.0030 0.8285
vn 0.7997 0.0001 0.6003
vn 0.7806 0.0031 0.6250
vn 0.5891 0.0007 0.8080
vn 0.1240 -0.0001 0.9923
vn -0.1775 0.0012 0.9841
vn -0.1687 0.0008 0.9857
vn 0.1131 0.0017 0.9936
vn -0.1525 0.0019 0.9883
vn 0.5967 0.0041 0.8025
vn 0.8102 0.0003 0.5861
vn 0.8049 -0.0008 0.5933
vn 0.1711 -0.0023 0.9852
vn -0.1676 0.0001 0.9859
vn -0.1604 0.0013 0.9871
vn 0.0458 -0.0010 0.9990
vn 0.1370 -0.0000 0.9906
vn -0.5757 0.0035 0.8176
vn -0.7296 0.0051 0.6839
vn -0.7977 -0.0008 0.6030
vn -0.7341 -0.0265 0.6785
vn -0.1858 -0.0192 0.9824
vn 0.1292 -0.0007 0.9916
vn -0.2083 -0.0003 0.9781
vn -0.1896 0.0002 0.9819
vn 0.0491 0.0042 0.9988
vn -0.6048 0.0049 0.7964
vn -0.1890 0.0003 0.9820
vn 0.1383 -0.0000 0.9904
vn -0.1708 0.0001 0.9853
vn -0.8041 0.0007 0.5945
vn -0.5602 0.0011 0.8284
vn -0.5765 -0.0013 0.8171
vn -0.3440 -0.0030 0.9390
vn 0.1290 0.0011 0.9916
vn -0.6400 -0.0010 0.7683
vn -0.1005 -0.0024 0.9949
vn -0.8108 -0.0008 0.5853
vn -0.6371 -0.0163 0.7706
vn -0.8122 0.0003 -0.5834
vn -0.6024 -0.0008 -0.7982
vn -0.5885 -0.0001 -0.8085
vn -0.8140 0.0002 -0.5809
vn -0.9916 0.0001 0.1292
vn -0.9781 0.0008 -0.2082
vn -0.9818 0.0008 -0.1897
vn -0.9904 0.0003 0.1385
vn -0.9819 -0.0006 -0.1895
vn -0.9855 0.0007 -0.1695
vn -0.5948 0.0008 -0.8039
vn -0.8282 0.0010 -0.5604
vn -0.8175 -0.0005 -0.5759
vn -0.9390 -0.0030 -0.3440
vn -0.7683 -0.0010 -0.6401
vn -0.9949 -0.0024 -0.1005
vn -0.9916 -0.0008 0.1297
vn -0.5855 0.0004 -0.8106
vn -0.3821 -0.0002 -0.9241
vn -0.6020 0.0004 -0.7985
vn -0.4809 -0.0000 -0.8768
vn -0.3058 0.0015 -0.9521
vn 0.1751 -0.0000 -0.9846
vn -0.1266 0.0002 -0.9919
vn -0.8102 0.0003 -0.5861
vn -0.5989 0.0001 -0.8008
vn -0.5685 -0.0038 -0.8227
vn -0.1413 0.0010 -0.9900
vn 0.1685 0.0007 -0.9857
vn 0.1595 0.0013 -0.9872
vn -0.4755 -0.0029 -0.8797
vn -0.0458 -0.0010 -0.9989
vn -0.8049 -0.0007 -0.5934
vn -0.1236 -0.0005 -0.9923
vn 0.9916 0.0001 -0.1297
vn 0.9818 0.0013 0.1898
vn 0.9818 -0.0001 0.1898
vn 0.8446 -0.0009 0.5355
vn 0.9181 0.0018 0.3963
vn 0.8450 0.0018 0.5347
vn 0.8173 0.0006 0.5762
vn 0.5948 0.0009 0.8039
vn 0.9994 -0.0264 -0.0216
vn 0.9853 0.0037 0.1707
vn 0.8130 -0.0123 0.5821
vn 0.6371 0.0326 0.7701
vn 0.8206 -0.0029 0.5715
vn 0.6025 -0.0001 0.7981
vn 0.9390 -0.0031 0.3439
vn 0.9898 0.0003 -0.1422
vn 0.9947 -0.0016 0.1030
vn 0.7683 -0.0011 0.6401
vn 0.7753 0.2382 0.5850
vn 0.9915 -0.0008 -0.1300
vn 0.7282 -0.0272 -0.6848
vn 0.5747 0.0031 -0.8184
vn 0.7981 -0.0001 -0.6025
vn 0.6401 -0.0011 -0.7683
vn 0.6274 0.0002 -0.7787
vn 0.8054 0.0010 -0.5927
vn 0.1901 0.0001 -0.9818
vn -0.1389 0.0003 -0.9903
vn -0.1282 -0.0008 -0.9917
vn 0.5769 0.0003 -0.8168
vn 0.8095 0.0006 -0.5871
vn 0.8036 0.0010 -0.5952
vn -0.1380 0.0009 -0.9904
vn 0.2074 0.0007 -0.9782
vn -0.1183 0.0010 -0.9930
vn 0.1615 0.0015 -0.9869
vn 0.1726 -0.0001 -0.9850
vn 0.5802 0.0006 -0.8144
vn 0.3382 0.0061 -0.9411
vn 0.6916 0.0056 -0.7222
vn -0.0147 -0.0000 -0.9999
vn 0.1005 -0.0024 -0.9949
vn 0.1695 -0.0131 -0.9854
vn -0.0317 0.0048 -0.9995
vn -0.0286 0.0006 -0.9996
vn 0.7394 -0.0003 -0.6733
vn 0.1693 0.0007 -0.9856
vn 0.8071 -0.0024 -0.5903
vn 0.3439 -0.0030 -0.9390
vn 0.7485 0.0003 -0.6632
vn 0.8630 0.0046 -0.5053
vn 0.7384 -0.0010 -0.6744
vn 0.9923 -0.0008 -0.1238
vn 0.7188 0.0009 -0.6953
vn 0.9943 -0.0001 -0.1068
vn 0.9925 0.0006 -0.1224
vn 0.9857 -0.0001 0.1685
vn 0.9900 0.0010 -0.1413
vn 0.9990 -0.0010 -0.0458
vn 0.9841 0.0005 0.1777
vn 0.9998 0.0057 -0.0206
vn 0.9856 0.0008 0.1693
vn -0.4588 0.0059 -0.8885
vn -0.6733 0.0007 -0.7394
vn -0.1191 -0.0000 -0.9929
vn -0.6953 0.0009 -0.7188
vn -0.5904 -0.0024 -0.8071
vn -0.6729 -0.0010 -0.7397
vn -0.6635 0.0012 -0.7482
vn -0.9996 -0.0003 0.0278
vn -0.7890 0.0007 0.6144
vn -0.8797 -0.0029 0.4755
vn -0.9999 -0.0000 0.0142
vn -0.9710 0.0042 0.2391
vn -0.9999 -0.0000 0.0113
vn -0.9983 0.0008 0.0576
vn -0.7392 0.0007 0.6735
vn -0.7302 -0.0000 0.6832
vn -0.8072 -0.0024 0.5903
vn -0.7281 -0.0005 0.6855
vn -0.7596 0.0004 0.6504
vn 0.0311 0.0034 0.9995
vn 0.6144 0.0007 0.7890
vn 0.4755 -0.0029 0.8797
vn 0.0187 0.0052 0.9998
vn 0.4842 0.0037 0.8750
vn 0.0577 0.0008 0.9983
vn -0.2901 0.0051 0.9570
vn 0.6729 -0.0007 0.7398
vn 0.1058 0.0013 0.9944
vn 0.6923 0.0054 0.7216
vn 0.5903 -0.0025 0.8072
vn 0.6605 0.0007 0.7508
vn 0.8051 -0.0004 0.5932
vn 0.9598 0.0052 0.2805
vn 0.9996 0.0010 -0.0280
vn 0.9949 -0.0024 0.1005
vn 0.9341 0.3414 -0.1044
vn 0.9996 -0.0036 -0.0273
vn 0.8009 0.0008 -0.5988
vn 1.0000 -0.0005 0.0018
vn 0.8955 0.0020 -0.4451
vn 0.8229 0.0387 -0.5669
vn 0.9247 0.1693 0.3409
vn 0.8006 -0.0006 -0.5992
vn 0.5928 0.0001 -0.8053
vn 0.8085 0.0008 -0.5885
vn 0.5944 0.0011 -0.8042
vn 0.7013 -0.0015 -0.7129
vn 0.5861 0.0003 -0.8102
vn 0.8797 -0.0029 -0.4755
vn 0.5928 -0.0008 -0.8054
vn 0.3074 0.9178 -0.2512
vn -0.3055 0.9199 0.2458
vn -0.3522 0.8884 0.2944
vn 0.3906 0.9199 -0.0348
vn 0.1176 -0.0000 0.9931
vn -0.7975 0.0016 0.6033
vn -0.9931 -0.0000 0.1176
vn -0.6028 0.0014 -0.7979
vn -0.7995 0.0007 -0.6007
vn -0.0801 0.0008 -0.9968
vn 0.9872 0.0013 0.1595
vt -1.188649 -0.566602
vt -1.123763 -1.187325
vt -0.897152 -1.056337
vt -1.409972 -1.155340
vt -1.392072 -0.839195
vt -1.598124 -0.663493
vt -1.849250 -0.751727
vt -1.606897 -0.993615
vt -1.853385 -0.904622
vt -1.769430 -1.054926
vt -1.095375 -1.931863
vt -0.860290 -1.916573
vt -1.162941 -1.664329
vt -0.695292 -1.835730
vt -0.648144 -1.571879
vt -1.101456 -0.347174
vt -1.420561 -0.288506
vt -1.550878 -0.460747
vt -0.454023 -1.500154
vt -0.597273 -1.065216
vt -0.335327 -1.320067
vt -0.409602 -1.095628
vt -0.338327 -0.833951
vt -0.453732 -0.703634
vt -0.663446 -0.666712
vt -1.644890 -1.563896
vt -1.611631 -1.832731
vt -1.355784 -1.987817
vt -0.687768 -0.434718
vt -1.032065 -0.615465
vt -0.820318 -0.295017
vt -1.903719 -1.250004
vt -1.634674 -1.166794
vt -1.809705 -1.428937
vt -0.872251 -1.354657
vt 0.009124 1.005416
vt -0.005428 0.948300
vt 0.009020 0.948301
vt 0.009012 1.521733
vt -0.004693 1.005539
vt 0.023237 0.948237
vt 0.022966 1.005374
vt 0.021469 1.529545
vt -0.005380 0.890937
vt 0.008306 0.833433
vt 0.008853 0.890995
vt 0.022427 0.833407
vt 0.004860 -0.767386
vt 0.023107 0.890935
vt 0.096210 1.005617
vt 0.082012 0.948248
vt 0.096121 0.948251
vt 0.094094 1.524436
vt 0.082036 1.005514
vt 0.110309 0.948281
vt 0.109782 1.516566
vt 0.081761 0.890883
vt 0.096431 0.833259
vt 0.095701 0.890774
vt 0.110303 0.833312
vt 0.091468 -0.767543
vt 0.110207 0.890797
vt 0.065670 1.005509
vt 0.052361 1.520074
vt 0.052600 1.005496
vt 0.052577 0.948179
vt 0.071174 0.949293
vt 0.039274 1.005478
vt 0.039267 0.948171
vt 0.036315 1.524046
vt 0.038836 0.833359
vt 0.052287 0.890962
vt 0.039139 0.890765
vt 0.065795 0.833290
vt 0.065643 0.890907
vt 0.047783 -0.767460
vt 0.052357 0.833421
vt 0.066341 -0.767491
vt 0.066027 0.947764
vt -0.020976 1.005789
vt -0.031265 1.516621
vt -0.034455 1.005741
vt -0.034601 0.948307
vt -0.021553 0.948354
vt -0.047882 1.005868
vt -0.047914 0.948393
vt -0.042236 1.524864
vt -0.035313 0.833551
vt -0.048229 0.891013
vt -0.048546 0.833456
vt -0.034873 0.891086
vt -0.021971 0.833536
vt -0.021503 0.891027
vt -0.038824 -0.767317
vt -0.020268 -0.767341
vt -0.092404 0.948677
vt -0.078458 1.006051
vt -0.092389 1.006116
vt -0.085631 1.519100
vt -0.068673 1.529469
vt -0.077950 0.948672
vt -0.064335 1.005857
vt -0.079014 0.833673
vt -0.092628 0.891128
vt -0.093052 0.833572
vt -0.064848 0.833655
vt -0.078468 0.891187
vt -0.081746 -0.767259
vt -0.064305 0.891114
vt 0.138703 0.948226
vt 0.126440 1.005760
vt 0.126447 0.948233
vt 0.121260 1.511842
vt 0.138850 1.005667
vt 0.137823 1.520284
vt -0.196354 0.949009
vt -0.208280 1.006732
vt -0.208677 0.949188
vt 0.139066 0.833272
vt 0.126426 0.890936
vt 0.121300 0.834300
vt -0.208646 0.833518
vt -0.196607 0.891191
vt -0.208969 0.891247
vt 0.133401 -0.767631
vt 0.126538 0.832716
vt -0.209614 -0.767138
vt -0.196293 0.833145
vt 0.138625 0.890853
vt -0.122341 0.833827
vt -0.108785 0.891157
vt -0.122427 0.891194
vt -0.125427 -0.767208
vt -0.109200 0.833391
vt -0.135844 0.891238
vt -0.108697 0.948735
vt -0.121691 1.006293
vt -0.122108 0.948737
vt -0.135428 0.948750
vt -0.131422 1.523642
vt -0.135222 1.006416
vt -0.108512 1.006202
vt -0.099011 1.522905
vt -0.117205 1.526265
vt -0.100774 0.948660
vt -0.106872 -0.767224
vt -0.104197 0.834998
vt -0.100821 0.891141
vt -0.100601 1.006191
vt -0.143726 0.891302
vt -0.135520 0.833680
vt -0.149102 -0.767181
vt -0.143438 0.948740
vt -0.141425 1.519792
vt -0.143144 1.006468
vt -0.151927 0.891291
vt -0.143415 0.833643
vt -0.151339 1.006556
vt -0.151663 0.948844
vt -0.166130 0.891312
vt -0.151844 0.833770
vt -0.168347 -0.767169
vt -0.165368 1.006384
vt -0.160262 1.525548
vt -0.165895 0.948929
vt -0.054850 1.524706
vt -0.055819 0.948468
vt -0.063969 0.948503
vt -0.056428 0.833462
vt -0.062499 -0.767280
vt -0.056115 0.891091
vt -0.055990 1.005861
vt -0.013601 0.890954
vt -0.005692 0.833339
vt -0.013743 0.948281
vt -0.007909 1.519334
vt -0.012960 1.005612
vt -0.013871 0.833337
vt 0.031407 0.948226
vt 0.030824 0.833337
vt 0.024107 -0.767415
vt 0.031351 0.890881
vt 0.031182 1.005638
vt 0.073567 0.890855
vt 0.082131 0.833174
vt 0.073679 1.005564
vt 0.079627 1.523612
vt 0.073908 0.833120
vt 0.069527 1.527648
vt 0.118521 0.948286
vt 0.110208 1.005861
vt 0.118540 0.890712
vt 0.110715 -0.767577
vt 0.118397 1.005795
vt -0.202483 1.516785
vt -0.195898 1.006842
vt -0.190175 1.528819
vt -0.188389 0.948918
vt -0.193472 -0.767146
vt -0.188294 0.832896
vt -0.188575 0.891203
vt -0.180141 0.948886
vt -0.187965 1.006792
vt -0.177729 1.519887
vt -0.180072 0.833461
vt -0.193572 0.836296
vt -0.180340 0.891216
vt -0.179577 1.006590
vt -0.166015 0.833670
vt -0.018158 1.524390
s 1
usemtl MarbleBase
f 2335/3848/3270 2400/3849/3271 2337/3850/3272
f 2311/3851/3273 2398/3852/3274 2335/3848/3270
f 2411/3853/3275 2335/3848/3276 2337/3850/3277
f 2311/3851/3278 2409/3854/3279 2316/3855/3280
f 2399/3856/3281 2336/3857/3282 2338/3858/3283
f 2410/3859/3284 2338/3858/3285 2336/3857/3286
f 2285/3860/3287 2410/3859/3284 2336/3857/3286
f 2400/3849/3271 2338/3858/3283 2337/3850/3272
f 2412/3861/3288 2337/3850/3277 2338/3858/3285
f 2339/3862/3289 2424/3863/3290 2341/3864/3291
f 2324/3865/3292 2422/3866/3293 2339/3862/3289
f 2435/3867/3294 2339/3862/3295 2341/3864/3296
f 2339/3862/3295 2326/3868/3297 2324/3865/3298
f 2423/3869/3299 2340/3870/3300 2342/3871/3301
f 2434/3872/3302 2342/3871/3303 2340/3870/3304
f 2284/3873/3305 2434/3872/3302 2340/3870/3304
f 2424/3863/3290 2342/3871/3301 2341/3864/3291
f 2436/3874/3306 2341/3864/3296 2342/3871/3303
f 2430/3875/3307 2318/3876/3308 2343/3877/3309
f 2430/3875/3307 2345/3878/3310 2428/3879/3311
f 2345/3878/3312 2417/3880/3313 2419/3881/3314
f 2417/3880/3313 2318/3876/3315 2317/3882/3316
f 2418/3883/3317 2346/3884/3318 2420/3885/3319
f 2346/3884/3320 2429/3886/3321 2431/3887/3322
f 2298/3888/3323 2344/3889/3324 2418/3883/3317
f 2429/3886/3321 2298/3888/3325 2300/3890/3326
f 2345/3878/3327 2431/3887/3322 2432/3891/3328
f 2346/3884/3318 2419/3881/3314 2420/3885/3319
f 2406/3892/3329 2321/3893/3230 2347/3894/3330
f 2406/3892/3329 2349/3895/3331 2408/3896/3332
f 2349/3895/3333 2459/3897/3334 2395/3898/3335
f 2459/3897/3334 2321/3893/3254 2323/3899/3253
f 2348/3900/3336 2396/3901/3337 2394/3902/3338
f 2350/3903/3339 2405/3904/3340 2407/3905/3341
f 2283/3906/3342 2348/3900/3336 2394/3902/3338
f 2405/3904/3340 2283/3906/3343 2295/3907/3344
f 2349/3895/3331 2407/3905/3341 2408/3896/3332
f 2350/3903/3345 2395/3898/3335 2396/3901/3337
f 2372/3908/3346 2351/3909/3347 2370/3910/3348
f 2331/3911/3349 2351/3909/3347 2328/3912/3350
f 2353/3913/3351 2386/3914/3352 2351/3909/3347
f 2352/3915/3353 2373/3916/3354 2371/3917/3355
f 2387/3918/3356 2354/3919/3357 2352/3915/3358
f 2301/3920/3359 2352/3915/3353 2371/3917/3355
f 2301/3920/3360 2387/3918/3356 2352/3915/3358
f 2354/3919/3361 2372/3908/3346 2373/3916/3354
f 2389/3921/3362 2353/3913/3351 2354/3919/3357
f 2357/3922/3363 2440/3923/3364 2442/3924/3365
f 2327/3925/3366 2355/3926/3367 2286/3927/3368
f 2445/3928/3369 2355/3929/3367 2357/3930/3370
f 2356/3931/3371 2443/3932/3372 2441/3933/3373
f 2356/3934/3374 2446/3935/3375 2358/3936/3376
f 2281/3937/3377 2356/3931/3378 2332/3938/3379
f 2281/3939/3380 2333/3940/3381 2356/3934/3374
f 2358/3941/3382 2442/3924/3365 2443/3932/3372
f 2446/3935/3375 2357/3930/3370 2358/3936/3376
f 2359/3942/3383 2365/3943/3384 2361/3944/3385
f 2282/3945/3386 2460/3946/3387 2359/3942/3388
f 2375/3947/3389 2359/3942/3390 2361/3944/3391
f 2364/3948/3392 2360/3949/3393 2362/3950/3394
f 2360/3949/3395 2377/3951/3396 2362/3950/3397
f 2360/3949/3395 2307/3952/3398 2376/3953/3399
f 2365/3943/3384 2362/3950/3394 2361/3944/3385
f 2377/3951/3396 2361/3944/3391 2362/3950/3397
f 2363/3954/3400 2330/3955/3401 2287/3956/3402
f 2368/3957/3403 2363/3954/3400 2364/3948/3392
f 2304/3958/3404 2367/3959/3405 2460/3946/3387
f 2369/3960/3406 2364/3948/3392 2365/3943/3384
f 2368/3957/3403 2370/3910/3348 2366/3961/3407
f 2366/3961/3407 2331/3911/3349 2330/3955/3401
f 2371/3917/3355 2369/3960/3406 2367/3959/3405
f 2304/3958/3404 2371/3917/3355 2367/3959/3405
f 2373/3916/3354 2368/3957/3403 2369/3960/3406
f 2380/3962/3408 2374/3963/3409 2375/3947/3389
f 2374/3963/3409 2294/3964/3410 2282/3945/3411
f 2376/3953/3399 2381/3965/3412 2377/3951/3396
f 2376/3953/3399 2306/3966/3413 2379/3967/3414
f 2381/3965/3412 2375/3947/3389 2377/3951/3396
f 2384/3968/3415 2378/3969/3416 2380/3962/3408
f 2383/3970/3417 2381/3965/3412 2379/3967/3414
f 2306/3966/3413 2383/3970/3417 2379/3967/3414
f 2385/3971/3418 2380/3962/3408 2381/3965/3412
f 2457/3972/3419 2382/3973/3420 2384/3968/3415
f 2382/3973/3420 2296/3974/3421 2294/3964/3410
f 2456/3975/3422 2385/3971/3418 2383/3970/3417
f 2312/3976/3423 2456/3975/3422 2383/3970/3417
f 2458/3977/3424 2384/3968/3415 2385/3971/3418
f 2386/3914/3352 2322/3978/3425 2328/3912/3350
f 2392/3979/3426 2386/3914/3352 2388/3980/3427
f 2391/3981/3428 2389/3921/3362 2387/3918/3356
f 2302/3982/3429 2391/3981/3428 2387/3918/3356
f 2393/3983/3430 2388/3980/3427 2389/3921/3362
f 2395/3898/3335 2390/3984/3431 2392/3979/3426
f 2390/3984/3431 2323/3899/3253 2322/3978/3425
f 2394/3902/3338 2393/3983/3430 2391/3981/3428
f 2302/3982/3429 2394/3902/3338 2391/3981/3428
f 2396/3901/3337 2392/3979/3426 2393/3983/3430
f 2403/3985/3432 2397/3986/3433 2399/3856/3281
f 2397/3986/3433 2295/3907/3344 2285/3860/3434
f 2398/3852/3274 2404/3987/3435 2400/3849/3271
f 2310/3988/3436 2402/3989/3437 2398/3852/3274
f 2404/3987/3435 2399/3856/3281 2400/3849/3271
f 2407/3905/3341 2401/3990/3438 2403/3985/3432
f 2406/3892/3329 2404/3987/3435 2402/3989/3437
f 2310/3988/3436 2406/3892/3329 2402/3989/3437
f 2408/3896/3332 2403/3985/3432 2404/3987/3435
f 2415/3991/3439 2409/3854/3279 2411/3853/3275
f 2409/3854/3279 2317/3882/3316 2316/3855/3280
f 2414/3992/3440 2412/3861/3288 2410/3859/3284
f 2299/3993/3441 2414/3992/3440 2410/3859/3284
f 2416/3994/3442 2411/3853/3275 2412/3861/3288
f 2419/3881/3314 2413/3995/3443 2415/3991/3439
f 2414/3992/3440 2420/3885/3319 2416/3994/3442
f 2299/3993/3441 2418/3883/3317 2414/3992/3440
f 2420/3885/3319 2415/3991/3439 2416/3994/3442
f 2427/3996/3444 2421/3997/3445 2423/3869/3299
f 2421/3997/3445 2300/3890/3326 2284/3873/3446
f 2426/3998/3447 2424/3863/3290 2422/3866/3293
f 2320/3999/3448 2426/3998/3447 2422/3866/3293
f 2428/3879/3311 2423/3869/3299 2424/3863/3290
f 2431/3887/3322 2425/4000/3449 2427/3996/3444
f 2430/3875/3307 2428/3879/3311 2426/3998/3447
f 2426/3998/3447 2319/4001/3450 2430/3875/3307
f 2432/3891/3328 2427/3996/3444 2428/3879/3311
f 2438/4002/3451 2433/4003/3452 2435/3867/3294
f 2433/4003/3452 2327/3925/3366 2326/3868/3297
f 2434/3872/3302 2439/4004/3453 2436/3874/3306
f 2303/4005/3454 2441/3933/3373 2434/3872/3302
f 2439/4004/3453 2435/3867/3294 2436/3874/3306
f 2442/3924/3365 2437/4006/3455 2438/4002/3451
f 2441/3933/3373 2443/3932/3372 2439/4004/3453
f 2303/4005/3454 2332/3938/3379 2441/3933/3373
f 2443/3932/3372 2438/4002/3451 2439/4004/3453
f 2286/4007/3368 2444/4008/3456 2313/4009/3457
f 2449/4010/3458 2444/4008/3456 2445/3928/3369
f 2297/4011/3459 2334/4012/3460 2333/3940/3381
f 2450/4013/3461 2445/3928/3369 2446/3935/3375
f 2453/4014/3462 2447/4015/3463 2449/4010/3458
f 2447/4015/3463 2314/4016/3464 2313/4009/3457
f 2452/4017/3465 2450/4013/3461 2448/4018/3466
f 2297/4011/3459 2452/4017/3465 2334/4012/3460
f 2454/4019/3467 2449/4010/3458 2450/4013/3461
f 2458/3977/3468 2451/4020/3469 2453/4014/3462
f 2314/4016/3464 2456/3975/3470 2312/3976/3471
f 2455/4021/3472 2454/4019/3467 2452/4017/3465
f 2296/3974/3473 2455/4021/3472 2452/4017/3465
f 2457/3972/3474 2453/4014/3462 2454/4019/3467
f 2448/4018/3466 2333/3940/3381 2334/4012/3460
f 2367/3959/3475 2359/3942/3475 2460/3946/3475
f 2428/3879/3476 2345/3878/3476 2432/3891/3476
f 2448/4018/3466 2356/3934/3374 2333/3940/3381
f 2448/4018/3466 2334/4012/3460 2452/4017/3465
f 2441/3933/3478 2332/3938/3478 2356/3931/3478
f 2335/3848/3270 2398/3852/3274 2400/3849/3271
f 2411/3853/3275 2409/3854/3279 2335/3848/3276
f 2311/3851/3278 2335/3848/3276 2409/3854/3279
f 2399/3856/3281 2397/3986/3433 2336/3857/3282
f 2410/3859/3284 2412/3861/3288 2338/3858/3285
f 2336/3857/3282 2397/3986/3433 2285/3860/3434
f 2285/3860/3287 2299/3993/3441 2410/3859/3284
f 2400/3849/3271 2399/3856/3281 2338/3858/3283
f 2412/3861/3288 2411/3853/3275 2337/3850/3277
f 2339/3862/3289 2422/3866/3293 2424/3863/3290
f 2324/3865/3292 2320/3999/3448 2422/3866/3293
f 2435/3867/3294 2433/4003/3452 2339/3862/3295
f 2339/3862/3295 2433/4003/3452 2326/3868/3297
f 2423/3869/3299 2421/3997/3445 2340/3870/3300
f 2434/3872/3302 2436/3874/3306 2342/3871/3303
f 2340/3870/3300 2421/3997/3445 2284/3873/3446
f 2284/3873/3305 2303/4005/3454 2434/3872/3302
f 2424/3863/3290 2423/3869/3299 2342/3871/3301
f 2436/3874/3306 2435/3867/3294 2341/3864/3296
f 2430/3875/3307 2319/4001/3450 2318/3876/3308
f 2430/3875/3307 2343/3877/3309 2345/3878/3310
f 2345/3878/3312 2343/3877/3479 2417/3880/3313
f 2417/3880/3313 2343/3877/3479 2318/3876/3315
f 2418/3883/3317 2344/3889/3324 2346/3884/3318
f 2346/3884/3320 2344/3889/3480 2429/3886/3321
f 2429/3886/3321 2344/3889/3480 2298/3888/3325
f 2345/3878/3327 2346/3884/3320 2431/3887/3322
f 2346/3884/3318 2345/3878/3312 2419/3881/3314
f 2406/3892/3329 2309/4022/3231 2321/3893/3230
f 2406/3892/3329 2347/3894/3330 2349/3895/3331
f 2349/3895/3333 2347/3894/3481 2459/3897/3334
f 2459/3897/3334 2347/3894/3481 2321/3893/3254
f 2348/3900/3336 2350/3903/3345 2396/3901/3337
f 2350/3903/3339 2348/3900/3482 2405/3904/3340
f 2405/3904/3340 2348/3900/3482 2283/3906/3343
f 2349/3895/3331 2350/3903/3339 2407/3905/3341
f 2350/3903/3345 2349/3895/3333 2395/3898/3335
f 2372/3908/3346 2353/3913/3483 2351/3909/3347
f 2331/3911/3349 2370/3910/3348 2351/3909/3347
f 2353/3913/3351 2388/3980/3427 2386/3914/3352
f 2328/3912/3350 2351/3909/3347 2386/3914/3352
f 2352/3915/3353 2354/3919/3361 2373/3916/3354
f 2387/3918/3356 2389/3921/3362 2354/3919/3357
f 2301/3920/3360 2302/3982/3429 2387/3918/3356
f 2354/3919/3361 2353/3913/3483 2372/3908/3346
f 2389/3921/3362 2388/3980/3427 2353/3913/3351
f 2357/3922/3363 2355/3926/3367 2440/3923/3364
f 2327/3925/3366 2440/3923/3364 2355/3926/3367
f 2445/3928/3369 2444/4008/3456 2355/3929/3367
f 2355/3929/3367 2444/4008/3456 2286/4007/3368
f 2356/3931/3371 2358/3941/3382 2443/3932/3372
f 2356/3934/3374 2448/4018/3466 2446/3935/3375
f 2281/3939/3380 2297/4011/3459 2333/3940/3381
f 2358/3941/3382 2357/3922/3363 2442/3924/3365
f 2446/3935/3375 2445/3928/3369 2357/3930/3370
f 2359/3942/3383 2367/3959/3405 2365/3943/3384
f 2282/3945/3386 2304/3958/3404 2460/3946/3387
f 2375/3947/3389 2374/3963/3409 2359/3942/3390
f 2359/3942/3390 2374/3963/3409 2282/3945/3411
f 2364/3948/3392 2363/3954/3400 2360/3949/3393
f 2360/3949/3395 2376/3953/3399 2377/3951/3396
f 2360/3949/3393 2363/3954/3400 2287/3956/3402
f 2360/3949/3395 2287/3956/3484 2307/3952/3398
f 2365/3943/3384 2364/3948/3392 2362/3950/3394
f 2377/3951/3396 2375/3947/3389 2361/3944/3391
f 2368/3957/3403 2366/3961/3407 2363/3954/3400
f 2330/3955/3401 2363/3954/3400 2366/3961/3407
f 2367/3959/3405 2369/3960/3406 2365/3943/3384
f 2369/3960/3406 2368/3957/3403 2364/3948/3392
f 2368/3957/3403 2372/3908/3346 2370/3910/3348
f 2366/3961/3407 2370/3910/3348 2331/3911/3349
f 2371/3917/3355 2373/3916/3354 2369/3960/3406
f 2304/3958/3404 2301/3920/3359 2371/3917/3355
f 2373/3916/3354 2372/3908/3346 2368/3957/3403
f 2380/3962/3408 2378/3969/3416 2374/3963/3409
f 2374/3963/3409 2378/3969/3416 2294/3964/3410
f 2376/3953/3399 2379/3967/3414 2381/3965/3412
f 2376/3953/3399 2307/3952/3398 2306/3966/3413
f 2381/3965/3412 2380/3962/3408 2375/3947/3389
f 2384/3968/3415 2382/3973/3420 2378/3969/3416
f 2378/3969/3416 2382/3973/3420 2294/3964/3410
f 2383/3970/3417 2385/3971/3418 2381/3965/3412
f 2385/3971/3418 2384/3968/3415 2380/3962/3408
f 2306/3966/3413 2312/3976/3423 2383/3970/3417
f 2457/3972/3419 2455/4021/3485 2382/3973/3420
f 2382/3973/3420 2455/4021/3485 2296/3974/3421
f 2456/3975/3422 2458/3977/3424 2385/3971/3418
f 2458/3977/3424 2457/3972/3419 2384/3968/3415
f 2392/3979/3426 2390/3984/3431 2386/3914/3352
f 2322/3978/3425 2386/3914/3352 2390/3984/3431
f 2391/3981/3428 2393/3983/3430 2389/3921/3362
f 2393/3983/3430 2392/3979/3426 2388/3980/3427
f 2395/3898/3335 2459/3897/3334 2390/3984/3431
f 2390/3984/3431 2459/3897/3334 2323/3899/3253
f 2394/3902/3338 2396/3901/3337 2393/3983/3430
f 2302/3982/3429 2283/3906/3342 2394/3902/3338
f 2396/3901/3337 2395/3898/3335 2392/3979/3426
f 2398/3852/3274 2311/3851/3273 2310/3988/3436
f 2403/3985/3432 2401/3990/3438 2397/3986/3433
f 2397/3986/3433 2401/3990/3438 2295/3907/3344
f 2398/3852/3274 2402/3989/3437 2404/3987/3435
f 2404/3987/3435 2403/3985/3432 2399/3856/3281
f 2407/3905/3341 2405/3904/3340 2401/3990/3438
f 2401/3990/3438 2405/3904/3340 2295/3907/3344
f 2406/3892/3329 2408/3896/3332 2404/3987/3435
f 2310/3988/3436 2309/4022/3231 2406/3892/3329
f 2408/3896/3332 2407/3905/3341 2403/3985/3432
f 2415/3991/3439 2413/3995/3443 2409/3854/3279
f 2409/3854/3279 2413/3995/3443 2317/3882/3316
f 2414/3992/3440 2416/3994/3442 2412/3861/3288
f 2416/3994/3442 2415/3991/3439 2411/3853/3275
f 2419/3881/3314 2417/3880/3313 2413/3995/3443
f 2413/3995/3443 2417/3880/3313 2317/3882/3316
f 2414/3992/3440 2418/3883/3317 2420/3885/3319
f 2299/3993/3441 2298/3888/3323 2418/3883/3317
f 2420/3885/3319 2419/3881/3314 2415/3991/3439
f 2427/3996/3444 2425/4000/3449 2421/3997/3445
f 2421/3997/3445 2425/4000/3449 2300/3890/3326
f 2426/3998/3447 2428/3879/3311 2424/3863/3290
f 2320/3999/3448 2319/4001/3450 2426/3998/3447
f 2428/3879/3311 2427/3996/3444 2423/3869/3299
f 2431/3887/3322 2429/3886/3321 2425/4000/3449
f 2425/4000/3449 2429/3886/3321 2300/3890/3326
f 2432/3891/3328 2431/3887/3322 2427/3996/3444
f 2438/4002/3451 2437/4006/3455 2433/4003/3452
f 2433/4003/3452 2437/4006/3455 2327/3925/3366
f 2434/3872/3302 2441/3933/3373 2439/4004/3453
f 2439/4004/3453 2438/4002/3451 2435/3867/3294
f 2442/3924/3365 2440/3923/3364 2437/4006/3455
f 2327/3925/3366 2437/4006/3455 2440/3923/3364
f 2303/4005/3454 2281/3937/3377 2332/3938/3379
f 2443/3932/3372 2442/3924/3365 2438/4002/3451
f 2449/4010/3458 2447/4015/3463 2444/4008/3456
f 2444/4008/3456 2447/4015/3463 2313/4009/3457
f 2448/4018/3466 2450/4013/3461 2446/3935/3375
f 2450/4013/3461 2449/4010/3458 2445/3928/3369
f 2453/4014/3462 2451/4020/3469 2447/4015/3463
f 2447/4015/3463 2451/4020/3469 2314/4016/3464
f 2452/4017/3465 2454/4019/3467 2450/4013/3461
f 2297/4011/3459 2296/3974/3473 2452/4017/3465
f 2454/4019/3467 2453/4014/3462 2449/4010/3458
f 2458/3977/3468 2456/3975/3470 2451/4020/3469
f 2314/4016/3464 2451/4020/3469 2456/3975/3470
f 2455/4021/3472 2457/3972/3474 2454/4019/3467
f 2457/3972/3474 2458/3977/3468 2453/4014/3462
usemtl MarbleCracking
f 2293/3813/3220 2290/3814/3221 2288/3815/3222
f 2292/3816/3223 2290/3814/3221 2291/3817/3224
f 2312/3818/3225 2306/3819/3226 2305/3820/3227
f 2306/3819/3226 2307/3821/3228 2305/3820/3227
f 2307/3821/3228 2287/3822/3229 2305/3820/3227
f 2321/3823/3230 2309/3824/3231 2308/3825/3232
f 2309/3824/3233 2310/3826/3234 2308/3825/3235
f 2310/3826/3234 2311/3827/3236 2308/3825/3235
f 2286/3828/3237 2313/3829/3237 2293/3813/3237
f 2313/3829/3238 2314/3830/3238 2293/3813/3238
f 2314/3830/3239 2312/3818/3225 2293/3813/3220
f 2311/3827/3240 2316/3831/3240 2315/3832/3240
f 2316/3831/3241 2317/3833/3242 2315/3832/3243
f 2317/3833/3242 2318/3834/3244 2315/3832/3243
f 2318/3834/3245 2319/3835/3245 2315/3832/3245
f 2319/3835/3246 2320/3836/3247 2315/3832/3248
f 2320/3836/3247 2324/3837/3249 2315/3832/3248
f 2328/3838/3250 2322/3839/3251 2308/3825/3235
f 2322/3839/3251 2323/3840/3252 2308/3825/3235
f 2323/3840/3253 2321/3823/3254 2308/3825/3255
f 2324/3837/3249 2326/3841/3256 2325/3842/3257
f 2326/3841/3256 2327/3843/3258 2325/3842/3257
f 2327/3843/3258 2286/3828/3259 2325/3842/3257
f 2287/3822/3260 2330/3844/3261 2329/3845/3262
f 2330/3844/3261 2331/3846/3263 2329/3845/3262
f 2331/3846/3264 2328/3838/3250 2329/3845/3265
f 2305/3820/3266 2329/3845/3262 2292/3816/3267
f 2305/3820/3227 2291/3817/3268 2312/3818/3225
f 2289/3847/3269 2308/3825/3235 2311/3827/3236
f 2293/3813/3220 2325/3842/3257 2286/3828/3259
f 2289/3847/3269 2315/3832/3248 2288/3815/3222
f 2288/3815/3222 2315/3832/3248 2324/3837/3249
f 2292/3816/3223 2308/3825/3235 2290/3814/3221
f 2325/3842/3257 2288/3815/3222 2324/3837/3249
f 2293/3813/3220 2291/3817/3268 2290/3814/3221
f 2290/3814/3221 2289/3847/3269 2288/3815/3222
f 2305/3820/3266 2287/3822/3260 2329/3845/3262
f 2305/3820/3227 2292/3816/3477 2291/3817/3268
f 2289/3847/3269 2290/3814/3221 2308/3825/3235
f 2293/3813/3220 2312/3818/3225 2291/3817/3268
f 2289/3847/3269 2311/3827/3236 2315/3832/3248
f 2292/3816/3223 2328/3838/3250 2308/3825/3235
f 2325/3842/3257 2293/3813/3220 2288/3815/3222
f 2329/3845/3265 2328/3838/3250 2292/3816/3223
