# Blender 3.4.0
# www.blender.org
mtllib gate.mtl
o arch
v 0.012048 0.029097 -0.002777
v 0.009471 0.029097 -0.002826
v 0.009422 0.029097 0.000513
v 0.009403 0.002149 -0.002876
v 0.012089 0.002149 -0.002880
v 0.012094 0.002149 0.000586
v 0.009408 0.002149 0.000590
v 0.012116 0.007519 -0.002984
v 0.012122 0.007519 0.000689
v 0.009390 0.007519 0.000693
v 0.009384 0.007173 -0.003014
v 0.012107 0.007173 -0.002949
v 0.009366 0.007519 -0.002980
v 0.012108 0.007173 0.000724
v 0.009371 0.007173 0.000659
v 0.012095 0.029417 0.000536
v 0.011728 0.029359 0.000114
v 0.011724 0.029359 -0.002408
v 0.009769 0.029359 -0.002405
v 0.009773 0.029359 0.000117
v 0.010877 0.036325 -0.001328
v 0.010614 0.036323 -0.001311
v 0.010612 0.036321 -0.000967
v 0.010891 0.036329 -0.000976
v 0.010748 0.036432 -0.001214
v 0.010706 0.036435 -0.001077
v 0.011591 0.029777 -0.002156
v 0.010895 0.035676 -0.001148
v 0.009964 0.029780 -0.002246
v 0.010743 0.035668 -0.001333
v 0.009874 0.029789 -0.000135
v 0.010602 0.035676 -0.001143
v 0.011533 0.029782 -0.000031
v 0.011622 0.029787 -0.000139
v 0.011525 0.029780 -0.002255
v 0.009907 0.029775 -0.002150
v 0.009973 0.029779 -0.000047
v 0.010754 0.035668 -0.000958
v 0.011930 0.029247 0.000354
v 0.009578 0.029247 0.000358
v 0.011920 0.029247 0.000121
v 0.009568 0.029247 0.000124
v 0.010733 0.034204 0.000356
v 0.010765 0.034204 0.000122
v 0.011750 0.029680 0.000310
v 0.009749 0.029680 0.000304
v 0.010749 0.033938 0.000316
v 0.011933 0.029247 0.000329
v 0.011866 0.029247 -0.002607
v 0.011761 0.029247 0.000317
v 0.011866 0.034210 -0.001142
v 0.011879 0.029680 -0.002388
v 0.011908 0.029680 0.000105
v 0.011901 0.033942 -0.001142
v 0.009669 0.029247 -0.002604
v 0.009736 0.029247 0.000320
v 0.009563 0.029247 0.000333
v 0.009669 0.034210 -0.001138
v 0.009699 0.029680 -0.002385
v 0.009704 0.033942 -0.001138
v 0.009696 0.029680 0.000108
v 0.009563 0.029247 -0.002675
v 0.011926 0.029247 -0.002679
v 0.009574 0.029247 -0.002442
v 0.011916 0.029247 -0.002445
v 0.010745 0.034202 -0.002677
v 0.010745 0.034208 -0.002443
v 0.009744 0.029680 -0.002642
v 0.011745 0.029680 -0.002612
v 0.010745 0.033938 -0.002637
v 0.010796 0.036427 -0.001076
v 0.010961 0.036594 -0.001213
v 0.010532 0.036594 -0.001145
v 0.010969 0.036594 -0.001078
v 0.010744 0.036826 -0.001213
v 0.010753 0.036826 -0.001077
v 0.012091 0.004494 -0.001609
v 0.012092 0.004494 -0.000686
v 0.012091 0.005410 -0.001609
v 0.012092 0.005410 -0.000686
v 0.011316 0.004494 -0.001608
v 0.011318 0.004494 -0.000684
v 0.011316 0.005410 -0.001608
v 0.011318 0.005410 -0.000684
v 0.012105 0.024126 -0.002905
v 0.012001 0.024124 0.000465
v 0.009496 0.024124 -0.002756
v 0.012026 0.018704 -0.002799
v 0.009471 0.018704 0.000509
v 0.009466 0.018704 -0.002795
v 0.012062 0.012314 -0.002845
v 0.012067 0.012314 0.000551
v 0.009435 0.012314 0.000555
v 0.009430 0.012314 -0.002842
v 0.012061 0.012846 -0.002844
v 0.012066 0.012846 0.000549
v 0.009436 0.012846 0.000553
v 0.009431 0.012846 -0.002840
v 0.012025 0.019242 -0.002797
v 0.012139 0.019109 0.000612
v 0.009472 0.019242 0.000507
v 0.009467 0.019242 -0.002793
v 0.011999 0.024681 0.000463
v 0.009394 0.024548 0.000576
v 0.009498 0.024681 -0.002753
v 0.012053 0.029097 0.000509
v 0.012054 0.029429 -0.002845
v 0.009405 0.029428 -0.002812
v 0.009445 0.029437 0.000546
v 0.012103 0.024548 -0.002867
v 0.012251 0.024179 0.000715
v 0.009392 0.024125 0.000542
v 0.009246 0.024180 -0.003028
v 0.012272 0.018769 -0.003066
v 0.012141 0.018705 0.000614
v 0.009228 0.018790 0.000770
v 0.009199 0.018769 -0.003041
v 0.012327 0.012378 -0.003092
v 0.012314 0.012378 0.000816
v 0.009167 0.012365 0.000803
v 0.009186 0.012398 -0.003101
v 0.019776 0.019715 -0.001955
v 0.018540 0.019715 -0.000171
v 0.018538 0.019715 -0.001954
v 0.019755 0.022103 -0.000584
v 0.019753 0.022103 -0.001545
v 0.018562 0.022103 -0.001543
v 0.018563 0.022103 -0.000582
v 0.019779 0.019715 -0.000173
v 0.018562 0.021645 -0.001543
v 0.019753 0.021645 -0.001545
v 0.019755 0.021645 -0.000584
v 0.018563 0.021645 -0.000582
v 0.018533 0.021556 -0.001979
v 0.018538 0.017549 -0.001954
v 0.018540 0.017549 -0.000171
v 0.019779 0.017549 -0.000173
v 0.019776 0.017549 -0.001955
v 0.018538 0.015120 -0.001954
v 0.018540 0.015120 -0.000171
v 0.019779 0.015120 -0.000173
v 0.019776 0.015120 -0.001955
v 0.018538 0.012676 -0.001954
v 0.018540 0.012676 -0.000171
v 0.019779 0.012676 -0.000173
v 0.019776 0.012676 -0.001955
v 0.018530 0.010047 -0.001937
v 0.018533 0.009884 -0.000188
v 0.019771 0.009884 -0.000157
v 0.019784 0.009884 -0.001939
v 0.018515 0.006442 -0.001989
v 0.018518 0.006442 -0.000136
v 0.019801 0.006442 -0.000138
v 0.019798 0.006442 -0.001990
v 0.018517 0.003742 -0.001986
v 0.018519 0.003739 -0.000126
v 0.019805 0.003743 -0.000150
v 0.019792 0.003742 -0.001988
v 0.019788 0.021546 -0.001966
v 0.019784 0.021546 -0.000148
v 0.018529 0.021534 -0.000161
v 0.018548 0.010047 -0.000155
v 0.018546 0.009884 -0.001970
v 0.019787 0.010047 -0.000190
v 0.019768 0.010047 -0.001972
v 0.018839 0.015485 -0.000768
v 0.019103 0.018862 -0.001346
v 0.016098 0.019991 -0.001341
v 0.017172 0.017949 -0.000765
v 0.017167 0.017948 -0.001353
v 0.014267 0.019857 -0.001348
v 0.011543 0.021450 -0.000767
v 0.011459 0.020523 -0.001344
v 0.016086 0.019996 -0.000774
v 0.015692 0.019243 -0.000763
v 0.011518 0.021196 -0.001299
v 0.014783 0.019932 -0.001302
v 0.018896 0.016201 -0.001324
v 0.011484 0.020799 -0.000807
v 0.014799 0.019921 -0.000809
v 0.018839 0.015485 -0.001355
v 0.017913 0.017585 -0.001306
v 0.016482 0.018998 -0.001304
v 0.015693 0.019246 -0.001351
v 0.011483 0.020794 -0.001294
v 0.011460 0.020523 -0.000757
v 0.014308 0.019844 -0.000761
v 0.016498 0.019010 -0.000812
v 0.017914 0.017649 -0.000814
v 0.018905 0.016301 -0.000800
v 0.012845 0.020893 -0.000854
v 0.019104 0.018862 -0.000778
v 0.019066 0.018405 -0.000814
v 0.011524 0.021248 -0.000773
v 0.011542 0.021451 -0.001334
v 0.015986 0.019832 -0.001299
v 0.019064 0.018405 -0.001289
v 0.015691 0.019973 -0.000820
v 0.013009 0.020162 -0.001347
v 0.013020 0.020162 -0.000759
v 0.012385 0.020314 -0.001346
v 0.011692 0.019347 -0.001345
v 0.011558 0.019606 -0.000757
v 0.011690 0.019351 -0.000757
v 0.012385 0.020314 -0.000758
v 0.012348 0.019891 -0.000758
v 0.011555 0.019608 -0.001344
v 0.012291 0.019861 -0.001345
v 0.018970 0.019018 -0.000766
v 0.019076 0.021868 -0.001349
v 0.016172 0.022726 -0.001335
v 0.017085 0.020992 -0.000759
v 0.017124 0.020955 -0.001347
v 0.014098 0.022528 -0.001333
v 0.011519 0.022940 -0.001319
v 0.015455 0.022073 -0.000752
v 0.015457 0.022072 -0.001339
v 0.011548 0.023613 -0.001249
v 0.015090 0.022471 -0.001306
v 0.018990 0.019732 -0.001323
v 0.011533 0.023207 -0.000780
v 0.013299 0.022932 -0.000784
v 0.018965 0.019015 -0.001354
v 0.018177 0.020567 -0.001305
v 0.016520 0.021776 -0.001297
v 0.011530 0.023201 -0.001283
v 0.011522 0.022941 -0.000732
v 0.014143 0.022520 -0.000746
v 0.015246 0.022424 -0.000799
v 0.016786 0.021653 -0.000806
v 0.018291 0.020538 -0.000828
v 0.018997 0.019835 -0.000800
v 0.011554 0.023680 -0.000828
v 0.019080 0.021870 -0.000782
v 0.019062 0.021410 -0.000816
v 0.015962 0.022790 -0.000766
v 0.011553 0.023665 -0.000743
v 0.013553 0.023212 -0.001321
v 0.016130 0.022529 -0.001281
v 0.019058 0.021409 -0.001301
v 0.015585 0.022730 -0.000806
v 0.013468 0.022901 -0.001263
v 0.012799 0.022746 -0.001326
v 0.012814 0.022750 -0.000739
v 0.012337 0.022830 -0.001323
v 0.011562 0.023865 -0.000744
v 0.011542 0.021657 -0.001317
v 0.011360 0.021816 -0.001316
v 0.011363 0.021817 -0.000729
v 0.011546 0.021658 -0.000730
v 0.011764 0.022402 -0.001320
v 0.011787 0.022423 -0.000732
v 0.012025 0.022351 -0.000734
v 0.012003 0.022333 -0.001321
v 0.012340 0.022832 -0.000736
v 0.011560 0.023871 -0.001311
v 0.019593 0.024163 -0.001492
v 0.018715 0.024164 -0.001501
v 0.018713 0.024164 -0.000631
v 0.018620 0.021510 -0.001587
v 0.019686 0.021510 -0.001589
v 0.019688 0.021510 -0.000541
v 0.018622 0.021510 -0.000539
v 0.019699 0.023573 -0.001618
v 0.019698 0.023573 -0.000502
v 0.018608 0.023573 -0.000510
v 0.018608 0.023573 -0.001626
v 0.019595 0.024164 -0.000633
v 0.019153 0.026932 -0.001119
v 0.019096 0.026964 -0.001030
v 0.019127 0.026984 -0.001084
v 0.019498 0.024339 -0.001370
v 0.018843 0.024337 -0.001397
v 0.019153 0.026675 -0.001121
v 0.018815 0.024338 -0.000759
v 0.019096 0.026676 -0.001063
v 0.019465 0.024338 -0.000727
v 0.019493 0.024338 -0.000761
v 0.019213 0.026676 -0.001065
v 0.019463 0.024337 -0.001400
v 0.018812 0.024339 -0.001368
v 0.018845 0.024337 -0.000732
v 0.019155 0.026675 -0.001007
v 0.019611 0.024128 -0.000615
v 0.019619 0.024126 -0.000682
v 0.018687 0.024126 -0.000635
v 0.018757 0.024298 -0.000630
v 0.019154 0.026041 -0.000629
v 0.019616 0.024128 -0.001496
v 0.019599 0.024126 -0.000620
v 0.019554 0.024126 -0.001504
v 0.019605 0.026041 -0.001063
v 0.019611 0.024298 -0.000686
v 0.018726 0.024126 -0.001505
v 0.018683 0.024126 -0.000617
v 0.018733 0.026041 -0.001062
v 0.018738 0.024298 -0.001439
v 0.018745 0.024128 -0.000633
v 0.018700 0.024128 -0.001523
v 0.018684 0.024126 -0.001456
v 0.019620 0.024126 -0.001502
v 0.019153 0.026041 -0.001509
v 0.019550 0.024298 -0.001508
v 0.019217 0.026971 -0.001044
v 0.019154 0.027134 -0.001064
v 0.019687 0.022087 -0.001019
v 0.019687 0.022804 -0.001205
v 0.019687 0.022804 -0.000925
v 0.019380 0.022087 -0.001111
v 0.019380 0.022804 -0.001018
v 0.018561 0.002132 -0.001904
v 0.018564 0.002134 -0.000222
v 0.019755 0.002133 -0.000223
v 0.019753 0.002132 -0.001905
v -0.012325 0.029097 0.000536
v -0.009675 0.002149 -0.002876
v -0.012361 0.002149 -0.002880
v -0.012366 0.002149 0.000586
v -0.009680 0.002149 0.000590
v -0.009638 0.007519 -0.002945
v -0.012379 0.007173 -0.002949
v -0.012380 0.007173 0.000724
v -0.009643 0.007173 0.000659
v -0.009656 0.007173 -0.003014
v -0.012388 0.007519 -0.003018
v -0.012394 0.007519 0.000655
v -0.009662 0.007519 0.000728
v -0.012326 0.029429 -0.002845
v -0.009677 0.029428 -0.002812
v -0.009717 0.029437 0.000546
v -0.012000 0.029359 0.000114
v -0.011996 0.029359 -0.002408
v -0.010041 0.029359 -0.002405
v -0.010045 0.029359 0.000117
v -0.011166 0.036325 -0.000976
v -0.011153 0.036324 -0.001319
v -0.010884 0.036326 -0.001326
v -0.010880 0.036327 -0.000960
v -0.011068 0.036428 -0.001076
v -0.011894 0.029787 -0.000139
v -0.011797 0.029780 -0.002255
v -0.010157 0.029783 -0.002151
v -0.010245 0.029779 -0.000047
v -0.011859 0.029775 -0.002153
v -0.011165 0.035675 -0.001145
v -0.010241 0.029779 -0.002241
v -0.011020 0.035667 -0.001330
v -0.010169 0.029781 -0.000137
v -0.010876 0.035675 -0.001145
v -0.011800 0.029780 -0.000038
v -0.011021 0.035667 -0.000960
v -0.009850 0.029247 0.000358
v -0.012192 0.029247 0.000354
v -0.009840 0.029247 0.000124
v -0.012202 0.029247 0.000121
v -0.011021 0.034208 0.000356
v -0.011021 0.034202 0.000122
v -0.010020 0.029680 0.000291
v -0.011021 0.033938 0.000316
v -0.012022 0.029680 0.000321
v -0.012136 0.029247 0.000324
v -0.012200 0.029247 -0.002600
v -0.012028 0.029247 -0.002612
v -0.012138 0.034210 -0.001142
v -0.012180 0.029680 0.000105
v -0.012151 0.029680 -0.002388
v -0.012173 0.033942 -0.001142
v -0.010007 0.029247 0.000320
v -0.009835 0.029247 0.000333
v -0.009940 0.029247 -0.002604
v -0.009941 0.034210 -0.001138
v -0.009968 0.029680 0.000108
v -0.009970 0.029680 -0.002385
v -0.009976 0.033942 -0.001138
v -0.012188 0.029247 -0.002679
v -0.009846 0.029247 -0.002675
v -0.012198 0.029247 -0.002445
v -0.009836 0.029247 -0.002442
v -0.011017 0.034208 -0.002677
v -0.011017 0.034202 -0.002443
v -0.012017 0.029680 -0.002612
v -0.010016 0.029680 -0.002642
v -0.011017 0.033938 -0.002637
v -0.011020 0.036432 -0.001214
v -0.010978 0.036434 -0.001077
v -0.011236 0.036582 -0.001078
v -0.011236 0.036607 -0.001213
v -0.010803 0.036594 -0.001151
v -0.011020 0.036817 -0.001077
v -0.011020 0.036836 -0.001213
v -0.012363 0.004494 -0.001609
v -0.012364 0.004494 -0.000686
v -0.012363 0.005410 -0.001609
v -0.012364 0.005410 -0.000686
v -0.011588 0.004494 -0.001608
v -0.011590 0.004494 -0.000684
v -0.011588 0.005410 -0.001608
v -0.011590 0.005410 -0.000684
v -0.012272 0.024124 0.000465
v -0.009773 0.024124 0.000469
v -0.009768 0.024124 -0.002756
v -0.012298 0.018704 -0.002799
v -0.012376 0.018705 0.000614
v -0.009743 0.018704 0.000509
v -0.009738 0.018704 -0.002795
v -0.012334 0.012314 -0.002845
v -0.012339 0.012314 0.000551
v -0.009707 0.012314 0.000555
v -0.009702 0.012314 -0.002842
v -0.012332 0.012846 -0.002844
v -0.012338 0.012846 0.000549
v -0.009708 0.012846 0.000553
v -0.009703 0.012846 -0.002840
v -0.012297 0.019242 -0.002797
v -0.009744 0.019242 0.000507
v -0.009739 0.019242 -0.002793
v -0.012375 0.024548 -0.002867
v -0.012271 0.024681 0.000463
v -0.009775 0.024681 0.000467
v -0.009770 0.024681 -0.002753
v -0.012320 0.029097 -0.002777
v -0.012367 0.029417 0.000536
v -0.009743 0.029097 -0.002826
v -0.009694 0.029097 0.000487
v -0.012377 0.024126 -0.002905
v -0.012523 0.024179 0.000715
v -0.009528 0.024216 0.000734
v -0.009501 0.024206 -0.003022
v -0.012544 0.018769 -0.003066
v -0.012411 0.019109 0.000612
v -0.009495 0.018755 0.000757
v -0.009471 0.018769 -0.003041
v -0.012585 0.012378 0.000816
v -0.012599 0.012378 -0.003092
v -0.009439 0.012365 0.000803
v -0.009458 0.012398 -0.003101
v -0.020051 0.019715 -0.000173
v -0.020026 0.022103 -0.000584
v -0.020025 0.022103 -0.001545
v -0.018834 0.022103 -0.001543
v -0.018835 0.022103 -0.000582
v -0.018810 0.019715 -0.001954
v -0.020048 0.019715 -0.001955
v -0.018812 0.019715 -0.000171
v -0.018834 0.021645 -0.001543
v -0.020025 0.021645 -0.001545
v -0.020026 0.021645 -0.000584
v -0.018835 0.021645 -0.000582
v -0.020060 0.021556 -0.001966
v -0.020055 0.021546 -0.000148
v -0.018801 0.021534 -0.000161
v -0.018812 0.017549 -0.000171
v -0.020051 0.017549 -0.000173
v -0.020048 0.017549 -0.001955
v -0.018810 0.017549 -0.001954
v -0.018812 0.015120 -0.000171
v -0.020051 0.015120 -0.000173
v -0.020048 0.015120 -0.001955
v -0.018810 0.015120 -0.001954
v -0.018812 0.012676 -0.000171
v -0.020051 0.012676 -0.000173
v -0.020048 0.012676 -0.001955
v -0.018810 0.012676 -0.001954
v -0.018820 0.010047 -0.000155
v -0.020059 0.010047 -0.000190
v -0.020040 0.010047 -0.001972
v -0.018817 0.009884 -0.001970
v -0.018790 0.006442 -0.000136
v -0.020073 0.006442 -0.000138
v -0.020070 0.006442 -0.001990
v -0.018787 0.006442 -0.001989
v -0.018791 0.003739 -0.000126
v -0.020077 0.003743 -0.000150
v -0.020064 0.003742 -0.001988
v -0.018789 0.003742 -0.001986
v -0.018805 0.021546 -0.001979
v -0.018802 0.010047 -0.001937
v -0.018804 0.009884 -0.000188
v -0.020043 0.009884 -0.000157
v -0.020056 0.009884 -0.001939
v -0.019382 0.018884 -0.000778
v -0.015965 0.019246 -0.001351
v -0.011732 0.020523 -0.000757
v -0.016770 0.019010 -0.000812
v -0.018186 0.017649 -0.000814
v -0.019177 0.016301 -0.000800
v -0.019111 0.015485 -0.001355
v -0.018185 0.017585 -0.001306
v -0.019168 0.016201 -0.001324
v -0.017439 0.017948 -0.001353
v -0.016754 0.018998 -0.001304
v -0.011731 0.020523 -0.001344
v -0.015964 0.019243 -0.000763
v -0.017444 0.017949 -0.000765
v -0.019111 0.015485 -0.000768
v -0.019337 0.018402 -0.000825
v -0.016370 0.019991 -0.001341
v -0.019336 0.018405 -0.001298
v -0.019375 0.018862 -0.001346
v -0.015969 0.019977 -0.000812
v -0.015071 0.019921 -0.000809
v -0.014559 0.019852 -0.000761
v -0.014561 0.019849 -0.001348
v -0.015055 0.019932 -0.001302
v -0.016400 0.019776 -0.001299
v -0.011755 0.020794 -0.001294
v -0.011814 0.021451 -0.001334
v -0.011964 0.019347 -0.001345
v -0.012656 0.020315 -0.001346
v -0.012658 0.020314 -0.000758
v -0.013091 0.020143 -0.000759
v -0.012563 0.019861 -0.001345
v -0.011829 0.019606 -0.001344
v -0.011827 0.019608 -0.000757
v -0.011962 0.019351 -0.000757
v -0.013285 0.020163 -0.001347
v -0.011817 0.021460 -0.000767
v -0.011795 0.021243 -0.000813
v -0.011756 0.020799 -0.000807
v -0.011791 0.021202 -0.001293
v -0.019352 0.021870 -0.000782
v -0.015729 0.022072 -0.001339
v -0.016402 0.022529 -0.001281
v -0.019330 0.021409 -0.001301
v -0.018448 0.020567 -0.001305
v -0.017058 0.021653 -0.000806
v -0.018563 0.020538 -0.000828
v -0.019269 0.019835 -0.000800
v -0.019237 0.019015 -0.001354
v -0.019262 0.019732 -0.001323
v -0.017396 0.020955 -0.001347
v -0.016792 0.021776 -0.001297
v -0.015362 0.022471 -0.001306
v -0.015727 0.022073 -0.000752
v -0.017356 0.020992 -0.000759
v -0.019242 0.019018 -0.000766
v -0.019334 0.021410 -0.000816
v -0.016233 0.022790 -0.000766
v -0.016444 0.022726 -0.001335
v -0.019348 0.021868 -0.001349
v -0.015727 0.022775 -0.000806
v -0.015518 0.022424 -0.000799
v -0.014415 0.022520 -0.000746
v -0.014370 0.022528 -0.001333
v -0.013824 0.023212 -0.001321
v -0.011801 0.023201 -0.001283
v -0.012609 0.022830 -0.001323
v -0.012612 0.022832 -0.000736
v -0.013570 0.022932 -0.000784
v -0.011832 0.023871 -0.001311
v -0.013740 0.022901 -0.001263
v -0.011632 0.021816 -0.001316
v -0.011814 0.021657 -0.001317
v -0.011818 0.021658 -0.000730
v -0.011635 0.021817 -0.000729
v -0.012036 0.022402 -0.001320
v -0.012059 0.022423 -0.000732
v -0.012296 0.022351 -0.000734
v -0.012275 0.022333 -0.001321
v -0.013086 0.022750 -0.000739
v -0.013071 0.022746 -0.001326
v -0.011834 0.023865 -0.000744
v -0.011824 0.023661 -0.000789
v -0.011805 0.023207 -0.000780
v -0.011794 0.022941 -0.000732
v -0.011791 0.022940 -0.001319
v -0.011820 0.023613 -0.001249
v -0.019870 0.024164 -0.000631
v -0.018892 0.021510 -0.001587
v -0.019958 0.021510 -0.001589
v -0.019960 0.021510 -0.000541
v -0.018894 0.021510 -0.000539
v -0.018880 0.023573 -0.001621
v -0.019971 0.023573 -0.001622
v -0.019970 0.023573 -0.000502
v -0.018880 0.023573 -0.000510
v -0.019866 0.024163 -0.001498
v -0.018978 0.024165 -0.001500
v -0.018990 0.024164 -0.000628
v -0.019489 0.026971 -0.001043
v -0.019426 0.026932 -0.001119
v -0.019765 0.024338 -0.000761
v -0.019735 0.024337 -0.001400
v -0.019079 0.024340 -0.001368
v -0.019117 0.024337 -0.000732
v -0.019767 0.024339 -0.001369
v -0.019484 0.026675 -0.001064
v -0.019116 0.024337 -0.001396
v -0.019426 0.026674 -0.001120
v -0.019093 0.024336 -0.000760
v -0.019368 0.026675 -0.001064
v -0.019736 0.024337 -0.000729
v -0.019426 0.026674 -0.001008
v -0.018970 0.024128 -0.000614
v -0.018961 0.024126 -0.000680
v -0.019893 0.024126 -0.000639
v -0.019426 0.026041 -0.000629
v -0.019823 0.024298 -0.000627
v -0.019871 0.024126 -0.000620
v -0.019826 0.024126 -0.001504
v -0.019883 0.024298 -0.000686
v -0.019888 0.024128 -0.001496
v -0.019877 0.026041 -0.001063
v -0.019017 0.024128 -0.000629
v -0.018955 0.024126 -0.000621
v -0.018998 0.024126 -0.001505
v -0.019009 0.024298 -0.001439
v -0.019005 0.026041 -0.001062
v -0.019892 0.024126 -0.001500
v -0.018956 0.024126 -0.001456
v -0.019822 0.024298 -0.001512
v -0.018972 0.024128 -0.001523
v -0.019425 0.026041 -0.001509
v -0.019399 0.026984 -0.001084
v -0.019368 0.026964 -0.001028
v -0.019426 0.027134 -0.001064
v -0.019959 0.022087 -0.001019
v -0.019959 0.022804 -0.001205
v -0.019959 0.022804 -0.000925
v -0.019652 0.022087 -0.001111
v -0.019652 0.022804 -0.001018
v -0.018833 0.002132 -0.001904
v -0.018836 0.002134 -0.000222
v -0.020027 0.002133 -0.000223
v -0.020024 0.002132 -0.001905
vn 0.9810 0.1498 0.1230
vn 0.9968 0.0798 0.0022
vn 0.9804 0.1515 -0.1260
vn 0.2020 0.1904 -0.9607
vn -0.0148 0.1022 -0.9947
vn -0.2133 0.1891 -0.9585
vn -0.6792 0.3863 -0.6241
vn -0.9972 0.0719 0.0212
vn -0.6315 0.4095 0.6584
vn -0.0240 -0.1417 0.9896
vn 0.2640 -0.0261 0.9642
vn -0.2777 -0.0296 0.9602
vn 0.0718 0.8404 -0.5372
vn 0.7579 0.1800 -0.6271
vn -0.0015 -0.0000 -1.0000
vn 0.9897 0.0407 -0.1370
vn 0.9942 0.0478 -0.0966
vn 0.9996 0.0165 0.0218
vn -0.6733 0.2216 0.7054
vn 0.4424 0.5962 -0.6700
vn -0.0429 0.3446 -0.9378
vn 0.6101 0.2347 0.7568
vn -0.6196 0.2351 0.7488
vn 0.2251 0.3977 -0.8895
vn -0.0240 0.3408 -0.9398
vn -0.5853 0.4748 0.6572
vn -0.5159 -0.0505 0.8551
vn -0.0423 0.5697 -0.8208
vn -0.0041 0.7717 0.6360
vn -0.0618 0.7712 -0.6336
vn 0.8267 -0.0311 0.5617
vn 0.6970 -0.3033 0.6498
vn -0.0324 -0.0205 0.9993
vn -0.0569 -0.1354 0.9892
vn 0.0429 0.0270 -0.9987
vn -0.6468 -0.2941 -0.7036
vn 0.0340 0.1096 -0.9934
vn 0.6903 -0.2902 -0.6628
vn 0.9998 0.0058 0.0192
vn 0.9994 0.0039 0.0358
vn 0.4187 -0.9027 0.0992
vn 0.9997 -0.0164 -0.0202
vn 0.6628 0.3131 0.6802
vn -0.9983 -0.0424 0.0400
vn -0.1154 -0.9885 -0.0973
vn -0.8313 0.4034 -0.3824
vn 0.7861 0.4813 -0.3877
vn -0.1453 -0.8795 0.4532
vn -0.0192 -0.0596 0.9980
vn -0.6382 -0.2630 0.7235
vn -0.0135 -0.0290 0.9995
vn 0.2164 0.5731 0.7904
vn 0.1921 0.6020 0.7750
vn 0.0471 0.0396 -0.9981
vn -0.4612 -0.3966 -0.7937
vn 0.0483 0.0591 -0.9971
vn -0.3073 -0.4608 -0.8326
vn 0.0331 0.0850 -0.9958
vn -0.0194 -0.0483 -0.9986
vn 0.0320 0.0352 -0.9989
vn -0.3093 -0.4704 0.8265
vn 0.0679 0.0766 0.9947
vn 0.0390 0.1119 0.9930
vn -0.4642 -0.3997 0.7904
vn 0.0402 0.0329 0.9986
vn -0.7591 -0.5076 0.4076
vn 0.0256 0.0294 0.9992
vn -0.0228 -0.0775 0.9967
vn -0.0107 -0.1372 0.9905
vn -0.2559 -0.8238 0.5059
vn -0.0273 -0.0781 -0.9966
vn -0.0325 -0.1002 -0.9944
vn -0.2246 0.0518 -0.9731
vn 0.3483 -0.5659 -0.7473
vn -0.4321 0.5047 -0.7474
vn 0.4898 -0.5788 0.6520
vn 0.4961 -0.5787 -0.6473
vn -0.2198 0.0514 0.9742
vn 0.3424 -0.5768 0.7416
vn 0.0793 -0.5324 0.8427
vn 0.0402 0.0551 0.9977
vn -0.0148 -0.0339 0.9993
vn 0.1796 0.5949 0.7835
vn 0.1555 0.6278 0.7627
vn 0.0260 0.0379 -0.9989
vn -0.4127 -0.4695 -0.7806
vn 0.0445 0.0713 -0.9965
vn -0.2673 -0.5448 -0.7949
vn 0.0274 0.1337 -0.9906
vn 0.1705 0.6105 -0.7735
vn -0.0829 -0.3259 -0.9418
vn 0.1461 0.6690 -0.7287
vn -0.0259 -0.0526 -0.9983
vn -0.0206 -0.0878 -0.9959
vn 0.0121 0.0343 -0.9993
vn -0.6488 -0.6011 0.4667
vn -0.0080 0.0330 0.9994
vn 0.0306 0.0407 0.9987
vn 0.0347 0.0995 0.9944
vn -0.0119 -0.0670 0.9977
vn -0.1808 -0.7556 0.6296
vn 0.1763 0.6902 0.7019
vn -0.2251 -0.9590 -0.1721
vn -0.1584 -0.5710 -0.8055
vn 0.0157 0.1217 -0.9924
vn 0.0204 0.0742 -0.9970
vn 0.2843 0.2192 -0.9333
vn 0.0233 0.0261 -0.9994
vn -0.2576 0.2221 -0.9404
vn -0.9433 0.2278 -0.2415
vn -0.9806 0.0773 -0.1800
vn -0.9623 0.2506 0.1058
vn -0.8241 0.2140 0.5244
vn -0.4316 0.2528 -0.8659
vn -0.0410 0.2928 -0.9553
vn -0.0668 0.9977 0.0072
vn -0.0898 0.0124 0.9959
vn 0.7028 0.1705 0.6907
vn 0.7456 0.1985 -0.6361
vn -0.0000 -0.0000 -0.0000
vn 0.6916 0.1575 -0.7049
vn 0.0068 0.9987 0.0499
vn 0.9809 0.0256 0.1929
vn -0.0292 -0.2560 0.9662
vn -0.5935 0.1968 0.7804
vn 0.0064 0.9987 -0.0499
vn -0.0321 -0.2565 -0.9660
vn 0.9803 0.0256 -0.1959
vn -0.7775 0.2067 0.5939
vn 0.0669 0.9977 -0.0073
vn -0.6611 0.1596 -0.7331
vn 0.0899 0.0124 -0.9959
vn 0.0435 0.9971 -0.0623
vn -0.9975 0.0675 0.0192
vn -0.9799 0.1499 0.1315
vn -0.9795 0.1522 -0.1318
vn -0.0197 0.1002 -0.9948
vn -0.2148 0.1898 -0.9580
vn 0.2079 0.1921 -0.9591
vn 0.9969 0.0777 -0.0117
vn 0.9801 0.1501 -0.1298
vn 0.9803 0.1519 0.1261
vn -0.2192 0.1898 0.9570
vn -0.0187 0.0904 0.9957
vn 0.1958 0.1937 0.9613
vn -0.6544 0.3913 -0.6470
vn 0.0324 0.5251 -0.8504
vn 0.6429 0.3954 -0.6560
vn -0.6697 0.4097 0.6194
vn 0.6225 0.4199 0.6605
vn -0.3107 -0.0375 0.9498
vn -0.0781 -0.1444 0.9864
vn 0.2430 -0.0192 0.9698
vn -0.7445 0.1768 -0.6438
vn 0.0007 0.8734 -0.4870
vn 0.0015 -0.0000 -1.0000
vn -0.9720 0.0478 0.2299
vn -0.9992 -0.0076 0.0381
vn -0.9778 0.0609 0.2005
vn -0.1138 0.3148 0.9423
vn 0.6212 0.2352 -0.7475
vn -0.0678 0.2821 -0.9570
vn -0.0096 0.3147 0.9491
vn -0.9999 0.0032 -0.0145
vn -0.9836 0.0475 -0.1742
vn -0.9835 0.0530 -0.1731
vn -0.2254 0.3978 -0.8894
vn 0.6196 0.2351 0.7488
vn 0.0240 0.3410 -0.9398
vn -0.0706 0.2821 0.9568
vn 0.3108 -0.0375 -0.9497
vn 0.0781 -0.1445 -0.9864
vn -0.2430 -0.0192 -0.9698
vn -0.0007 0.8734 0.4871
vn -0.7464 0.1768 0.6416
vn -0.0015 -0.0000 1.0000
vn 0.9977 -0.0655 -0.0172
vn 0.5462 0.5429 0.6380
vn 0.0332 0.8171 -0.5755
vn -0.7787 0.0291 -0.6267
vn 0.0332 0.7208 0.6924
vn -0.8023 -0.1037 0.5878
vn -0.9993 -0.0017 0.0365
vn -0.6909 -0.2908 -0.6619
vn -0.9909 -0.1276 0.0428
vn 0.6490 -0.2983 0.6999
vn -0.0281 0.0244 0.9993
vn -0.0496 0.0005 0.9988
vn 0.6663 -0.2575 -0.6998
vn -0.0105 0.1215 -0.9925
vn 0.6271 0.6124 -0.4814
vn -0.1285 -0.9837 -0.1255
vn 0.0833 -0.2493 0.9648
vn -0.2115 0.5793 0.7872
vn 0.0128 -0.0312 0.9994
vn -0.0443 0.0374 -0.9983
vn 0.4612 -0.3966 -0.7937
vn 0.7611 -0.5083 -0.4028
vn -0.0489 0.0594 -0.9970
vn 0.3050 -0.4622 -0.8327
vn -0.0335 0.0881 -0.9955
vn 0.1899 -0.5554 -0.8096
vn 0.0276 -0.0726 -0.9970
vn 0.0211 -0.0457 -0.9987
vn -0.0308 0.0344 -0.9989
vn 0.1981 -0.5506 0.8109
vn -0.0345 0.0850 0.9958
vn 0.3116 -0.4696 0.8260
vn -0.0462 0.0536 0.9975
vn 0.4638 -0.3999 0.7905
vn -0.0437 0.0349 0.9984
vn 0.7586 -0.5106 0.4048
vn -0.0272 0.0306 0.9992
vn -0.2165 0.6647 0.7150
vn -0.2126 0.6641 -0.7167
vn -0.2237 0.6583 -0.7187
vn -0.0630 -0.5372 -0.8411
vn 0.0333 -0.0999 -0.9944
vn -0.0171 0.0829 -0.9964
vn 0.2240 0.0517 -0.9732
vn -0.3557 -0.5460 -0.7585
vn 0.1310 -0.5877 0.7984
vn -0.0211 0.0852 0.9961
vn 0.2251 0.0433 0.9734
vn 0.1331 -0.5861 -0.7992
vn -0.0260 0.0379 -0.9989
vn 0.4127 -0.4694 -0.7806
vn 0.6487 -0.6053 -0.4613
vn 0.0296 -0.1382 0.9900
vn -0.1531 0.6222 0.7677
vn 0.0147 -0.0339 0.9993
vn -0.0445 0.0713 -0.9965
vn 0.2661 -0.5456 -0.7947
vn -0.0274 0.1337 -0.9906
vn 0.1584 -0.5709 -0.8056
vn -0.1461 0.6690 -0.7287
vn 0.0823 -0.2388 -0.9676
vn 0.0829 -0.3259 -0.9418
vn -0.1704 0.6104 -0.7735
vn 0.0206 -0.0878 -0.9959
vn -0.0204 0.0742 -0.9970
vn -0.0207 0.1126 -0.9934
vn -0.0157 0.1217 -0.9924
vn 0.0259 -0.0526 -0.9983
vn -0.0121 0.0344 -0.9993
vn -0.0171 0.0942 0.9954
vn 0.0221 -0.1111 0.9936
vn -0.0228 0.0937 0.9953
vn -0.0380 0.0982 0.9944
vn -0.0969 0.1271 0.9871
vn -0.0306 0.0407 0.9987
vn 0.0080 0.0330 0.9994
vn -0.1671 0.6596 0.7328
vn -0.1406 -0.5226 -0.8409
vn -0.1132 -0.5419 0.8328
vn 0.1770 0.0466 0.9831
vn -0.9352 0.2291 -0.2699
vn -0.9752 0.0682 -0.2108
vn -0.9608 0.2533 0.1127
vn -0.0088 0.0268 -0.9996
vn -0.2646 0.2288 -0.9368
vn 0.2711 0.2272 -0.9354
vn 0.9802 0.0853 -0.1789
vn 0.9448 0.2349 -0.2283
vn 0.9586 0.2548 0.1271
vn -0.1921 0.2390 0.9518
vn -0.0436 0.0791 0.9959
vn 0.1500 0.2463 0.9575
vn -0.8863 0.3858 0.2561
vn 0.4880 0.2394 -0.8394
vn 0.0318 0.2905 -0.9563
vn 0.8228 0.2118 0.5274
vn 0.7022 0.1675 0.6919
vn -0.1905 0.0253 0.9814
vn -0.9730 -0.2283 -0.0353
vn -0.0064 0.9987 0.0499
vn -0.6916 0.1575 -0.7049
vn -0.9809 0.0256 0.1928
vn 0.6394 0.1887 -0.7454
vn 0.0292 -0.2559 0.9663
vn -0.6936 0.1575 0.7029
vn -0.0066 0.9987 -0.0498
vn -0.9803 0.0256 -0.1959
vn 0.6373 0.1887 0.7472
vn 0.0321 -0.2560 -0.9661
vn -0.1875 0.0253 -0.9819
vn -0.0544 0.9985 -0.0070
vn 0.6626 0.1568 -0.7323
vn 0.7782 0.2068 0.5930
vn -0.9731 -0.2281 0.0323
vn -0.0440 0.9969 -0.0657
vn -1.0000 -0.0014 -0.0062
vn -1.0000 -0.0025 -0.0015
vn -1.0000 -0.0017 0.0044
vn -0.1267 -0.5450 0.8288
vn -0.7830 -0.6200 -0.0505
vn -0.0000 -1.0000 -0.0000
vn 1.0000 -0.0000 -0.0015
vn -0.0112 -0.0102 0.9999
vn -0.0112 -0.0206 0.9997
vn -0.0112 -0.0099 0.9999
vn -1.0000 -0.0028 0.0002
vn -1.0000 -0.0055 -0.0011
vn -1.0000 -0.0027 0.0003
vn -0.0015 0.0288 -0.9996
vn 0.0048 0.0146 -0.9999
vn 0.0047 0.0147 -0.9999
vn 0.9999 0.0114 -0.0015
vn 0.9999 -0.0117 -0.0012
vn 0.9999 -0.0103 -0.0012
vn 0.0015 0.0288 0.9996
vn -0.0049 0.0144 0.9999
vn -0.0047 0.0148 0.9999
vn -0.9999 0.0114 0.0041
vn -1.0000 0.0054 0.0027
vn -1.0000 0.0058 0.0028
vn 0.0112 -0.0101 -0.9999
vn 0.0112 -0.0100 -0.9999
vn 0.9998 -0.0193 -0.0021
vn 0.9998 -0.0203 0.0006
vn 0.6083 0.5445 0.5775
vn 0.9992 -0.0386 0.0037
vn 0.9992 -0.0395 0.0034
vn 0.5508 0.5535 -0.6247
vn -0.0045 -0.0392 -0.9992
vn -0.0040 -0.0417 -0.9991
vn -0.6194 0.5998 -0.5066
vn -0.9994 -0.0314 -0.0121
vn -0.9994 -0.0325 -0.0118
vn -0.5616 0.5317 0.6339
vn 0.0126 -0.0432 0.9990
vn 0.0119 -0.0463 0.9989
vn -0.0940 0.9929 -0.0733
vn -0.0978 0.9923 0.0765
vn 0.1102 0.9910 0.0760
vn 0.1145 0.9906 -0.0746
vn 0.5276 0.5246 0.6681
vn 0.6583 0.4180 0.6260
vn 0.6203 0.3993 -0.6751
vn -0.9799 0.1481 0.1340
vn -0.9814 0.1534 -0.1153
vn 0.2089 0.1882 0.9597
vn -0.1942 0.1913 0.9621
vn 0.0284 0.1041 0.9942
vn 0.9722 0.2204 -0.0785
vn 0.9732 0.2171 0.0764
vn -0.1113 0.2924 -0.9498
vn 0.1017 0.2935 -0.9505
vn -0.9728 0.2150 0.0856
vn -0.9724 0.2223 -0.0706
vn 0.1100 0.2885 0.9511
vn -0.0975 0.2933 0.9510
vn -0.9720 0.2306 -0.0459
vn -0.0860 0.9963 -0.0041
vn 0.9720 0.2306 0.0459
vn 0.0727 0.0825 0.9939
vn -0.0778 0.0813 0.9936
vn 0.0973 -0.1531 0.9834
vn 0.9999 0.0031 -0.0146
vn 0.9999 0.0097 -0.0135
vn 0.9835 0.0530 -0.1732
vn 0.9835 0.0475 -0.1743
vn 0.0706 0.2821 0.9568
vn 0.0009 0.8086 0.5883
vn 0.0001 0.9971 0.0759
vn -0.9728 0.2308 0.0190
vn -0.7350 0.1746 0.6553
vn -0.2962 -0.0343 -0.9545
vn 0.2301 -0.0162 -0.9730
vn -0.0766 -0.1373 -0.9876
vn 0.9729 0.2308 0.0161
vn 0.0015 -0.0000 1.0000
vn -0.0905 0.0778 -0.9929
vn 0.0663 0.0876 -0.9940
vn -0.0848 -0.1500 -0.9851
vn 0.7466 -0.0383 -0.6641
vn -0.1577 0.0085 -0.9874
vn 1.0000 -0.0012 -0.0047
vn 1.0000 -0.0007 -0.0033
vn 1.0000 -0.0030 0.0062
vn 1.0000 -0.0059 0.0030
vn 1.0000 -0.0055 -0.0040
vn -0.0000 1.0000 -0.0000
vn 0.4288 -0.8952 -0.1216
vn 0.9987 -0.0469 -0.0173
vn 0.9998 -0.0033 -0.0175
vn 0.9991 0.0078 -0.0405
vn -0.9990 0.0372 0.0235
vn 0.0537 0.0049 0.9985
vn 0.0211 0.0423 0.9989
vn -0.0191 -0.0015 0.9998
vn -1.0000 0.0059 0.0015
vn -0.0015 0.0076 -1.0000
vn -0.0051 0.0111 0.9999
vn -0.9999 -0.0051 -0.0151
vn -0.0297 -0.0069 -0.9995
vn 0.9994 0.0319 -0.0144
vn -0.0122 0.0018 -0.9999
vn -0.6930 -0.3130 -0.6494
vn -0.1441 -0.9817 -0.1245
vn -0.6263 0.6182 0.4750
vn -0.6116 0.6077 -0.5066
vn 0.6612 -0.3263 0.6755
vn 0.1259 -0.9861 0.1085
vn 0.1201 -0.9822 -0.1442
vn 0.7190 -0.2784 -0.6368
vn 0.6117 0.6094 -0.5045
vn 0.6196 0.6051 0.4999
vn -0.6894 -0.3193 0.6502
vn -0.1278 -0.9857 0.1097
vn -0.6107 0.6066 0.5090
vn -0.6538 -0.3173 -0.6869
vn -0.1348 -0.9806 -0.1426
vn -0.6168 0.6116 -0.4955
vn 1.0000 -0.0023 -0.0005
vn -1.0000 -0.0000 0.0015
vn -1.0000 -0.0023 0.0005
vn 0.0015 -0.0048 -1.0000
vn -0.0015 -0.0048 1.0000
vn 0.5984 0.5012 -0.6251
vn -0.5860 0.5069 -0.6321
vn 0.5862 0.5004 0.6371
vn -0.6000 0.4932 0.6298
vn -1.0000 -0.0000 0.0037
vn 0.0082 -0.0000 1.0000
vn 0.0083 -0.0000 1.0000
vn 1.0000 -0.0000 -0.0037
vn -0.0083 -0.0000 -1.0000
vn -1.0000 -0.0000 0.0039
vn -1.0000 -0.0000 0.0036
vn 0.0081 -0.0000 1.0000
vn 0.0085 -0.0000 1.0000
vn 1.0000 -0.0000 -0.0036
vn 1.0000 -0.0000 -0.0039
vn -0.0081 -0.0000 -1.0000
vn -0.0085 -0.0000 -1.0000
vn -1.0000 0.0030 -0.0005
vn -1.0000 0.0034 -0.0008
vn -0.0054 0.0052 1.0000
vn -0.0050 0.0049 1.0000
vn 1.0000 0.0035 0.0008
vn 1.0000 0.0031 0.0005
vn 0.0053 0.0052 -1.0000
vn 0.0050 0.0049 -1.0000
vn -1.0000 0.0029 -0.0007
vn -1.0000 0.0030 -0.0007
vn -0.0007 0.0049 1.0000
vn 1.0000 0.0030 -0.0008
vn 0.0051 0.0046 -1.0000
vn -0.9999 -0.0138 0.0014
vn 0.0105 -0.0261 0.9996
vn 0.9999 -0.0139 -0.0044
vn -0.0015 -0.0259 -0.9997
vn -0.9996 -0.0277 0.0014
vn -0.7427 0.6633 -0.0922
vn 0.7379 0.6684 -0.0936
vn 0.7395 0.6650 0.1049
vn -0.7383 0.6659 0.1068
vn 0.1983 0.5405 -0.8176
vn 0.2124 0.6177 -0.7572
vn -0.7606 -0.5113 -0.4001
vn -0.2006 -0.5599 0.8039
vn -0.1989 -0.5622 -0.8027
vn 0.2158 0.6725 -0.7080
vn 0.2219 0.6768 0.7020
vn 0.0965 -0.5351 -0.8393
vn 0.0151 0.0754 -0.9970
vn -0.4233 0.4935 0.7598
vn -0.1310 -0.5876 0.7985
vn -0.1331 -0.5861 -0.7992
vn 0.1550 0.5597 -0.8141
vn -0.6477 -0.6096 -0.4571
vn -0.3937 -0.4842 0.7814
vn -0.2609 -0.5457 0.7963
vn -0.1407 -0.5883 0.7963
vn -0.1957 0.0617 -0.9787
vn -0.1952 0.0496 0.9795
vn -0.0760 -0.6078 0.7904
vn -0.0877 -0.6277 -0.7735
vn 0.0207 0.1126 -0.9934
vn -0.0823 -0.2388 -0.9676
vn 0.0237 0.1371 0.9903
vn 0.0446 0.1739 0.9837
vn 0.0810 0.1056 0.9911
vn -0.0193 -0.1234 0.9922
vn 0.1250 -0.5485 0.8267
vn 0.1399 -0.5247 -0.8397
vn -0.5565 0.3907 0.7333
vn -0.5291 0.5164 0.6734
vn -0.5413 0.5113 -0.6676
vn -0.5651 0.3886 -0.7278
vn 0.6095 -0.4145 0.6758
vn 0.4233 -0.4856 0.7649
vn 0.6001 -0.4156 -0.6835
vn 0.4216 -0.4829 -0.7675
vn 0.0060 0.0902 -0.9959
vn 0.0032 -0.0165 -0.9999
vn 0.0060 0.0900 -0.9959
vn -0.0030 0.0901 0.9959
vn -0.0032 -0.0165 0.9999
vn -0.0030 0.0902 0.9959
vn -0.9968 0.0797 0.0002
vn -1.0000 -0.0063 0.0009
vn -0.9968 0.0798 0.0002
vn 0.1184 0.2835 -0.9516
vn -0.0811 0.2706 -0.9593
vn 0.9612 0.2714 0.0491
vn 0.9588 0.2604 -0.1138
vn 0.9971 0.0755 -0.0026
vn 0.9971 0.0756 0.0011
vn -0.0607 0.2886 0.9555
vn 0.0809 0.2671 0.9603
vn -0.9619 0.2686 0.0522
vn -0.9589 0.2635 -0.1056
vn 0.9384 0.2230 -0.2641
vn 0.9629 0.2471 0.1086
vn 0.9709 0.0790 -0.2261
vn 0.1770 0.2358 0.9556
vn -0.1460 0.2408 0.9595
vn 0.0496 0.0911 0.9946
vn 0.8841 0.3916 0.2549
vn 0.0311 0.0343 -0.9989
vn 0.9999 -0.0081 0.0060
vn 0.9999 -0.0035 0.0103
vn -0.6394 0.1887 -0.7453
vn 0.7375 0.1468 0.6592
vn 1.0000 -0.0014 -0.0062
vn 1.0000 -0.0019 -0.0080
vn 0.9999 -0.0080 -0.0069
vn 0.9165 0.3927 0.0760
vn 0.9171 0.3930 -0.0673
vn 0.1267 -0.5450 0.8288
vn 0.7830 -0.6200 -0.0504
vn 0.2860 0.1232 -0.9503
vn 0.0107 -0.0524 0.9986
vn 0.9996 -0.0278 -0.0045
vn -0.0014 -0.0513 -0.9987
vn -0.0112 -0.0206 -0.9997
vn -0.0048 -0.0102 -0.9999
vn -0.0048 -0.0101 -0.9999
vn -1.0000 -0.0000 -0.0015
vn 0.0112 -0.0206 0.9997
vn 0.0050 -0.0105 0.9999
vn 0.0048 -0.0102 0.9999
vn 1.0000 -0.0055 -0.0011
vn 1.0000 -0.0029 0.0001
vn 1.0000 -0.0026 0.0003
vn 0.0080 0.0146 -0.9999
vn 0.0079 0.0145 -0.9999
vn 0.0143 0.0288 -0.9995
vn -0.9999 0.0114 -0.0015
vn -1.0000 -0.0096 -0.0012
vn -0.9999 -0.0123 -0.0012
vn -0.0080 0.0146 0.9999
vn -0.0078 0.0141 0.9999
vn -0.0143 0.0288 0.9995
vn 1.0000 0.0060 0.0029
vn 1.0000 0.0053 0.0027
vn 0.9999 0.0114 0.0041
vn -0.9998 -0.0206 0.0006
vn -0.9998 -0.0188 -0.0021
vn -0.9992 -0.0397 0.0034
vn -0.9993 -0.0378 0.0039
vn -0.6183 0.5351 0.5757
vn -0.5585 0.5539 -0.6175
vn 0.0040 -0.0417 -0.9991
vn 0.0045 -0.0392 -0.9992
vn 0.6131 0.5618 -0.5554
vn 0.9992 -0.0390 -0.0038
vn 0.9993 -0.0374 -0.0040
vn 0.5522 0.5423 0.6333
vn 0.0083 -0.0516 0.9986
vn 0.0083 -0.0492 0.9988
vn 0.0940 0.9929 -0.0733
vn 0.0978 0.9923 0.0765
vn -0.1102 0.9910 0.0760
vn -0.1145 0.9906 -0.0746
vn -0.5423 0.5159 0.6632
vn -0.9723 0.2184 0.0832
vn -0.9713 0.2233 -0.0822
vn -0.1128 0.2944 -0.9490
vn 0.1090 0.2967 -0.9487
vn 0.9725 0.2185 -0.0809
vn 0.9722 0.2204 0.0792
vn 0.1017 0.2971 0.9494
vn -0.1165 0.2941 0.9486
vn -0.0001 0.9971 0.0761
vn 0.9728 0.2308 0.0191
vn -0.9729 0.2308 0.0162
vn 0.0633 0.0897 0.9940
vn -0.0878 0.0798 0.9929
vn -0.0865 -0.1580 0.9837
vn -0.9998 0.0023 0.0176
vn -0.9999 0.0097 -0.0134
vn 0.9729 0.2308 -0.0161
vn 0.0001 0.9971 -0.0760
vn -0.9728 0.2308 -0.0191
vn -0.0633 0.0898 -0.9939
vn 0.0878 0.0798 -0.9929
vn 0.0865 -0.1580 -0.9836
vn -1.0000 -0.0010 0.0010
vn -1.0000 -0.0017 0.0028
vn -1.0000 -0.0059 0.0030
vn -1.0000 -0.0055 -0.0040
vn -1.0000 -0.0022 -0.0071
vn -0.9999 -0.0002 -0.0122
vn -0.6969 -0.2849 0.6581
vn -0.9991 0.0078 -0.0405
vn -0.9996 -0.0170 -0.0205
vn -0.0062 0.0107 -0.9999
vn 0.0192 -0.0016 0.9998
vn 0.1133 -0.9077 0.4040
vn 0.0192 -0.0586 0.9981
vn 1.0000 0.0059 0.0015
vn 0.0015 0.0076 -1.0000
vn -0.8201 0.4157 -0.3932
vn -0.4148 -0.9004 0.1314
vn 0.4346 0.3991 0.8074
vn 0.0192 0.0184 0.9996
vn 0.1671 -0.8810 -0.4426
vn 0.0297 -0.0069 -0.9995
vn -0.9986 0.0302 0.0430
vn -0.7907 0.4674 0.3953
vn 0.0089 -0.0105 0.9999
vn 0.9999 -0.0123 -0.0067
vn 0.0122 0.0018 -0.9999
vn 0.1709 -0.9754 0.1395
vn 0.6361 -0.2768 0.7202
vn 0.6177 0.6033 0.5044
vn 0.1118 -0.9857 -0.1264
vn 0.7201 -0.2921 -0.6294
vn 0.6166 0.6024 -0.5068
vn -0.1200 -0.9822 -0.1442
vn -0.1259 -0.9861 0.1084
vn -0.7016 -0.2910 0.6504
vn -0.6752 -0.3149 -0.6671
vn -0.6196 0.6051 0.4999
vn -0.6117 0.6094 -0.5045
vn 0.1278 -0.9857 0.1097
vn 0.6638 -0.2835 0.6921
vn 0.6107 0.6066 0.5090
vn 0.1348 -0.9806 -0.1426
vn 0.6952 -0.2823 -0.6611
vn 0.6168 0.6116 -0.4955
vn -1.0000 -0.0023 -0.0005
vn 1.0000 -0.0023 0.0005
vn 1.0000 -0.0000 0.0015
vn -0.0015 -0.0048 -1.0000
vn 0.0015 -0.0048 1.0000
vn -0.5930 0.5065 -0.6260
vn 0.5914 0.5017 -0.6313
vn -0.5859 0.5009 0.6371
vn 0.6004 0.4927 0.6299
vn 1.0000 -0.0000 0.0037
vn -0.0083 -0.0000 1.0000
vn -0.0082 -0.0000 1.0000
vn -1.0000 -0.0000 -0.0037
vn 0.0083 -0.0000 -1.0000
vn 1.0000 -0.0000 0.0039
vn 1.0000 -0.0000 0.0036
vn -0.0085 -0.0000 1.0000
vn -0.0081 -0.0000 1.0000
vn -1.0000 -0.0000 -0.0039
vn -1.0000 -0.0000 -0.0036
vn 0.0085 -0.0000 -1.0000
vn 0.0081 -0.0000 -1.0000
vn 1.0000 0.0030 -0.0005
vn 1.0000 0.0034 -0.0008
vn 0.0050 0.0049 1.0000
vn 0.0054 0.0052 1.0000
vn -1.0000 0.0031 0.0005
vn -1.0000 0.0035 0.0008
vn -0.0050 0.0049 -1.0000
vn -0.0053 0.0052 -1.0000
vn 1.0000 0.0029 -0.0007
vn 1.0000 0.0030 -0.0007
vn 0.0007 0.0049 1.0000
vn -1.0000 0.0030 -0.0008
vn -0.0051 0.0046 -1.0000
vn 0.9999 -0.0138 0.0014
vn -0.0105 -0.0261 0.9996
vn -0.9999 -0.0139 -0.0044
vn 0.0015 -0.0259 -0.9997
vn 0.9996 -0.0277 0.0014
vn -0.7306 0.6766 -0.0921
vn 0.7490 0.6559 -0.0937
vn -0.7321 0.6730 0.1053
vn 0.7447 0.6589 0.1064
vn -0.1953 0.5341 -0.8226
vn 0.0112 -0.0206 -0.9997
vn 0.0331 -0.1087 0.9935
vn -0.1656 -0.5158 0.8405
vn 0.4279 0.5075 0.7479
vn 0.4255 0.4969 -0.7563
vn -0.4692 -0.5895 0.6575
vn -0.4966 -0.5793 -0.6463
vn -0.1549 0.5600 -0.8139
vn -0.1795 0.5944 0.7839
vn 0.3957 -0.4851 0.7798
vn 0.6478 -0.6054 0.4625
vn 0.2623 -0.5460 0.7957
vn 0.1412 -0.5884 0.7962
vn 0.1960 0.0571 -0.9789
vn 0.0877 -0.6278 -0.7734
vn 0.0760 -0.6078 0.7904
vn 0.5416 0.5091 -0.6690
vn 0.5288 0.5190 0.6716
vn 0.5565 0.3907 0.7333
vn 0.5651 0.3886 -0.7277
vn -0.4225 -0.4830 0.7669
vn -0.6095 -0.4145 0.6758
vn -0.4237 -0.4825 -0.7666
vn -0.6001 -0.4156 -0.6835
vn 0.0009 -0.0161 -0.9999
vn 0.0002 0.0878 -0.9961
vn 0.0002 0.0882 -0.9961
vn 0.0032 -0.0165 0.9999
vn 0.0028 0.0880 0.9961
vn 0.0028 0.0885 0.9961
vn 1.0000 -0.0063 0.0009
vn 0.9969 0.0780 0.0033
vn 0.9969 0.0782 0.0033
vn 0.1067 0.2852 -0.9525
vn -0.1200 0.2636 -0.9572
vn -0.9613 0.2701 0.0534
vn -0.9973 0.0740 0.0009
vn -0.9973 0.0739 -0.0029
vn -0.9580 0.2613 -0.1185
vn 0.0521 0.2744 0.9602
vn -0.0780 0.2892 0.9541
vn 0.9601 0.2720 0.0650
vn 0.9648 0.2471 -0.0896
vn -0.0053 0.0350 -0.9994
vn -0.9999 -0.0081 0.0060
vn -0.0542 0.9985 0.0065
vn 0.7483 0.1986 -0.6330
vn -0.9999 -0.0080 -0.0069
vn -0.9171 0.3931 -0.0673
vn -0.9165 0.3927 0.0760
vn -0.2860 0.1232 -0.9503
vn -0.0107 -0.0524 0.9986
vn -0.9996 -0.0278 -0.0045
vn 0.0014 -0.0513 -0.9987
vt -4.605624 4.775279
vt -2.906142 4.678093
vt 2.780780 1.108954
vt 5.490577 -0.119946
vt -2.906142 5.367995
vt -4.401374 5.642236
vt 3.861330 1.120506
vt 4.880747 -0.119946
vt -4.401374 4.775279
vt -2.796539 5.367990
vt 3.013113 1.108951
vt 4.648217 1.120506
vt -3.496830 -0.115346
vt -5.072485 1.137403
vt -1.668733 -0.115346
vt -4.401968 1.137403
vt -3.614132 -0.115347
vt -2.533930 -0.115346
vt -4.284657 -0.115347
vt -2.631634 -0.115346
vt -5.277333 3.786923
vt -4.294826 2.590064
vt -3.788618 4.775279
vt 3.575596 3.583626
vt -5.160022 2.590064
vt -3.526596 2.492878
vt 3.575596 4.552058
vt -3.293736 4.678093
vt -4.197122 2.492878
vt -2.544098 2.492878
vt -3.293736 5.376040
vt 3.932063 3.595182
vt -3.496830 1.138526
vt -3.702240 5.473239
vt 3.845685 4.563625
vt -5.072485 -0.116469
vt -3.702240 4.775279
vt 3.489218 3.583626
vt -1.668733 1.138526
vt -4.401968 -0.116469
vt -5.947849 3.786923
vt -3.409294 2.492878
vt -3.788618 5.473239
vt 3.932063 4.563625
vt -3.614132 1.138525
vt 3.489218 4.552058
vt -3.380115 4.678093
vt -2.533930 1.138526
vt -4.284657 1.138525
vt -2.631634 1.138526
vt -3.380115 5.376040
vt 3.845685 3.595182
vt -4.532241 5.628907
vt -2.731069 4.678093
vt -5.745871 3.899021
vt -5.833700 4.004263
vt -6.327174 -3.322478
vt -3.796797 -3.323498
vt -5.834642 4.633779
vt -5.697659 -3.322478
vt -5.109843 -1.588166
vt -6.322504 4.633040
vt -5.597704 -1.588166
vt -5.014128 -3.322478
vt -6.321561 4.003527
vt -4.384614 -3.322478
vt -4.284657 -3.323498
vt -6.467440 7.961788
vt -5.986518 -1.588166
vt -5.333013 -3.322478
vt -6.551938 7.961650
vt -5.373663 -3.322478
vt -4.725945 -1.588166
vt -6.551776 7.852619
vt -4.673485 -1.588166
vt -4.061489 -1.589185
vt -6.467274 7.852748
vt -6.038973 -1.588166
vt -4.020823 -1.589185
vt -2.271321 7.937617
vt -6.504943 7.925793
vt -2.417155 7.973128
vt -5.573340 7.944117
vt -2.237408 7.937565
vt -6.524398 7.888050
vt -5.775531 7.856744
vt 3.805058 -1.658428
vt -5.760630 -3.212827
vt 3.553118 -0.191259
vt -6.012576 -1.745652
vt 2.819309 -0.191259
vt -5.548878 -1.696839
vt 3.014797 -1.658428
vt -5.353909 -3.164016
vt 2.727454 -1.658428
vt -4.447600 -3.212827
vt 2.475420 -0.191259
vt -4.699635 -1.745652
vt 2.131986 -1.658506
vt -3.845618 -3.214825
vt 3.301454 -1.658428
vt -6.264242 -3.212827
vt 3.209599 -0.191259
vt -5.158593 -1.696839
vt 2.223840 -1.658428
vt -4.951210 -3.212827
vt 1.741692 -1.658506
vt -4.235904 -3.214825
vt 1.936496 -0.191338
vt -4.040582 -1.747647
vt 4.563814 1.180289
vt 6.109271 1.180290
vt 4.772779 1.180281
vt 5.532878 1.180281
vt 5.441023 2.415088
vt 4.622162 1.180279
vt 4.864634 2.415079
vt 4.714432 1.180290
vt 4.772365 2.415103
vt 4.563397 2.415100
vt 5.816970 2.415103
vt 5.156934 1.180267
vt 4.714017 2.415103
vt 4.621748 2.415100
vt 1.554593 2.476644
vt 6.070846 1.288318
vt 1.055063 2.476644
vt 5.571308 1.288318
vt 1.304828 3.537208
vt 5.821073 2.348884
vt 2.716462 1.168747
vt 3.753530 1.180300
vt 2.943662 1.168746
vt 4.471543 1.180287
vt 3.661675 1.168732
vt 2.673484 1.168734
vt 3.307670 2.403545
vt 2.699555 2.403548
vt 4.117545 2.415100
vt 2.581891 2.476644
vt 4.423684 1.288316
vt 1.959605 2.476644
vt 3.801399 1.288316
vt 2.266386 3.537208
vt 4.116903 2.348881
vt 1.053238 1.182072
vt 2.581115 1.182086
vt 0.826030 1.182067
vt 1.863104 1.182072
vt 1.771249 1.182086
vt 0.783045 1.182081
vt 1.407237 2.416886
vt 0.809122 2.416882
vt 2.217109 2.416886
vt 3.603149 2.463303
vt 2.533255 1.290102
vt 3.296363 3.523869
vt 2.217751 2.350667
vt 2.980864 2.463303
vt 1.910970 1.290102
vt -0.704162 1.188020
vt 0.114295 2.416858
vt -0.796431 1.198309
vt 0.690682 2.416858
vt -0.645805 1.188011
vt -0.553951 1.188011
vt -0.854790 1.198300
vt 0.022441 1.188011
vt -0.704576 2.422832
vt -0.796845 2.433120
vt 0.402489 1.182045
vt -0.646214 2.422832
vt -0.855201 2.433120
vt -0.265757 2.422832
vt 4.002122 3.535424
vt 0.152725 2.308830
vt 4.501652 3.535424
vt 0.652263 2.308830
vt 4.251886 2.474858
vt 0.402490 1.248265
vt -6.495405 7.888935
vt -2.383242 7.973075
vt -5.749242 7.855134
vt -2.417215 7.935713
vt -1.799673 7.961491
vt -5.518849 7.919719
vt -2.254309 7.975010
vt -1.670786 7.998312
vt -5.812950 7.897555
vt -5.619972 7.919837
vt -2.383301 7.935659
vt -5.711827 7.897435
vt -1.833586 7.961437
vt -1.653776 7.961491
vt -1.799740 7.998333
vt -5.567816 7.861804
vt -1.687686 7.961437
vt -5.762080 7.930531
vt -1.833638 7.998281
vt -1.986106 0.469971
vt 1.491312 7.870255
vt -0.768667 7.681726
vt -2.216550 0.469971
vt 1.491658 7.639812
vt -1.053836 7.900970
vt -1.986106 0.698448
vt -0.768667 7.910203
vt 1.205795 7.639522
vt -2.216550 0.698448
vt 1.206143 7.869966
vt -1.053836 7.672494
vt 0.121116 7.681731
vt 1.297996 7.869965
vt -0.961982 7.681726
vt 0.121116 7.912175
vt 1.298339 7.639521
vt -1.247155 7.900970
vt 0.349593 7.681731
vt -0.961982 7.910203
vt 1.012480 7.639812
vt 0.349593 7.912175
vt 1.012823 7.870256
vt -1.247155 7.672494
vt 5.552005 1.120510
vt 2.844420 -0.131502
vt -0.569833 -0.185392
vt -3.458448 -1.527285
vt -0.206460 3.772247
vt -1.374779 -0.185392
vt -1.593153 -0.175104
vt -0.237011 4.609043
vt -3.240268 -0.175104
vt -4.082265 -1.527285
vt -0.862037 3.805034
vt -0.184364 -1.733612
vt 2.603928 -3.312449
vt 1.444501 3.787872
vt 0.038870 -1.718705
vt 1.741447 -1.718269
vt 0.806677 4.613431
vt 0.916851 -1.718269
vt 1.964870 -3.312449
vt 0.805444 3.788835
vt -5.284061 2.590065
vt -4.303537 3.786923
vt 3.163243 3.651582
vt -5.151330 3.786923
vt -3.533362 3.689738
vt 3.164509 4.499375
vt -4.190385 3.689738
vt -2.552805 3.689738
vt 2.507485 4.500363
vt -5.941094 2.590065
vt -3.400606 3.689738
vt 2.506209 3.652562
vt -0.173228 -3.195677
vt 2.612515 -1.850385
vt -1.020071 -3.195677
vt 0.686553 -3.180769
vt 0.030267 -3.180769
vt 1.752583 -3.180333
vt 0.905740 -3.180333
vt 1.956229 -1.850385
vt -0.560483 -1.403860
vt -3.451225 -0.308819
vt -1.411341 -1.437106
vt -1.558578 -1.426818
vt -2.224197 -1.393572
vt -2.425975 -1.393572
vt -3.249598 -1.393572
vt -4.089520 -0.308819
vt 3.629504 0.006700
vt 1.985449 0.006702
vt 2.979362 -0.026485
vt 4.683979 -0.014930
vt 4.874182 0.982306
vt 3.852879 0.018255
vt -4.605624 5.642237
vt -2.796539 4.678093
vt 1.993892 1.108954
vt 3.622939 1.108951
vt -4.530455 4.791666
vt -2.971612 4.678093
vt -5.750138 4.736262
vt -2.971612 5.367995
vt -4.326465 5.626338
vt -6.407755 4.735718
vt -4.325244 4.793286
vt -2.731069 5.367990
vt -6.404444 3.902666
vt 5.524336 1.015499
vt 2.816547 -0.026492
vt 3.684479 -0.118588
vt 1.930530 -0.118586
vt -0.182405 4.663490
vt 2.951685 -0.131499
vt 4.711869 -0.119944
vt -2.216970 -0.175104
vt -2.435328 -0.175104
vt -0.883515 4.632730
vt 4.819209 1.107427
vt 3.797973 -0.106866
vt -0.916648 3.750591
vt -0.505493 -1.522157
vt 1.498944 3.733261
vt -3.396480 -0.190520
vt -1.439042 -1.537570
vt -1.008961 -1.733612
vt -1.530897 -1.527282
vt 0.677931 -1.718705
vt 1.473046 4.639696
vt 0.752228 4.668041
vt -2.278906 -1.506542
vt -2.371025 -1.506542
vt -3.304425 -1.511848
vt 0.750824 3.734382
vt -4.144426 -0.190541
vt -0.118247 -3.312740
vt 3.217686 3.596966
vt 2.667251 -1.733322
vt -1.074882 -3.312757
vt 3.219129 4.553819
vt 0.741458 -3.297849
vt -0.024486 -3.300901
vt 2.453031 4.554971
vt 1.807581 -3.300466
vt 0.850959 -3.292210
vt 2.451598 3.598114
vt 1.901361 -1.738509
vt -4.500204 6.210882
vt -5.523511 5.740156
vt -4.581851 7.258842
vt -4.971014 6.871187
vt -5.011855 6.248010
vt -6.209991 6.248010
vt -5.779982 6.875379
vt -5.871836 6.875381
vt -5.431656 6.248010
vt -5.820820 5.740156
vt -4.879159 7.258842
vt -6.291637 6.875381
vt 6.395231 7.040293
vt 2.316137 7.873108
vt 7.442771 7.166502
vt 6.635029 7.040660
vt 7.095075 7.166502
vt 2.316137 7.633311
vt 6.634586 7.337967
vt 7.095075 7.463810
vt 2.110018 7.873114
vt 6.394784 7.337610
vt 7.442771 7.463819
vt 2.110018 7.633311
vt -4.920001 6.210882
vt -5.912674 6.248010
vt -5.390810 6.871187
vt -5.482664 6.875379
vt 7.209340 7.463810
vt 1.995753 7.873114
vt 6.902782 6.425984
vt 7.209340 7.166502
vt 2.201872 7.633311
vt 7.200089 6.426427
vt 2.201872 7.873108
vt 7.328506 7.166502
vt 7.200457 6.186630
vt 7.328506 7.463819
vt 1.995753 7.633311
vt 6.903139 6.186182
vt -4.879159 6.829979
vt -6.291637 7.304241
vt 6.890823 6.541000
vt -5.431656 5.740156
vt -5.820820 6.248010
vt -1.316719 6.045577
vt -2.606704 5.427757
vt -5.011855 5.740156
vt -6.209991 5.740156
vt -0.896917 6.045577
vt -1.705890 6.045577
vt -4.920001 5.703029
vt -5.912674 5.740156
vt -1.408573 6.045577
vt -2.217541 6.045577
vt -4.500204 5.703029
vt -5.523511 6.248010
vt -1.797745 6.045577
vt -2.309395 5.427757
vt -1.316719 5.472531
vt -2.606704 6.000803
vt 2.286569 5.928361
vt 0.996584 5.466932
vt -0.896917 5.472531
vt -1.705890 5.472531
vt 2.706370 5.928361
vt 1.897397 5.928361
vt -1.408573 5.472531
vt -2.217541 5.472531
vt 2.194714 5.928361
vt 1.385746 6.041432
vt -1.797745 5.472531
vt -2.309395 6.000803
vt 1.805543 6.041432
vt 1.293892 5.466932
vt 2.286569 5.347917
vt 0.996584 6.047376
vt 4.148016 5.267718
vt 5.606956 4.630045
vt 2.706370 5.347917
vt 1.897397 5.347917
vt 4.567819 5.267718
vt 4.673235 5.267720
vt 2.194714 5.347917
vt 1.385746 5.460987
vt 4.970551 5.267720
vt 5.081738 5.267720
vt 1.805543 5.460987
vt 1.293892 6.047376
vt 5.501534 5.267720
vt 5.904264 4.630045
vt 4.148016 4.624426
vt 5.606956 5.273338
vt -3.696211 7.362146
vt 4.498162 7.400684
vt -3.736878 6.892274
vt 4.352267 7.400684
vt -1.859661 4.618336
vt -2.705464 4.618336
vt 4.352267 7.079802
vt -2.230640 7.132699
vt -2.408148 4.618336
vt -3.253929 4.618336
vt -2.230640 6.662811
vt 4.538829 7.079802
vt -2.834133 4.618336
vt -3.382560 3.749496
vt -2.302050 3.758882
vt -3.690546 4.608949
vt 0.087998 5.407174
vt 1.679643 4.614728
vt -1.836763 3.760724
vt -2.716203 3.760725
vt 0.507800 5.407174
vt 0.658309 5.407174
vt -2.397478 3.758879
vt -3.276528 3.758879
vt 0.955626 5.407174
vt 1.109269 5.401230
vt -2.811226 3.760726
vt -3.371823 4.607105
vt 1.529064 5.401230
vt 1.976952 4.614728
vt 0.065405 4.742511
vt 1.668962 5.279392
vt -0.915904 7.612736
vt 0.675738 7.187178
vt 0.530979 4.742820
vt 0.647439 4.742820
vt -0.915904 7.192935
vt 1.492745 7.579497
vt 0.966252 4.742863
vt 1.086762 4.736918
vt 1.790061 7.579497
vt -0.419795 7.621969
vt 1.551874 4.738706
vt 1.987643 5.277252
vt -0.419795 7.202172
vt 0.973047 7.187178
vt -4.581851 6.829979
vt -4.971014 7.300049
vt 7.211705 6.541492
vt -5.390810 7.300049
vt -5.482664 7.304241
vt 7.212410 6.071605
vt -5.779982 7.304241
vt -5.871836 7.304241
vt 6.891527 6.071128
vt 4.567819 4.624426
vt 4.673235 4.624427
vt -3.696211 6.892274
vt 4.392935 7.400684
vt -3.736878 7.362146
vt 4.538829 7.400684
vt -2.279463 4.618336
vt -3.679869 3.749496
vt 4.970551 4.624427
vt 5.081738 4.624427
vt 4.392935 7.079802
vt -2.189973 7.132699
vt 5.501534 4.624427
vt 5.904264 5.273338
vt -2.189973 6.662811
vt 4.498162 7.079802
vt -6.705792 -3.326169
vt -1.852000 -5.232243
vt 6.568418 -7.203537
vt -1.691359 -7.203746
vt 6.567286 -6.452637
vt -1.970922 -6.452847
vt -6.705159 -2.904700
vt -1.241784 -4.810774
vt -6.851757 -2.904255
vt -3.970920 -4.802407
vt -6.850677 -2.184959
vt -4.448641 -4.083111
vt 6.423962 -5.314510
vt 0.116477 -5.314510
vt -0.437663 7.911605
vt -4.618462 -3.383255
vt 6.425664 -6.449605
vt -0.241184 -6.449605
vt -6.704612 -2.537136
vt -0.920532 -4.443210
vt -2.267906 -5.309863
vt 1.055113 -5.319536
vt -4.459670 -4.201643
vt 1.379911 -6.133163
vt 2.296174 -7.161741
vt -3.539766 -5.239528
vt 4.859369 -5.311060
vt -0.527729 -3.396886
vt -0.764362 -4.242696
vt 4.640203 -6.104753
vt -6.852388 -3.325918
vt -3.360480 -5.224071
vt -3.901130 -4.971810
vt 1.976886 -6.927991
vt -4.244374 -4.615147
vt 1.617188 -6.571354
vt -6.851205 -2.536971
vt -4.291873 -4.435123
vt 1.152403 -5.310872
vt -4.683540 -3.388651
vt -0.291068 7.911381
vt -0.593980 -3.391401
vt -6.704097 -2.195178
vt -0.766874 -4.101251
vt -0.990237 -4.661220
vt 4.421586 -6.541415
vt -1.336660 -5.014396
vt 4.091205 -6.894635
vt -1.647588 -5.249815
vt 3.739514 -7.163970
vt 7.184946 -5.650675
vt 4.883001 -5.650699
vt -0.521932 -7.203744
vt 6.426791 -7.203744
vt -0.637200 -7.193658
vt 4.263587 -7.203643
vt 7.199555 -5.320031
vt 4.967246 -5.320429
vt 0.066498 -5.310183
vt 6.565575 -5.314282
vt -2.329775 -5.314493
vt 1.378381 -6.375627
vt -1.911528 -6.452333
vt -1.576997 -7.193970
vt 1.746049 -7.203745
vt 7.192244 -6.357832
vt 4.645022 -6.366778
vt -0.245640 -6.334283
vt -6.850209 -1.872868
vt -4.524151 -3.771022
vt -0.687741 -3.781771
vt -6.703616 -1.875698
vt -2.388404 7.673086
vt -0.438013 7.681924
vt -4.567746 -3.613280
vt -6.849714 -1.543356
vt -4.324930 -3.441509
vt -2.535307 7.875403
vt -0.824929 -3.418849
vt -0.887450 -3.449717
vt -6.703112 -1.543643
vt -2.535001 7.673164
vt -0.291415 7.681705
vt -0.644869 -3.621118
vt -0.751498 -3.613200
vt -6.703364 -1.707126
vt -2.388707 7.875566
vt -4.387595 -3.410767
vt -6.849937 -1.694471
vt -4.451207 -3.592623
vt -6.436182 -5.238285
vt -6.971739 -7.195175
vt 0.945632 -5.249976
vt 7.825007 -5.260657
vt 0.941974 -4.524481
vt 7.612407 -4.535164
vt -6.434399 -4.765734
vt -6.482087 -6.722625
vt -6.581037 -4.775430
vt -4.098819 -6.734229
vt -6.577545 -4.023029
vt -4.492115 -5.981829
vt -2.055946 7.877804
vt -4.598650 -5.338931
vt -6.432608 -4.359582
vt -6.213795 -6.316472
vt -6.579207 -4.359767
vt -4.375417 -6.318566
vt 7.394515 -3.380823
vt 4.177346 -3.375860
vt 0.453766 -3.375304
vt -4.481829 -6.217361
vt 4.469141 -4.287845
vt 5.141173 -5.234468
vt -3.798013 -7.203735
vt -5.924639 -5.340611
vt 2.921593 -3.372211
vt 2.862769 -3.744430
vt -6.004581 -5.806474
vt -6.582770 -5.237432
vt -3.617988 -7.196232
vt -3.988922 -7.012183
vt 4.923487 -5.010652
vt -4.304613 -6.583333
vt 4.636546 -4.617609
vt 4.275208 -3.372338
vt -4.663981 -5.341586
vt -1.909357 7.876907
vt -5.991136 -5.337916
vt -6.431005 -4.034282
vt -6.100048 -5.991171
vt -6.141127 -6.303499
vt 2.736966 -4.252541
vt -6.355310 -6.708231
vt 2.555779 -4.635792
vt -6.624233 -7.063389
vt 2.261483 -5.045461
vt -6.766576 -7.203735
vt 2.079655 -5.235330
vt 0.193473 -3.375401
vt 3.030091 -3.375962
vt 6.049081 -5.251473
vt 0.804010 -5.250831
vt 5.933302 -5.246540
vt 2.471882 -5.251159
vt 0.800090 -4.471878
vt 6.276581 -4.472522
vt 0.214654 -3.375787
vt 6.491405 -3.371737
vt 7.496383 -3.880260
vt 0.435833 -3.874962
vt 7.697731 -4.620615
vt 4.445327 -4.498510
vt 0.450093 -4.518116
vt 4.722772 -5.251462
vt 7.939862 -5.255990
vt 0.201232 -4.381353
vt 6.269582 -4.337315
vt 2.775065 -4.444561
vt 4.359731 -3.867122
vt -4.602171 -5.738385
vt -6.575851 -3.700900
vt -4.546176 -5.659698
vt -6.042889 -5.661294
vt -6.429276 -3.704404
vt -2.057026 7.674090
vt 3.308409 7.714233
vt -4.571798 -5.542881
vt 0.794464 -3.373316
vt 6.541574 -3.373958
vt -6.573655 -3.386018
vt -4.278326 -5.344817
vt 3.310191 7.460442
vt -4.318007 -5.299285
vt 3.456779 7.460847
vt -6.271772 -5.298267
vt -6.311458 -5.343799
vt -6.427060 -3.386909
vt 3.309364 7.602605
vt -4.460170 -5.404449
vt 3.455918 7.607873
vt -6.124745 -5.408298
vt -6.143409 -5.468487
vt -6.428037 -3.511597
vt -6.574599 -3.506641
vt -4.442034 -5.465440
vt -1.910439 7.673204
vt 3.454997 7.714571
vt -6.018049 -5.541779
vt 0.936078 -3.372386
vt 7.332497 -3.383067
vt 5.115495 7.446915
vt 4.351796 7.472297
vt -2.081013 4.678093
vt -1.785876 5.412773
vt 5.115479 7.688983
vt 4.128005 7.710171
vt -1.979533 5.412773
vt -1.687745 4.724348
vt 5.023187 7.689018
vt 4.127957 7.472294
vt -1.497439 4.724348
vt -1.395957 4.724348
vt -4.459731 6.832516
vt -3.701082 6.334799
vt -4.193572 6.832516
vt -3.060210 6.068616
vt -3.814252 6.334799
vt -3.321758 6.068616
vt -4.080406 6.334799
vt -3.439530 6.334799
vt -4.193572 6.334799
vt 5.247236 7.434888
vt 4.220055 7.460443
vt -3.060210 6.566333
vt -3.814252 6.832516
vt 4.220055 7.721990
vt 4.891477 7.434888
vt -3.321758 6.566333
vt -4.080406 6.832516
vt -3.439530 6.832516
vt 4.891477 7.701043
vt 3.996248 7.460443
vt -4.459731 6.334799
vt -3.701082 6.832516
vt 5.247236 7.701048
vt 3.996248 7.721994
vt 4.351798 7.710179
vt 5.023220 7.446953
vt -2.271321 4.678093
vt -1.202294 4.724348
vt 0.679547 7.974167
vt -2.168375 5.366518
vt -1.882623 4.724348
vt -1.600656 5.412773
vt 0.650397 7.986872
vt 4.468983 7.800977
vt -1.584791 5.412773
vt -1.307326 5.412773
vt -4.593400 8.145463
vt 4.479244 7.800996
vt 0.668880 7.972616
vt -4.737435 8.089264
vt 4.669878 5.327477
vt -2.100056 4.721622
vt 4.270851 5.909858
vt -1.960147 5.369633
vt 4.348421 5.327476
vt -1.882711 4.787245
vt 4.178997 5.357614
vt -1.516482 4.767875
vt 4.102774 5.940001
vt -1.592576 5.350264
vt 3.934903 5.357614
vt -1.221666 4.767487
vt 4.517633 5.327477
vt -2.252298 4.721622
vt 4.593651 5.909863
vt -2.176145 5.304011
vt 4.425779 5.909858
vt -1.805228 5.369633
vt 4.026756 5.357614
vt -1.668723 4.767875
vt 3.779975 5.357614
vt -1.376594 4.767487
vt 3.857339 5.939997
vt -1.299102 5.349877
vt -5.311883 7.363999
vt -0.666324 6.112743
vt -1.196949 6.107032
vt -0.875367 6.595492
vt -0.648687 6.112739
vt -1.104168 6.595492
vt -1.425136 6.105344
vt -5.510168 7.363999
vt -1.409882 6.148224
vt -5.412445 7.784987
vt -0.989772 6.105335
vt -0.659869 6.602896
vt -1.310033 6.582360
vt -4.796827 7.359806
vt -0.333284 6.123824
vt 0.109215 6.597289
vt -0.011745 6.122136
vt -0.549771 6.122139
vt 0.092162 6.597292
vt -0.228804 6.122136
vt -4.889532 7.780796
vt 0.102977 6.107134
vt -0.120276 6.612292
vt -0.441919 6.599153
vt -4.984950 7.359806
vt -0.535308 6.165019
vt 0.646559 6.107140
vt 0.542655 6.107142
vt 0.863625 6.107142
vt 1.084398 6.107142
vt 0.753544 6.597297
vt 0.434024 6.584157
vt -4.367023 7.842892
vt 1.094838 6.597298
vt -4.271611 7.421904
vt 0.528193 6.150023
vt -4.459731 7.421904
vt 1.101465 6.107140
vt 0.326150 6.108791
vt 1.843056 6.101196
vt 1.201544 6.595641
vt -3.934513 7.842892
vt 1.860695 6.101199
vt 1.521923 6.101199
vt 1.750710 6.101199
vt 1.429752 6.597291
vt 1.849507 6.591352
vt -3.835371 7.421904
vt 1.636312 6.591352
vt 1.315351 6.120272
vt -3.736223 7.842892
vt 1.414495 6.554408
vt 0.650529 7.961224
vt -2.184231 5.366518
vt -1.291182 5.412773
vt -4.711376 8.081940
vt -4.576097 8.147764
vt 4.474131 7.786356
vt -4.731602 8.058832
vt -4.585676 8.172381
vt -3.202597 6.212599
vt -3.844155 7.902650
vt -4.012744 8.081697
vt -3.156153 6.391648
vt -3.844155 8.081697
vt -5.860313 8.024515
vt -3.225819 6.391648
vt -4.012744 7.902650
vt -5.790648 8.024411
vt -3.920889 7.902650
vt -4.089473 8.081697
vt -3.920889 8.081697
vt -4.089473 7.902650
vt -5.813756 8.101176
vt -1.308421 7.612736
vt 0.675738 7.579695
vt -1.308156 7.192935
vt 1.492745 7.187243
vt 1.790061 7.187178
vt -0.812115 7.621969
vt -0.812381 7.202172
vt 0.973047 7.579763
vt -4.197121 4.775279
vt -2.446393 5.367995
vt 6.515842 1.120509
vt 6.748191 1.120505
vt -0.900518 1.138526
vt 0.869822 -0.131585
vt -1.571029 1.138526
vt 0.967526 -0.131580
vt -0.783202 -0.125634
vt 1.832722 -0.131580
vt -0.112681 -0.125634
vt 0.004626 -0.131585
vt -1.775882 3.689737
vt 0.957359 2.476644
vt -3.584367 4.678093
vt 3.753829 3.595182
vt -1.571029 -0.115346
vt -3.497988 5.376053
vt 3.310985 4.552059
vt 0.967526 1.122292
vt -0.783202 1.128238
vt 3.310985 3.583626
vt -3.175864 5.376050
vt 1.832722 1.122292
vt -0.112681 1.128238
vt 0.004626 1.122288
vt -3.175864 4.678093
vt 3.667450 4.563624
vt -0.900518 -0.115346
vt 0.869822 1.122288
vt -3.497988 4.678093
vt 3.667450 3.595182
vt -2.446393 3.689737
vt -1.658566 2.492879
vt -3.584367 5.376053
vt 3.397363 4.552059
vt -0.793369 2.492879
vt -0.695665 2.482590
vt 3.397363 3.583626
vt -3.089484 5.376050
vt -0.025145 2.482590
vt 0.092162 2.476644
vt -3.089484 4.678093
vt 3.753829 4.563624
vt -4.121953 5.625850
vt -2.621466 5.368000
vt -6.163639 5.664011
vt -2.621466 4.678093
vt -3.917961 4.791177
vt -5.506017 5.663466
vt -3.916741 5.624228
vt -2.380923 4.678093
vt -5.509333 4.830415
vt -6.080076 4.932012
vt -3.071566 -3.321356
vt -1.658566 -3.331643
vt -6.079134 5.561526
vt -3.701083 -3.321356
vt -2.971612 -1.587043
vt -5.591269 5.560789
vt -2.483747 -1.587043
vt -1.758522 -3.321356
vt -5.592216 4.931275
vt -2.388035 -3.321356
vt -1.170705 -3.331643
vt -6.904978 7.852748
vt -3.359766 -1.587043
vt -1.434541 -1.597330
vt -6.904811 7.961788
vt -3.412223 -1.587043
vt -2.748443 -3.321356
vt -6.820312 7.961650
vt -2.707787 -3.321356
vt -2.046702 -1.587043
vt -6.820479 7.852619
vt -2.099163 -1.587043
vt -1.393874 -1.597330
vt -6.877069 7.888642
vt -2.091453 7.937617
vt -6.161485 7.855002
vt 1.649837 -1.658511
vt -3.134498 -3.211704
vt 0.664083 -0.191342
vt -2.922866 -1.695716
vt 0.572229 -1.658947
vt -1.821439 -3.211704
vt -0.023238 -1.658947
vt -1.219460 -3.222970
vt 1.146233 -1.658511
vt -3.638110 -3.211704
vt 1.398359 -0.191342
vt -3.385978 -1.744530
vt 1.054378 -0.191342
vt -2.532572 -1.695716
vt 0.858886 -1.658511
vt -2.728065 -3.162894
vt 0.068616 -1.658947
vt -2.325049 -3.211704
vt 0.320717 -0.191778
vt -2.072948 -1.744530
vt -0.413528 -1.658947
vt -1.609749 -3.222970
vt -0.218036 -0.191778
vt -1.414260 -1.755792
vt -2.342296 1.198299
vt -0.947056 1.198300
vt -2.434568 1.198299
vt -1.523438 1.198300
vt -1.615293 2.433096
vt -2.283947 1.198308
vt -2.191679 2.433096
vt -2.492916 1.198308
vt -2.341882 2.433120
vt -2.434152 2.433120
vt -1.235249 2.433120
vt -1.903489 1.198285
vt -2.283534 2.433120
vt -2.492501 2.433120
vt 5.406193 2.474861
vt -0.985480 1.306336
vt 5.156429 3.535426
vt -1.235248 2.366901
vt 4.906665 2.474861
vt -1.485014 1.306336
vt -4.112652 1.198306
vt -2.584770 1.198320
vt -4.247477 2.433097
vt -3.302784 1.198306
vt -4.204508 2.433084
vt -3.394639 1.198320
vt -4.231606 1.198283
vt -3.758645 2.433120
vt -2.948786 2.433120
vt 6.433493 2.480481
vt -2.632639 1.306336
vt 5.811207 2.480481
vt -3.254925 1.306336
vt 6.122350 3.541046
vt -2.943783 2.366900
vt -6.273785 1.295493
vt -4.475205 1.295492
vt -6.003082 1.295507
vt -6.230804 1.295507
vt -5.285071 1.295493
vt -5.193216 1.295506
vt -5.639071 2.530307
vt -6.256877 2.530307
vt -4.829210 2.530306
vt 7.454750 2.480481
vt -4.523071 1.403522
vt 6.832465 2.480481
vt -5.145356 1.403522
vt 7.139252 3.541046
vt -4.829853 2.464087
vt -6.122923 2.590080
vt -6.942022 2.530292
vt -6.239637 2.590080
vt -6.365639 2.530292
vt -6.972025 2.590089
vt -6.064563 2.590089
vt -6.395643 2.590089
vt -6.297995 2.590089
vt -6.239223 3.824901
vt -6.122508 3.824901
vt -6.653832 1.295471
vt -6.683832 3.824901
vt -6.297585 3.824901
vt -6.064151 3.824901
vt 7.440329 4.661368
vt -6.903602 2.422256
vt 7.939858 4.661368
vt -6.404068 2.422256
vt 7.686520 3.600803
vt -6.650260 1.361691
vt -1.979533 7.974983
vt -6.867304 7.925792
vt -2.125367 7.937565
vt -5.951435 7.944117
vt -1.945620 7.975037
vt -6.848261 7.888579
vt -6.135201 7.856798
vt -2.091514 7.975033
vt -6.198900 7.894462
vt -1.541798 7.998811
vt -2.125427 7.974986
vt -6.005927 7.916581
vt -1.507885 7.998763
vt -1.964057 7.937589
vt -6.097781 7.897555
vt -5.904804 7.919837
vt -1.377462 7.961938
vt -6.148344 7.930531
vt -1.541850 7.961977
vt -1.395898 7.998811
vt -5.954924 7.860013
vt -1.507951 7.961915
vt -1.361988 7.998763
vt 1.284900 0.453738
vt 0.727307 7.870255
vt -1.532328 7.673681
vt 1.515343 0.453738
vt 0.726964 7.639812
vt -1.817502 7.901680
vt 1.284900 0.682214
vt -1.532328 7.902158
vt 0.441791 7.666732
vt 1.515343 0.682214
vt 0.441448 7.897174
vt -1.817502 7.673204
vt -0.199214 7.912173
vt 0.920626 7.869965
vt -1.339010 7.673681
vt -0.199214 7.681731
vt 0.920283 7.639521
vt -1.624183 7.901680
vt 0.029262 7.912173
vt -1.339010 7.902158
vt 0.635109 7.667022
vt 0.029262 7.681731
vt 0.634767 7.897465
vt -1.624183 7.673204
vt -4.300629 -0.176227
vt -5.947756 -0.176226
vt -1.688145 4.609043
vt -5.323937 -0.176226
vt -6.907575 1.235713
vt -1.064327 4.609974
vt -6.102634 1.235713
vt -5.232797 -0.116468
vt -1.063118 3.805034
vt 2.842838 -1.718186
vt 5.816259 -3.312358
vt -0.034702 3.793817
vt -4.236366 -1.528405
vt -6.010007 -1.528404
vt 3.667436 -1.718186
vt 3.890668 -1.718186
vt -0.058693 4.641102
vt 4.529729 -1.718186
vt 4.768633 -1.718171
vt 0.603122 4.619376
vt 5.593230 -1.718171
vt 6.455320 -3.312358
vt 0.604360 3.794779
vt -2.439667 2.492879
vt -1.649853 3.689738
vt 1.648099 3.651582
vt -0.802059 3.689738
vt -0.688910 3.679448
vt 1.646829 4.499375
vt -0.031882 3.679448
vt 0.100869 3.673503
vt 2.303857 4.500363
vt -1.782633 2.492879
vt 0.948669 3.673503
vt 2.305133 3.652562
vt 2.831703 -3.180250
vt 5.807672 -1.850294
vt 3.678546 -3.180250
vt 3.882045 -3.180250
vt 4.538331 -3.180250
vt 4.757498 -3.180235
vt 5.604342 -3.180235
vt 6.463957 -1.850294
vt -5.114926 -1.394695
vt -5.863837 1.101998
vt -5.316711 -1.394694
vt -6.916927 0.017245
vt -6.093304 0.017245
vt -5.225541 1.101998
vt 6.228796 2.315713
vt 5.693187 -0.014937
vt 6.524285 0.018257
vt 6.741626 0.018253
vt 7.364558 0.018253
vt 7.081045 1.318464
vt 6.878948 2.282518
vt 7.884849 1.318464
vt -4.197121 5.642237
vt -2.555996 5.368000
vt 5.728955 1.120509
vt 6.262553 1.180267
vt -4.123739 4.788608
vt -2.380923 5.367995
vt -6.167909 4.826769
vt -2.555996 4.678093
vt -3.992870 4.775279
vt 7.876398 2.420716
vt 6.872389 1.180267
vt -3.992870 5.642236
vt -2.446393 4.678093
vt 7.358015 1.120505
vt 7.089512 2.420716
vt 5.665314 -0.119947
vt 6.201126 2.420722
vt -5.105576 -0.176227
vt -5.856620 -0.116468
vt -1.718699 3.772247
vt -1.742751 4.663490
vt 6.579205 -0.107030
vt 6.686649 -0.107033
vt 7.419311 -0.097818
vt -1.009873 4.664588
vt 7.026037 1.202393
vt 6.933887 2.401134
vt 7.939707 1.199849
vt -1.008503 3.750591
vt -5.169916 -1.513004
vt -0.089146 3.739207
vt -5.918582 1.220308
vt -4.264065 -1.427946
vt -5.982331 -1.427944
vt 0.657575 4.673985
vt -5.261950 -1.516306
vt -6.971939 -0.104366
vt -6.038477 -0.101044
vt 0.658970 3.740326
vt -5.170640 1.220288
vt 3.733357 -3.297333
vt 1.592208 4.553819
vt 3.827137 -3.297333
vt 2.776721 -3.297317
vt 1.593655 3.596966
vt 5.752935 -1.733227
vt 4.593084 -3.300383
vt 2.358310 4.554971
vt 4.702501 -3.300368
vt 5.659123 -3.292112
vt 2.359744 3.598114
vt 6.518826 -1.738418
vt -6.301846 6.248011
vt -6.035386 6.815621
vt -6.552229 7.364000
vt -6.443890 7.364000
vt 6.745378 7.429049
vt 1.903898 7.639256
vt 7.676201 7.463825
vt 6.985175 7.428682
vt 7.825595 7.463813
vt 1.903898 7.879054
vt 6.984733 7.131373
vt 7.825595 7.166503
vt 1.697778 7.639256
vt 6.744930 7.131728
vt 7.676201 7.166503
vt 1.697778 7.879058
vt -6.552224 6.815621
vt -6.146582 6.307768
vt -6.383492 7.304243
vt -5.615585 7.363999
vt -6.721642 6.248011
vt -6.443890 6.307768
vt -6.680799 7.304243
vt -6.972025 7.364000
vt -6.972025 6.815621
vt -5.738064 6.815621
vt -6.146567 7.364000
vt -6.035386 7.363999
vt 7.939860 7.166503
vt 1.583513 7.639256
vt 2.966575 6.903492
vt 7.939860 7.463813
vt 1.789632 7.879054
vt 2.669264 6.903935
vt 1.789632 7.639256
vt 7.561935 7.463825
vt 2.668897 6.664137
vt 7.561935 7.166503
vt 1.583513 7.879058
vt 2.966219 6.663690
vt -6.680799 6.875381
vt -6.972025 7.792861
vt 2.657650 7.018999
vt -6.552229 7.792861
vt -6.443890 7.792861
vt 2.656943 6.549111
vt -6.146567 7.792861
vt -6.035386 7.792861
vt 2.977831 6.548635
vt -6.972025 6.307768
vt -5.738064 6.307768
vt -3.118359 6.008855
vt -3.210213 6.008858
vt -6.301846 5.740156
vt -6.035386 6.307768
vt -3.507536 6.008858
vt -3.599390 6.275042
vt -6.721642 5.740156
vt -6.443890 6.815621
vt -4.019186 6.275042
vt -4.408349 5.701995
vt -6.552224 6.307768
vt -6.146582 6.815621
vt -2.698558 6.008855
vt -4.111041 5.701995
vt -3.118359 5.435808
vt -3.210213 5.435811
vt 0.484928 6.047376
vt 0.393073 6.047376
vt -3.507536 5.435811
vt -3.599390 5.701994
vt 0.095751 6.047376
vt 0.003897 6.062371
vt -4.019186 5.701994
vt -4.408349 6.275042
vt -0.415900 6.062371
vt -0.805062 5.472531
vt -2.698558 5.435808
vt -4.111041 6.275042
vt 0.904729 6.047376
vt -0.507755 5.472531
vt 0.484928 5.466932
vt 0.393073 5.466932
vt 6.015460 5.273339
vt 6.838000 5.273339
vt 0.095751 5.466932
vt 0.003897 5.481926
vt 6.540679 5.273339
vt 7.368978 5.364418
vt -0.415900 5.481926
vt -0.805062 6.052975
vt 6.949182 5.364418
vt 7.474399 4.721126
vt 0.904729 5.466932
vt -0.507755 6.052975
vt 6.435260 5.273339
vt 7.771707 4.721126
vt 6.015460 4.630046
vt 6.838000 4.630046
vt -4.449329 7.362146
vt 6.143661 7.040293
vt 6.540679 4.630046
vt 7.368978 4.721126
vt 6.143661 7.361180
vt -2.943092 6.626091
vt 6.949182 4.721126
vt 7.474399 5.364418
vt -2.943092 7.095981
vt 6.248890 7.361178
vt -4.489995 6.892274
vt 6.289557 7.040293
vt -3.808564 4.715521
vt -5.331589 3.846681
vt -4.251263 3.857910
vt -4.346287 3.857910
vt 2.130555 5.288159
vt 2.998214 5.288159
vt -4.665016 3.856065
vt -4.760446 3.856065
vt 2.700891 5.288159
vt 3.571620 5.296813
vt -5.225749 3.857910
vt -5.639636 4.704292
vt 3.151824 5.296813
vt 3.722085 4.624426
vt -3.785976 3.856066
vt -5.320909 4.706136
vt 2.550356 5.288159
vt 4.019393 4.624426
vt 2.107375 4.623805
vt 3.009084 4.623805
vt 0.076176 7.621974
vt 2.198570 7.573553
vt 2.690265 4.623848
vt 3.594127 4.632501
vt 1.901247 7.573553
vt 0.572284 7.187178
vt 3.129013 4.634287
vt 3.711393 5.286951
vt 0.572284 7.606975
vt 1.084241 7.187178
vt 2.572950 4.623494
vt 4.030076 5.289091
vt 0.076176 7.202172
vt 1.381549 7.187178
vt -6.383492 6.875381
vt -5.615585 7.792861
vt 2.978537 7.018507
vt 6.435260 4.630046
vt 7.771707 5.364418
vt -4.449329 6.892274
vt 6.248890 7.040293
vt -4.489995 7.362146
vt 6.102996 7.040293
vt -4.228365 4.715521
vt -4.357025 4.715521
vt 6.102996 7.361180
vt -2.983759 6.626091
vt -4.654346 4.715521
vt -4.783045 4.715521
vt -2.983759 7.095981
vt 6.289557 7.361178
vt -5.202841 4.715521
vt -5.628898 3.846681
vt 6.689401 -5.315007
vt 0.324396 -5.310951
vt -6.588596 -2.332630
vt -5.706954 -4.186632
vt -2.010236 -5.239528
vt -0.529868 7.681949
vt 5.751119 -5.956103
vt -2.394063 -3.986791
vt -2.752903 -3.616545
vt 5.433425 -5.620319
vt 5.081738 -5.350987
vt -3.063844 -3.381114
vt -6.589779 -1.543693
vt -4.775567 -3.397694
vt -5.316212 -3.649952
vt 3.319097 -5.586773
vt 3.638399 -5.353012
vt -4.954852 -3.382236
vt -6.589148 -1.965343
vt -5.385988 -3.819344
vt 2.946571 -5.960430
vt -5.646554 -3.989495
vt -6.033549 -5.238509
vt -0.676463 7.681725
vt -6.442001 -2.332478
vt -2.336787 -4.187720
vt -6.442550 -1.964904
vt -2.658047 -3.820148
vt -6.443187 -1.543445
vt -3.268257 -3.398688
vt 0.208925 -5.320531
vt 5.605792 -5.311271
vt 6.829893 -6.065733
vt -1.124736 -6.060462
vt -0.730811 -5.319340
vt 3.088272 -5.311011
vt 6.831027 -5.314832
vt -0.845174 -5.309561
vt 5.980215 -6.131787
vt 0.600244 -6.183948
vt -2.171010 -4.415978
vt 5.971504 -6.378257
vt -6.441479 -2.679844
vt -2.181468 -4.535087
vt -5.862014 -4.533073
vt -6.588075 -2.679073
vt 2.710926 -6.414334
vt -5.864741 -4.391232
vt -1.065334 -6.060953
vt 2.757843 -6.040812
vt 2.494627 -7.203883
vt -6.098627 -5.233112
vt 6.828187 -7.204087
vt -1.483590 -7.198817
vt -6.587105 -3.326260
vt -5.740017 -5.180261
vt -2.627163 7.875705
vt -0.676813 7.911405
vt -5.982681 -5.008801
vt -2.773760 7.876081
vt -2.061031 -5.009672
vt -0.530215 7.911623
vt -2.120983 -4.894413
vt -6.440939 -3.039169
vt -5.866287 -5.029148
vt -6.587328 -3.175146
vt -2.627466 7.673483
vt -5.802599 -5.211056
vt -2.774066 7.673761
vt -2.241103 -5.212020
vt -2.303707 -5.181207
vt -6.440504 -3.325963
vt -5.939477 -4.849609
vt -6.587602 -2.995607
vt 6.686572 -7.203971
vt 0.962695 -7.199915
vt 0.912676 -7.204106
vt 6.309566 -7.194901
vt -1.943985 -5.234046
vt 6.201595 -7.203892
vt -1.421871 -7.204038
vt 2.397385 -7.195034
vt 0.560990 -3.372639
vt 5.348900 -3.372106
vt -6.826774 -4.264768
vt -3.208265 -6.184457
vt 0.327625 -4.108214
vt 6.998555 -4.015119
vt 3.389734 -4.125037
vt 7.240698 -3.379704
vt 3.667170 -3.372125
vt -2.821777 -5.490850
vt 3.867879 -3.612942
vt 1.513617 -3.987690
vt -5.214421 -5.793770
vt -5.483342 -5.438614
vt 1.219311 -3.578004
vt 1.037487 -3.388140
vt -5.625685 -5.298270
vt -2.450835 -5.306791
vt -6.830336 -3.387100
vt 4.085571 -3.389117
vt -2.630861 -5.299285
vt -6.828603 -3.849111
vt -2.931672 -5.768801
vt 3.580960 -4.005948
vt -3.137448 -5.919667
vt 3.413539 -4.335736
vt -3.314674 -6.285655
vt -6.680173 -4.264949
vt -5.072905 -6.185529
vt -6.681966 -3.858819
vt -5.341179 -5.779399
vt -6.683745 -3.386247
vt -5.830848 -5.306828
vt 5.233122 -3.377042
vt 1.429713 -3.372312
vt 0.557068 -4.151727
vt 5.576439 -4.151193
vt 0.698954 -4.098978
vt 6.913247 -4.100519
vt 0.702612 -3.373496
vt 7.125844 -3.375037
vt 1.752990 -4.243347
vt 5.576195 -4.311428
vt -5.000246 -6.198484
vt 1.694797 -4.370927
vt -6.678571 -4.590266
vt -4.959153 -6.510847
vt -6.825113 -4.601505
vt -3.324963 -6.521195
vt 0.313362 -4.751389
vt 6.797217 -4.755445
vt 3.219605 -5.251252
vt -3.496829 -7.161435
vt -2.296549 7.876921
vt 3.216559 7.714233
vt -3.404646 -6.960139
vt -2.149961 7.877806
vt 3.069971 7.714571
vt -4.877158 -6.960224
vt 1.820605 -4.879064
vt -4.863688 -6.695544
vt 0.693058 -5.251086
vt 6.633333 -5.252627
vt 3.304126 -4.756478
vt -3.435018 -6.764631
vt 3.214778 7.460443
vt -3.150854 -7.203735
vt -6.821221 -5.238509
vt -3.111173 -7.158200
vt -5.170566 -7.158205
vt -6.674626 -5.237624
vt 3.068188 7.460847
vt -5.130881 -7.203735
vt 3.215603 7.602625
vt -3.293036 -7.098550
vt 3.069049 7.607888
vt -4.983840 -7.093687
vt -5.002518 -7.033517
vt -6.675603 -5.112936
vt -6.822166 -5.117899
vt -3.274875 -7.037588
vt -4.901997 -6.840706
vt -6.676843 -4.920125
vt -6.823418 -4.923629
vt -3.379024 -6.843319
vt 0.551446 -5.250161
vt 5.841394 -5.249628
vt 1.987869 -5.247242
vt 5.791199 -5.251697
vt 1.879425 -5.251258
vt -4.783748 -7.161398
vt -2.148880 7.674097
vt -4.850244 -7.164091
vt -2.295469 7.673206
vt -3.431496 -7.164090
vt 6.695352 -5.254872
vt 0.331295 -5.251038
vt 3.121744 -5.247727
vt 3.904080 7.472254
vt 4.575500 7.714531
vt -0.913860 4.724348
vt -0.228804 4.733743
vt -2.676272 6.566329
vt -1.922232 6.105335
vt -2.942433 6.566329
vt -1.804459 6.105335
vt -2.563108 6.105335
vt -1.542912 6.105335
vt -2.296957 6.105335
vt -2.183784 6.105335
vt -2.676272 6.068613
vt -1.922232 6.603053
vt 4.799622 7.460445
vt 3.548633 7.460443
vt -2.942433 6.068613
vt 4.799622 7.726605
vt 3.772440 7.721990
vt -1.804459 6.603053
vt -2.563108 6.603053
vt 3.772440 7.460443
vt 4.443862 7.726593
vt -1.542912 6.603053
vt -2.296957 6.603053
vt -2.183784 6.603053
vt 4.443862 7.460443
vt 3.548633 7.721994
vt 4.667929 7.714576
vt 3.904134 7.710135
vt -1.104168 4.724348
vt -0.812381 5.412773
vt 4.667829 7.472508
vt 3.680427 7.472266
vt -0.618721 5.412773
vt -0.330286 4.724348
vt 4.575652 7.472469
vt 3.680423 7.710143
vt -0.520593 4.724348
vt -0.035145 4.733743
vt 0.942474 7.959443
vt -4.459731 8.168133
vt -4.303119 8.147656
vt -1.000951 5.412773
vt -0.139917 5.422169
vt 0.971335 7.946747
vt -1.016806 5.412773
vt -0.715674 4.724348
vt -0.417374 5.412773
vt 3.688121 5.357614
vt -0.932884 4.767875
vt 3.289096 5.938953
vt -0.793031 5.369633
vt 3.197242 5.356571
vt -0.349309 4.767875
vt 2.953150 5.347917
vt -0.054504 4.776883
vt 3.535877 5.357614
vt -1.085125 4.767875
vt 3.612104 5.940001
vt -1.008900 5.350264
vt 3.444022 5.938953
vt -0.638109 5.369633
vt 3.366455 5.356571
vt -0.715675 4.787245
vt 3.045004 5.356571
vt -0.501550 4.767875
vt 3.121228 5.938957
vt -0.425322 5.350264
vt 2.798224 5.347917
vt -0.209433 4.776883
vt 2.875788 5.930299
vt -0.131867 5.359273
vt 2.304501 5.989829
vt -3.211009 7.421904
vt 2.718255 5.990067
vt 2.735886 5.990063
vt 2.626083 6.478276
vt 2.397288 6.478272
vt 2.076321 5.988125
vt -3.310152 7.842892
vt 2.725104 6.480219
vt 2.513321 5.988119
vt 2.189896 6.465144
vt -3.409294 7.421904
vt 2.091573 6.031008
vt 3.272651 5.999764
vt 3.168742 5.998724
vt 3.610831 6.489915
vt 3.489710 5.999764
vt -2.695953 7.155740
vt 3.154278 6.041605
vt -2.884076 7.155740
vt 3.593781 6.489913
vt 2.952254 6.000408
vt -2.791371 7.576728
vt 3.600019 5.999759
vt 3.381182 6.489921
vt 3.060891 6.475739
vt -2.170736 7.192458
vt 4.585700 5.969630
vt 4.043543 6.001453
vt 4.148016 5.999764
vt 4.602766 5.969626
vt 4.365082 5.999764
vt 3.827048 5.999767
vt -2.358856 7.192458
vt 3.841512 6.042647
vt -2.263444 7.613445
vt 4.256542 6.489921
vt 4.592259 6.459785
vt 3.934902 6.476781
vt 5.023380 5.974210
vt 4.702415 6.464357
vt 5.344347 5.974210
vt 5.252162 5.974210
vt -1.833638 7.613446
vt 4.717673 6.421474
vt -1.635351 7.613446
vt 5.361985 5.974206
vt 4.930619 6.462694
vt -1.733075 7.192458
vt 5.355534 6.464364
vt 5.137774 6.464364
vt 4.816109 5.987339
vt 0.960667 7.948212
vt -4.433674 8.175459
vt 4.712675 7.786364
vt 0.942043 7.933812
vt 4.702415 7.786382
vt -4.285899 8.145474
vt -0.433240 5.412773
vt -0.123775 5.422169
vt -4.439505 8.145025
vt 4.707562 7.801002
vt -4.293643 8.172382
vt -1.662072 6.249318
vt -4.419580 7.902650
vt -4.588166 8.081697
vt -5.510168 8.133503
vt -1.708516 6.428367
vt -4.419580 8.081697
vt -5.440502 8.133610
vt -1.638850 6.428367
vt -4.588166 7.902650
vt -4.342844 7.902650
vt -4.511435 8.081697
vt -5.463610 8.056841
vt -4.342844 8.081697
vt -4.511435 7.902650
vt -0.316341 7.202172
vt 1.381549 7.579695
vt -0.316076 7.621974
vt 2.198570 7.181300
vt 1.901247 7.181232
vt 0.179964 7.187178
vt 0.179699 7.606975
vt 1.084241 7.579763
s 1
usemtl lambert2
f 27/87/1 28/89/2 34/101/3
f 29/91/4 30/93/5 35/103/6
f 22/73/7 32/98/8 23/75/9
f 47/129/10 46/127/11 45/125/12
f 44/122/13 41/115/14 42/117/15
f 52/140/16 54/144/17 53/142/18
f 50/135/19 51/137/20 49/133/21
f 48/131/22 51/138/20 50/136/19
f 57/150/23 58/152/24 55/146/25
f 26/84/26 73/187/27 25/80/28
f 73/188/27 76/197/29 75/194/30
f 74/192/31 76/198/29 73/189/27
f 111/293/32 104/274/33 112/296/34
f 85/224/35 113/301/36 110/291/37
f 114/304/38 100/266/39 115/307/40
f 86/231/41 85/228/42 111/295/32
f 103/272/43 104/274/33 111/293/32
f 112/300/44 113/303/36 87/234/45
f 110/291/37 113/301/36 105/276/46
f 99/264/47 100/266/39 114/304/38
f 89/240/48 115/311/49 116/312/50
f 193/548/51 192/546/52 174/511/53
f 182/526/54 170/503/55 183/528/56
f 183/528/56 184/531/57 177/516/58
f 182/527/54 197/558/59 178/518/60
f 175/513/61 188/538/62 180/522/63
f 169/501/64 189/540/65 188/538/62
f 166/495/66 190/542/67 189/540/65
f 189/541/65 193/549/51 198/560/68
f 198/559/68 194/550/69 191/544/70
f 180/523/63 198/560/68 191/545/70
f 196/555/71 177/517/58 176/515/72
f 201/568/73 208/583/74 207/581/75
f 208/582/74 204/574/76 202/569/77
f 205/577/78 206/578/79 200/564/80
f 179/520/81 191/545/70 194/551/69
f 235/637/82 234/635/83 236/640/84
f 224/615/85 213/593/86 225/617/87
f 225/617/87 217/601/88 219/605/89
f 211/589/90 238/643/91 256/684/92
f 240/648/93 224/616/85 239/646/94
f 224/616/85 240/648/93 220/607/95
f 209/585/96 232/631/97 231/629/98
f 229/626/99 241/652/100 233/634/101
f 231/630/98 235/638/82 241/652/100
f 256/683/92 246/662/102 236/639/84
f 233/633/101 241/650/100 237/641/103
f 219/605/89 214/595/104 242/654/105
f 239/646/94 242/653/105 218/603/106
f 273/739/107 274/741/108 280/753/109
f 275/743/110 276/745/111 281/755/112
f 270/729/113 271/735/114 269/725/115
f 269/728/115 276/746/111 270/731/113
f 288/770/116 287/768/117 284/761/118
f 288/771/116 285/764/119 286/766/120
f 288/772/116 284/762/118 285/765/119
f 289/774/121 292/781/122 293/785/123
f 290/778/124 289/775/121 293/786/123
f 295/789/125 296/791/126 294/787/127
f 294/788/127 296/792/126 297/796/128
f 300/803/129 302/807/130 299/800/131
f 301/806/120 299/801/131 303/812/132
f 270/730/113 305/818/133 271/734/114
f 345/933/134 344/931/135 340/923/136
f 347/937/137 346/935/138 341/925/139
f 349/941/140 348/939/141 342/927/142
f 343/929/143 351/945/144 350/943/145
f 336/911/146 384/1018/147 337/914/148
f 336/912/146 345/934/134 335/909/149
f 347/938/137 336/913/146 337/915/148
f 349/942/140 337/916/148 338/918/150
f 335/910/149 351/946/144 338/919/150
f 358/961/151 359/963/152 360/965/153
f 355/953/154 357/958/155 354/951/156
f 367/980/157 366/978/158 365/976/159
f 364/973/160 363/971/161 362/969/162
f 363/972/161 364/974/160 361/967/163
f 372/991/164 374/995/165 373/993/166
f 371/988/167 369/984/168 370/986/169
f 369/985/168 371/989/167 368/982/170
f 381/1011/171 383/1015/172 382/1013/173
f 380/1008/174 377/1001/175 378/1003/176
f 388/1030/177 385/1021/178 384/1017/147
f 390/1037/179 388/1032/177 387/1028/180
f 389/1034/181 386/1025/182 388/1031/177
f 430/1153/183 429/1150/184 403/1076/185
f 431/1156/186 430/1154/187 403/1077/188
f 428/1147/189 417/1113/190 420/1119/191
f 403/1080/185 429/1151/184 402/1075/192
f 500/1376/193 481/1338/194 496/1367/195
f 488/1351/196 490/1356/197 487/1350/198
f 491/1358/199 482/1340/200 490/1356/197
f 504/1384/201 503/1381/202 482/1340/200
f 505/1386/203 504/1383/201 491/1357/199
f 505/1386/203 491/1357/199 488/1352/196
f 498/1372/204 488/1352/196 489/1353/205
f 502/1380/206 501/1377/207 493/1362/208
f 493/1362/208 484/1344/209 494/1364/210
f 494/1364/210 485/1345/211 495/1366/212
f 501/1378/207 500/1375/193 484/1343/209
f 484/1343/209 500/1375/193 485/1346/211
f 485/1346/211 496/1368/195 486/1347/213
f 517/1411/214 507/1389/215 497/1369/216
f 504/1384/201 516/1409/217 503/1381/202
f 520/1418/218 506/1387/219 504/1383/201
f 509/1395/220 512/1401/221 516/1409/217
f 483/1341/222 519/1415/223 510/1397/224
f 506/1388/219 492/1359/225 509/1395/220
f 525/1428/226 531/1441/227 529/1436/228
f 541/1461/229 538/1455/230 537/1452/231
f 532/1443/232 522/1422/233 531/1441/227
f 533/1445/234 544/1467/235 522/1422/233
f 550/1481/236 567/1514/237 545/1469/238
f 539/1457/239 545/1469/238 523/1424/240
f 567/1516/241 546/1470/242 551/1482/243
f 523/1425/240 551/1482/243 533/1444/234
f 523/1425/240 533/1444/234 532/1442/232
f 523/1425/240 532/1442/232 525/1429/226
f 524/1427/244 525/1429/226 530/1438/245
f 564/1508/246 563/1506/247 549/1478/248
f 542/1463/249 541/1460/229 526/1430/250
f 526/1430/250 541/1460/229 527/1433/251
f 527/1433/251 537/1453/231 528/1434/252
f 562/1504/253 550/1480/236 538/1454/230
f 545/1468/238 567/1515/237 523/1423/240
f 551/1483/243 561/1503/254 544/1467/235
f 549/1479/248 560/1500/255 548/1477/256
f 582/1566/257 587/1576/258 586/1574/259
f 589/1580/260 588/1578/261 583/1568/262
f 591/1584/263 590/1582/264 584/1570/265
f 585/1572/266 593/1588/267 592/1586/268
f 580/1557/269 614/1642/270 581/1562/271
f 614/1642/270 615/1645/272 581/1562/271
f 581/1563/271 587/1577/258 580/1560/269
f 591/1585/263 581/1565/271 615/1648/272
f 580/1561/269 593/1589/267 615/1649/272
f 594/1590/273 598/1602/274 596/1596/275
f 603/1612/276 602/1609/277 601/1607/278
f 602/1610/277 603/1613/276 600/1605/279
f 600/1606/279 603/1614/276 599/1603/280
f 604/1616/281 608/1625/282 607/1623/283
f 608/1626/282 605/1619/284 606/1621/285
f 608/1627/282 604/1617/281 605/1620/284
f 611/1633/286 613/1638/287 612/1635/288
f 613/1639/287 610/1631/289 612/1636/288
f 610/1632/289 613/1640/287 609/1629/290
f 611/1634/286 612/1637/288 609/1630/290
f 580/1558/269 616/1650/291 614/1643/270
f 616/1651/291 615/1646/272 614/1644/270
f 616/1652/291 580/1559/269 615/1647/272
f 571/1526/292 617/1653/293 570/1524/294
f 618/1656/295 621/1664/296 619/1659/297
f 84/221/298 82/215/298 81/212/298 83/218/298
f 15/49/299 7/19/300 6/17/300 14/45/301
f 11/33/302 4/13/303 7/20/303 15/50/304
f 94/253/305 91/244/305 8/21/306 13/41/307
f 91/245/308 92/247/308 9/25/309 8/22/310
f 92/248/311 93/250/311 10/29/312 9/26/313
f 94/254/314 13/42/315 10/30/316 93/251/314
f 8/23/306 12/37/317 11/34/318 13/43/307
f 9/27/309 14/46/319 12/38/320 8/24/310
f 10/31/312 15/51/299 14/47/301 9/28/313
f 13/44/315 11/35/302 15/52/304 10/32/316
f 16/53/321 106/278/322 1/1/323 107/282/324
f 107/283/324 1/2/325 2/5/326 108/285/327
f 108/286/327 2/6/328 3/9/329 109/288/330
f 109/289/330 3/10/331 106/279/332 16/54/321
f 17/56/333 16/55/321 107/284/324 18/59/334
f 18/59/334 107/284/324 108/287/327 19/62/335
f 19/62/335 108/287/327 109/290/330 20/65/336
f 17/56/333 20/65/336 109/290/330 16/55/321
f 25/81/28 71/181/337 24/77/338 21/68/339
f 36/105/340 31/95/341 32/97/8
f 37/107/342 33/99/343 38/109/344
f 26/85/26 25/81/28 22/71/7 23/74/9
f 21/68/339 22/71/7 25/81/28
f 26/85/26 23/74/9 24/77/338 71/181/337
f 34/102/3 17/57/345 18/60/346 27/88/1
f 28/90/2 27/88/1 18/60/346 21/69/339
f 28/90/2 24/78/338 17/57/345 34/102/3
f 21/69/339 24/78/338 28/90/2
f 29/92/4 35/104/6 18/61/347 19/63/348
f 30/94/5 29/92/4 19/63/348 22/72/7
f 30/94/5 21/70/339 18/61/347 35/104/6
f 22/72/7 21/70/339 30/94/5
f 31/96/341 36/106/340 19/64/349 20/66/350
f 32/98/8 31/96/341 20/66/350 23/75/9
f 32/98/8 22/73/7 19/64/349 36/106/340
f 37/108/342 20/67/351 17/58/352 33/100/343
f 38/110/344 33/100/343 17/58/352 24/79/338
f 38/110/344 23/76/9 20/67/351 37/108/342
f 24/79/338 23/76/9 38/110/344
f 42/118/353 40/113/353 43/119/354 44/123/13
f 39/111/355 41/116/14 44/124/13 43/120/354
f 46/128/11 40/114/356 39/112/357 45/126/12
f 47/130/10 43/121/358 40/114/356 46/128/11
f 39/112/357 43/121/358 47/130/10 45/126/12
f 53/143/18 48/132/22 49/134/21 52/141/16
f 54/145/17 52/141/16 49/134/21 51/139/20
f 54/145/17 51/139/20 48/132/22 53/143/18
f 61/160/359 56/149/360 55/147/25 59/156/361
f 61/159/359 59/155/361 60/157/362
f 57/151/23 56/148/363 58/153/24
f 60/158/362 59/156/361 55/147/25 58/154/24
f 60/158/362 58/154/24 56/149/360 61/160/359
f 67/172/364 66/169/365 62/161/366 64/165/367
f 69/177/368 68/175/369 70/179/370
f 67/173/364 65/167/371 63/163/371 66/170/365
f 64/166/367 65/168/372 67/174/364
f 68/176/369 69/178/368 63/164/373 62/162/374
f 70/180/370 68/176/369 62/162/374 66/171/375
f 70/180/370 66/171/375 63/164/373 69/178/368
f 74/191/31 71/182/337 25/82/28 72/184/376
f 74/192/31 73/189/27 26/86/26 71/183/337
f 25/83/28 73/190/377 72/186/376
f 75/195/30 76/199/29 74/193/31 72/185/376
f 78/203/378 6/18/379 5/15/298 77/200/298
f 72/186/376 73/190/377 75/196/30
f 77/200/380 5/15/380 12/39/320 79/206/381
f 80/209/382 79/206/381 12/39/320 14/48/319
f 78/203/378 80/209/382 14/48/319 6/18/379
f 81/213/383 82/216/383 78/204/383 77/201/383
f 81/214/372 77/202/372 79/207/372 83/219/372
f 83/220/297 79/208/297 80/210/297 84/222/297
f 84/223/15 80/211/15 78/205/15 82/217/15
f 88/235/384 115/308/385 96/258/386 95/256/386
f 85/225/42 110/292/387 111/294/32
f 113/302/36 112/297/44 104/275/388
f 116/313/50 115/309/389 100/267/390
f 89/238/48 97/260/391 96/259/391 115/310/49
f 90/241/392 98/262/392 97/261/392 89/239/392
f 90/242/393 88/236/393 95/257/393 98/263/393
f 85/226/42 86/229/41 100/266/39 99/264/47
f 112/298/394 101/268/394 100/267/394 86/230/394
f 87/232/395 102/270/395 101/269/395 112/299/395
f 87/233/396 85/227/396 99/265/396 102/271/396
f 1/3/323 106/280/322 103/273/43 110/292/397
f 106/281/332 3/11/331 104/274/33 103/272/43
f 2/7/328 105/277/46 104/275/388 3/12/329
f 1/4/325 110/291/398 105/276/398 2/8/326
f 117/316/399 90/243/400 89/240/48 116/312/50
f 103/273/43 111/294/32 110/292/397
f 112/300/34 86/231/41 111/295/32
f 105/277/46 113/302/36 104/275/388
f 85/228/35 87/234/45 113/303/36
f 88/237/384 114/305/38 115/311/385
f 100/267/390 101/268/401 116/313/50
f 117/315/399 116/314/50 101/269/401 102/270/402
f 114/305/38 88/237/384 90/243/400 117/316/399
f 114/306/38 117/317/399 102/271/402 99/265/47
f 119/322/403 92/249/404 91/246/405 118/319/406
f 118/318/406 95/256/407 96/258/408 119/321/403
f 120/325/409 93/252/410 92/249/404 119/322/403
f 119/323/403 96/259/408 97/260/411 120/324/409
f 120/325/409 121/328/412 94/255/413 93/252/410
f 120/326/409 97/261/411 98/262/414 121/327/412
f 118/319/406 91/246/405 94/255/413 121/328/412
f 121/329/412 98/263/414 95/257/407 118/320/406
f 129/354/415 137/381/298 138/385/298 122/330/415
f 128/351/383 125/342/383 126/345/383 127/348/383
f 136/377/416 123/334/417 124/338/417 135/373/416
f 122/331/418 138/386/15 135/374/15 124/339/418
f 123/335/419 136/378/372 137/382/372 129/355/419
f 159/469/420 122/332/418 124/340/418 134/370/421
f 160/472/422 129/356/415 122/333/415 159/470/420
f 161/475/423 123/336/419 129/357/419 160/473/422
f 134/371/421 124/341/417 123/337/417 161/476/423
f 126/346/15 131/361/15 130/358/15 127/349/15
f 125/343/298 132/364/298 131/362/298 126/347/298
f 128/352/372 133/367/372 132/365/372 125/344/372
f 127/350/416 130/359/416 133/368/416 128/353/416
f 140/393/416 136/379/416 135/375/416 139/389/416
f 136/380/372 140/394/372 141/397/372 137/383/372
f 137/384/298 141/398/298 142/401/298 138/387/298
f 138/388/15 142/402/15 139/390/15 135/376/15
f 144/409/424 140/395/416 139/391/416 143/405/424
f 140/396/372 144/410/425 145/413/426 141/399/372
f 141/400/298 145/414/427 146/417/427 142/403/298
f 142/404/15 146/418/428 143/406/428 139/392/15
f 162/478/429 144/411/424 143/407/424 147/421/430
f 144/412/425 162/479/431 164/486/432 145/415/426
f 145/416/427 164/487/433 165/490/434 146/419/427
f 146/420/428 165/491/435 147/422/436 143/408/428
f 148/425/437 162/480/429 147/423/430 163/482/438
f 162/481/431 148/426/439 149/429/440 164/488/432
f 164/489/433 149/430/441 150/433/442 165/492/434
f 165/493/435 150/434/443 163/483/444 147/424/436
f 152/441/445 148/427/437 163/484/438 151/437/446
f 148/428/439 152/442/447 153/445/447 149/431/440
f 149/432/441 153/446/448 154/449/448 150/435/442
f 150/436/443 154/450/449 151/438/449 163/485/444
f 156/457/450 152/443/445 151/439/446 155/453/450
f 152/444/447 156/458/451 157/461/451 153/447/447
f 153/448/448 157/462/452 158/465/452 154/451/448
f 154/452/449 158/466/453 155/454/453 151/440/449
f 312/837/454 156/459/450 155/455/450 311/835/454
f 134/372/421 130/360/455 131/363/456 159/471/420
f 159/471/420 131/363/456 132/366/457 160/474/422
f 160/474/422 132/366/457 133/369/458 161/477/423
f 134/372/421 161/477/423 133/369/458 130/360/455
f 174/510/53 192/547/52 167/496/459 168/498/460
f 181/525/461 182/526/54 178/519/60
f 181/524/461 166/494/66 169/500/64 170/502/55
f 169/500/64 175/512/61 184/530/57 170/502/55
f 182/526/54 181/525/461 170/503/55
f 198/561/68 193/548/51 174/511/53
f 184/530/57 175/512/61 187/536/462 171/504/463
f 183/528/56 170/503/55 184/531/57
f 196/556/71 168/499/460 167/497/459 197/557/59
f 177/516/58 184/531/57 171/505/463
f 183/529/56 196/555/71 197/558/59 182/527/54
f 196/555/71 183/529/56 177/517/58
f 195/553/464 172/506/465 174/510/53 168/498/460
f 187/537/462 175/513/61 180/522/63
f 175/513/61 169/501/64 188/538/62
f 169/501/64 166/495/66 189/540/65
f 180/523/63 188/539/62 198/560/68
f 188/539/62 189/541/65 198/560/68
f 189/541/65 190/543/67 193/549/51
f 174/511/53 172/507/465 194/552/69 198/561/68
f 176/514/72 195/554/464 168/499/460 196/556/71
f 171/504/463 187/536/462 200/565/80 199/562/466
f 177/516/58 171/505/463 199/563/466
f 201/568/73 185/533/467 177/516/58 199/563/466
f 200/564/80 187/537/462 180/522/63
f 180/522/63 179/521/81 205/577/78 200/564/80
f 207/580/75 203/571/468 205/575/78 201/566/73
f 179/520/81 180/523/63 191/545/70
f 176/515/72 177/517/58 185/532/467
f 204/573/76 206/578/79 205/577/78 203/572/468
f 206/579/79 208/582/74 199/562/466 200/565/80
f 206/579/79 204/574/76 208/582/74
f 208/583/74 202/570/77 207/581/75
f 201/567/73 205/576/78 186/534/469 173/508/470
f 201/568/73 199/563/466 208/583/74
f 186/535/469 205/577/78 179/521/81
f 236/639/84 234/636/83 210/586/471 211/588/90
f 185/533/467 201/568/73 173/509/470
f 223/614/472 224/615/85 220/608/95
f 209/584/96 212/590/473 213/592/86 223/613/472
f 212/590/473 216/598/474 217/600/88 213/592/86
f 224/615/85 223/614/472 213/593/86
f 241/651/100 235/637/82 236/640/84
f 217/600/88 216/598/474 228/623/475 214/594/104
f 225/617/87 213/593/86 217/601/88
f 211/588/90 256/683/92 236/639/84
f 245/659/476 255/680/477 227/621/478 215/596/479
f 219/605/89 217/601/88 214/595/104
f 239/645/94 211/589/90 210/587/471 240/649/93
f 245/661/476 215/597/479 226/620/480
f 256/684/92 238/643/91 218/602/481
f 211/589/90 239/645/94 238/643/91
f 221/609/482 227/622/478 255/682/477 222/612/483
f 218/603/106 242/653/105 226/619/480
f 239/646/94 219/606/89 242/653/105
f 239/646/94 225/618/87 219/606/89
f 239/646/94 224/616/85 225/618/87
f 229/625/99 222/612/483 228/624/475 216/599/474
f 230/627/484 229/625/99 216/599/474 212/591/473
f 231/629/98 230/627/484 212/591/473 209/585/96
f 236/640/84 246/663/102 237/642/485 241/651/100
f 221/610/482 222/611/483 233/634/101
f 229/626/99 230/628/484 241/652/100
f 230/628/484 231/630/98 241/652/100
f 231/630/98 232/632/97 235/638/82
f 214/594/104 228/623/475 244/658/486 243/655/487
f 222/611/483 229/626/99 233/634/101
f 238/644/91 239/647/94 218/604/481
f 242/654/105 214/595/104 243/656/487
f 226/620/480 242/654/105 243/656/487 245/661/476
f 244/657/486 228/624/475 222/612/483
f 249/668/488 252/674/489 251/672/490 248/666/491
f 222/612/483 255/682/477 244/657/486
f 249/669/488 250/670/492 253/676/493 252/675/489
f 250/671/492 247/664/494 254/678/495 253/677/493
f 248/667/491 251/673/490 254/679/495 247/665/494
f 252/674/489 255/681/477 245/660/476 251/672/490
f 253/676/493 244/657/486 255/682/477 252/675/489
f 253/677/493 254/678/495 243/655/487 244/658/486
f 254/679/495 251/673/490 245/661/476 243/656/487
f 264/705/496 261/699/497 260/697/497 267/717/498
f 266/713/499 263/703/500 262/701/500 265/709/501
f 267/718/502 260/698/503 263/704/503 266/714/504
f 258/689/505 257/685/506 264/706/496 267/719/498
f 257/686/507 268/721/508 265/710/509 264/707/510
f 268/722/511 259/693/512 266/715/499 265/711/501
f 258/690/513 267/720/502 266/716/504 259/694/514
f 278/750/515 268/723/508 257/687/507 272/738/516
f 278/749/515 272/737/516 279/751/517
f 282/757/518 277/747/519 283/759/520
f 304/813/521 269/725/115 271/735/114
f 279/752/517 272/738/516 257/687/507 269/726/115
f 279/752/517 304/814/521 268/723/508 278/750/515
f 269/726/115 304/814/521 279/752/517
f 273/740/107 280/754/109 257/688/506 258/691/505
f 274/742/108 273/740/107 258/691/505 269/727/522
f 274/742/108 269/727/522 257/688/506 280/754/109
f 275/744/110 281/756/112 258/692/513 259/695/514
f 276/746/111 275/744/110 259/695/514 270/731/113
f 276/746/111 269/728/115 258/692/513 281/756/112
f 282/758/518 259/696/512 268/724/511 277/748/519
f 283/760/520 277/748/519 268/724/511 304/815/521
f 283/760/520 270/732/113 259/696/512 282/758/518
f 304/815/521 270/732/113 283/760/520
f 307/824/523 306/821/524 261/700/524 264/708/510
f 284/763/118 287/769/117 286/767/120
f 286/767/120 287/769/117 288/773/116
f 289/776/121 291/779/525 292/782/122
f 291/780/525 290/777/124 292/783/122
f 290/778/124 293/786/123 292/784/122
f 298/797/526 297/795/128 296/793/126
f 295/790/125 298/798/526 296/794/126
f 294/788/127 297/796/128 298/799/526
f 303/811/132 299/802/131 302/808/130
f 300/804/129 301/805/120 302/809/130
f 301/806/120 303/812/132 302/810/130
f 304/816/521 271/736/114 305/819/133
f 270/733/113 304/817/521 305/820/133
f 262/702/527 261/700/298 306/821/528
f 307/824/523 264/708/510 265/712/509 308/827/529
f 308/827/529 265/712/509 262/702/527 306/821/528
f 309/830/530 306/822/531 307/825/532 310/832/533
f 310/833/533 308/828/534 306/823/531 309/831/530
f 307/826/532 308/829/297 310/834/533
f 157/463/451 156/460/451 312/838/535 313/839/535
f 158/467/452 157/464/452 313/840/536 314/841/536
f 158/468/453 314/842/537 311/836/537 155/456/453
f 316/847/538 317/849/538 321/859/539 324/871/540
f 395/1052/541 396/1055/541 398/1061/541 397/1058/541
f 318/851/542 319/853/542 323/867/543 322/863/544
f 319/854/545 316/848/545 324/872/546 323/868/547
f 320/855/548 325/875/549 406/1087/550 409/1096/550
f 406/1088/551 325/876/552 326/879/553 407/1090/551
f 326/880/554 327/883/555 408/1093/556 407/1091/556
f 327/884/557 320/856/558 409/1097/559 408/1094/559
f 324/873/540 321/860/539 325/877/549 320/857/548
f 321/861/560 322/864/561 326/881/553 325/878/552
f 322/865/544 323/869/543 327/885/555 326/882/554
f 323/870/547 324/874/546 320/858/558 327/886/557
f 421/1121/562 315/843/563 422/1125/564 328/887/565
f 423/1128/566 421/1122/567 328/888/565 329/890/568
f 424/1132/569 423/1129/570 329/891/568 330/893/571
f 315/844/572 424/1133/573 330/894/571 422/1126/564
f 328/889/565 422/1127/564 331/896/574 332/899/575
f 329/892/568 328/889/565 332/899/575 333/902/576
f 330/895/571 329/892/568 333/902/576 334/905/577
f 331/896/574 422/1127/564 330/895/571 334/905/577
f 384/1018/147 336/911/146 335/908/149 339/920/578
f 385/1022/178 338/917/150 337/914/148 384/1018/147
f 339/920/578 335/908/149 338/917/150 385/1022/178
f 332/900/579 331/897/580 340/924/136 344/932/135
f 345/934/134 336/912/146 332/900/579 344/932/135
f 331/897/580 335/909/149 345/934/134 340/924/136
f 346/936/138 333/903/581 332/901/582 341/926/139
f 347/938/137 337/915/148 333/903/581 346/936/138
f 332/901/582 336/913/146 347/938/137 341/926/139
f 348/940/141 334/906/583 333/904/584 342/928/142
f 349/942/140 338/918/150 334/906/583 348/940/141
f 333/904/584 337/916/148 349/942/140 342/928/142
f 331/898/585 334/907/586 343/930/143 350/944/145
f 351/946/144 335/910/149 331/898/585 350/944/145
f 334/907/586 338/919/150 351/946/144 343/930/143
f 356/955/587 352/947/588 354/952/588 357/959/155
f 356/956/587 357/960/155 355/954/154 353/949/589
f 360/966/153 353/950/590 352/948/591 358/962/151
f 359/964/152 358/962/151 352/948/591 356/957/592
f 359/964/152 356/957/592 353/950/590 360/966/153
f 362/970/593 361/968/163 365/977/159 366/979/158
f 367/981/157 364/975/160 362/970/593 366/979/158
f 361/968/163 364/975/160 367/981/157 365/977/159
f 370/987/169 368/983/594 372/992/164 373/994/166
f 374/996/165 371/990/167 370/987/169 373/994/166
f 368/983/594 371/990/167 374/996/165 372/992/164
f 378/1004/595 376/999/595 379/1005/596 380/1009/174
f 379/1006/596 375/997/597 377/1002/175 380/1010/174
f 382/1014/173 376/1000/598 375/998/599 381/1012/171
f 383/1016/172 379/1007/600 376/1000/598 382/1014/173
f 375/998/599 379/1007/600 383/1016/172 381/1012/171
f 384/1019/147 339/921/578 386/1024/182 387/1027/180
f 386/1025/182 339/922/578 385/1023/178 388/1031/177
f 387/1028/180 388/1032/177 384/1020/147
f 387/1029/180 386/1026/182 389/1035/181 390/1038/179
f 317/850/601 318/852/541 392/1043/541 391/1040/602
f 388/1033/177 390/1039/179 389/1036/181
f 321/862/560 317/850/601 391/1040/602 393/1046/603
f 394/1049/604 322/866/561 321/862/560 393/1046/603
f 392/1043/605 318/852/605 322/866/561 394/1049/604
f 395/1053/383 391/1041/383 392/1044/383 396/1056/383
f 393/1047/176 391/1042/176 395/1054/176 397/1059/176
f 394/1050/297 393/1048/297 397/1060/297 398/1062/297
f 392/1045/156 394/1051/156 398/1063/156 396/1057/156
f 410/1099/606 411/1101/606 403/1078/606 402/1073/606
f 426/1142/607 417/1114/608 425/1136/609
f 425/1137/610 417/1113/190 428/1147/189
f 411/1102/611 412/1103/611 404/1081/612 403/1079/613
f 412/1104/614 413/1105/614 405/1084/614 404/1082/614
f 405/1085/615 413/1106/615 410/1100/615 402/1074/615
f 425/1138/609 414/1107/616 430/1153/183 399/1064/617
f 430/1154/187 415/1109/618 400/1067/619 399/1065/619
f 415/1110/614 416/1111/614 401/1070/614 400/1068/614
f 401/1071/620 416/1112/621 414/1108/621 425/1139/610
f 421/1123/562 417/1114/622 418/1115/623 315/845/563
f 418/1116/624 419/1117/624 424/1134/573 315/846/572
f 419/1118/625 420/1120/625 423/1130/570 424/1135/569
f 420/1119/626 417/1113/626 421/1124/567 423/1131/566
f 426/1141/607 399/1066/617 400/1069/627 427/1145/628
f 399/1066/617 426/1141/607 425/1140/609
f 417/1114/622 426/1142/607 418/1115/623
f 427/1144/628 419/1117/629 418/1116/623 426/1143/607
f 400/1069/627 401/1072/620 428/1149/189 427/1145/628
f 428/1148/189 420/1120/191 419/1118/629 427/1146/628
f 431/1155/186 404/1083/612 405/1086/630 432/1159/631
f 425/1140/610 428/1149/189 401/1072/620
f 414/1107/616 429/1150/184 430/1153/183
f 404/1083/612 431/1155/186 403/1080/613
f 430/1154/187 431/1156/186 415/1109/618
f 432/1158/631 416/1111/632 415/1110/618 431/1157/186
f 432/1159/631 405/1086/630 402/1075/192 429/1151/184
f 429/1152/184 414/1108/616 416/1112/632 432/1160/631
f 406/1089/633 407/1092/634 433/1162/635 434/1165/636
f 411/1101/637 410/1099/638 434/1164/636 433/1161/635
f 407/1092/634 408/1095/639 435/1168/640 433/1162/635
f 412/1103/641 411/1102/637 433/1163/635 435/1167/640
f 435/1168/640 408/1095/639 409/1098/642 436/1171/643
f 413/1105/644 412/1104/641 435/1169/640 436/1170/643
f 409/1098/642 406/1089/633 434/1165/636 436/1171/643
f 410/1100/638 413/1106/644 436/1172/643 434/1166/636
f 454/1230/541 453/1226/541 437/1173/645 443/1193/645
f 439/1180/383 438/1177/383 441/1186/383 440/1183/383
f 442/1189/646 444/1197/646 452/1222/647 455/1234/647
f 455/1235/156 454/1231/156 443/1194/648 442/1190/648
f 453/1227/176 452/1223/176 444/1198/649 437/1174/649
f 442/1191/648 443/1195/648 449/1213/650 476/1318/651
f 443/1196/645 437/1175/645 450/1216/652 449/1214/650
f 437/1176/649 444/1199/649 451/1219/653 450/1217/652
f 444/1200/646 442/1192/646 476/1319/651 451/1220/653
f 445/1201/156 446/1204/156 439/1181/156 440/1184/156
f 446/1205/541 447/1207/541 438/1178/541 439/1182/541
f 447/1208/176 448/1210/176 441/1187/176 438/1179/176
f 448/1211/647 445/1202/647 440/1185/647 441/1188/647
f 455/1236/647 452/1224/647 456/1238/647 459/1250/647
f 457/1242/176 456/1239/176 452/1225/176 453/1228/176
f 458/1246/541 457/1243/541 453/1229/541 454/1232/541
f 459/1251/156 458/1247/156 454/1233/156 455/1237/156
f 459/1252/647 456/1240/647 460/1254/654 463/1266/654
f 461/1258/655 460/1255/656 456/1241/176 457/1244/176
f 462/1262/657 461/1259/657 457/1245/541 458/1248/541
f 463/1267/658 462/1263/658 458/1249/156 459/1253/156
f 463/1268/654 460/1256/654 464/1270/659 477/1321/660
f 465/1274/661 464/1271/662 460/1257/656 461/1260/655
f 466/1278/663 465/1275/664 461/1261/657 462/1264/657
f 477/1322/665 466/1279/666 462/1265/658 463/1269/658
f 477/1323/660 464/1272/659 478/1325/667 467/1282/668
f 479/1329/669 478/1326/670 464/1273/662 465/1276/661
f 480/1333/671 479/1330/672 465/1277/664 466/1280/663
f 467/1283/673 480/1334/674 466/1281/666 477/1324/665
f 467/1284/668 478/1327/667 468/1286/675 471/1298/676
f 469/1290/677 468/1287/677 478/1328/670 479/1331/669
f 470/1294/678 469/1291/678 479/1332/672 480/1335/671
f 471/1299/679 470/1295/679 480/1336/674 467/1285/673
f 471/1300/676 468/1288/675 472/1302/680 475/1314/680
f 473/1306/681 472/1303/681 468/1289/677 469/1292/677
f 474/1310/682 473/1307/682 469/1293/678 470/1296/678
f 475/1315/683 474/1311/683 470/1297/679 471/1301/679
f 475/1316/680 472/1304/680 623/1669/684 622/1667/684
f 449/1215/650 446/1206/685 445/1203/686 476/1320/651
f 447/1209/687 446/1206/685 449/1215/650 450/1218/652
f 448/1212/688 447/1209/687 450/1218/652 451/1221/653
f 476/1320/651 445/1203/686 448/1212/688 451/1221/653
f 487/1349/198 490/1355/197 494/1363/210 495/1365/212
f 489/1354/205 488/1351/196 487/1350/198
f 481/1337/194 497/1369/216 499/1373/689
f 12/40/317 5/16/690 4/14/690 11/36/318
f 482/1339/200 493/1361/208 494/1363/210 490/1355/197
f 488/1351/196 491/1358/199 490/1356/197
f 482/1339/200 503/1382/202 502/1379/206 493/1361/208
f 481/1337/194 517/1411/214 497/1369/216
f 500/1376/193 517/1412/214 481/1338/194
f 505/1385/203 498/1371/204 499/1374/689 497/1370/216
f 491/1358/199 504/1384/201 482/1340/200
f 520/1417/218 505/1385/203 497/1370/216 507/1390/215
f 498/1372/204 505/1386/203 488/1352/196
f 493/1362/208 501/1377/207 484/1344/209
f 494/1364/210 484/1344/209 485/1345/211
f 495/1366/212 485/1345/211 486/1348/213
f 485/1346/211 500/1375/193 496/1368/195
f 501/1378/207 518/1414/691 500/1375/193
f 505/1386/203 520/1418/218 504/1383/201
f 516/1410/217 511/1400/692 502/1379/206 503/1382/202
f 509/1395/220 516/1409/217 504/1384/201 506/1388/219
f 501/1377/207 502/1380/206 511/1399/692
f 517/1412/214 500/1376/193 518/1413/691
f 510/1397/224 519/1415/223 501/1377/207 511/1399/692
f 509/1393/220 510/1396/224 514/1405/693 513/1403/694
f 518/1414/691 501/1378/207 519/1416/223
f 510/1397/224 511/1399/692 515/1407/695 514/1406/693
f 509/1394/220 492/1360/225 483/1342/222 510/1398/224
f 512/1402/221 515/1408/695 511/1400/692
f 509/1395/220 513/1404/694 512/1401/221
f 512/1402/221 508/1391/696 515/1408/695
f 513/1404/694 508/1392/696 512/1401/221
f 516/1410/217 512/1402/221 511/1400/692
f 540/1458/697 521/1419/698 538/1454/230 539/1456/239
f 530/1439/245 525/1428/226 529/1436/228
f 531/1440/227 535/1448/699 536/1450/700 529/1437/228
f 537/1452/231 538/1455/230 521/1420/698
f 522/1421/233 534/1446/701 535/1448/699 531/1440/227
f 525/1428/226 532/1443/232 531/1441/227
f 522/1421/233 544/1466/235 543/1464/702 534/1446/701
f 538/1454/230 550/1480/236 539/1456/239
f 547/1472/703 566/1512/704 565/1510/705 548/1475/256
f 523/1424/240 524/1426/244 540/1459/697 539/1457/239
f 546/1471/242 566/1513/704 547/1474/703
f 532/1443/232 533/1445/234 522/1422/233
f 539/1457/239 550/1481/236 545/1469/238
f 548/1477/256 565/1511/705 564/1509/246 549/1479/248
f 524/1427/244 523/1425/240 525/1429/226
f 542/1462/249 534/1447/701 543/1465/702 549/1479/248
f 526/1431/250 535/1449/699 534/1447/701 542/1462/249
f 527/1432/251 536/1451/700 535/1449/699 526/1431/250
f 541/1460/229 542/1463/249 549/1478/248 563/1506/247
f 536/1451/700 527/1432/251 528/1435/252
f 527/1433/251 541/1460/229 537/1453/231
f 541/1461/229 562/1505/253 538/1455/230
f 544/1466/235 561/1502/254 560/1501/255 543/1464/702
f 533/1445/234 551/1483/243 544/1467/235
f 523/1425/240 567/1516/241 551/1482/243
f 561/1503/254 551/1483/243 546/1471/242 547/1474/703
f 549/1479/248 543/1465/702 560/1500/255
f 562/1505/253 541/1461/229 563/1507/247
f 556/1492/706 557/1494/707 555/1490/708 552/1484/709
f 555/1491/708 557/1495/707 558/1496/710 554/1488/711
f 554/1489/711 558/1497/710 559/1498/712 553/1486/713
f 559/1499/712 556/1493/706 552/1485/709 553/1487/713
f 547/1473/703 548/1476/256 557/1494/707 556/1492/706
f 548/1477/256 560/1500/255 558/1496/710 557/1495/707
f 558/1497/710 560/1501/255 561/1502/254 559/1498/712
f 559/1499/712 561/1503/254 547/1474/703 556/1493/706
f 569/1521/714 570/1523/714 574/1533/715 573/1529/716
f 571/1525/717 572/1527/717 576/1541/718 575/1537/719
f 572/1528/720 569/1522/720 573/1530/721 576/1542/722
f 573/1531/716 574/1534/715 577/1545/723 578/1549/724
f 577/1546/725 574/1535/726 575/1538/727 568/1517/728
f 568/1518/729 575/1539/719 576/1543/718 579/1553/730
f 576/1544/722 573/1532/721 578/1550/731 579/1554/732
f 577/1547/725 568/1519/728 582/1567/257 586/1575/259
f 587/1577/258 581/1563/271 577/1547/725 586/1575/259
f 568/1519/728 580/1560/269 587/1577/258 582/1567/257
f 588/1579/261 578/1551/724 577/1548/723 583/1569/262
f 589/1581/260 581/1564/733 578/1551/724 588/1579/261
f 577/1548/723 581/1564/733 589/1581/260 583/1569/262
f 579/1555/732 578/1552/731 584/1571/265 590/1583/264
f 591/1585/263 615/1648/272 579/1555/732 590/1583/264
f 578/1552/731 581/1565/271 591/1585/263 584/1571/265
f 568/1520/729 579/1556/730 585/1573/266 592/1587/268
f 593/1589/267 580/1561/269 568/1520/729 592/1587/268
f 579/1556/730 615/1649/272 593/1589/267 585/1573/266
f 618/1657/734 574/1536/726 570/1524/294 617/1653/293
f 598/1601/274 594/1591/273 597/1597/735
f 594/1592/273 595/1593/736 597/1598/735
f 595/1594/736 596/1595/275 597/1599/735
f 596/1596/275 598/1602/274 597/1600/735
f 599/1604/280 601/1608/278 602/1611/277
f 603/1615/276 601/1608/278 599/1604/280
f 604/1618/281 607/1624/283 606/1622/285
f 606/1622/285 607/1624/283 608/1628/282
f 613/1641/287 611/1634/286 609/1630/290
f 575/1540/727 574/1536/726 618/1657/734 619/1660/737
f 571/1526/292 575/1540/727 619/1660/737 617/1653/293
f 618/1658/295 617/1654/738 620/1662/739 621/1665/296
f 617/1655/738 619/1661/740 621/1666/296 620/1663/739
f 473/1308/681 624/1671/741 623/1670/741 472/1305/681
f 474/1312/682 625/1673/742 624/1672/742 473/1309/682
f 622/1668/743 625/1674/743 474/1313/683 475/1317/683
o pCube2683
v 0.017897 0.006473 0.007031
v 0.020342 0.006473 0.007011
v 0.018642 0.007795 0.007763
v 0.017918 0.006473 0.009475
v 0.020362 0.006473 0.009455
v 0.019659 0.007999 0.007707
v 0.019668 0.007991 0.008775
v 0.018600 0.007999 0.008779
v 0.018582 0.007843 0.007705
v 0.019668 0.007844 0.007695
v 0.018591 0.007991 0.007712
v 0.019678 0.007843 0.008781
v 0.018592 0.007842 0.008791
v 0.018650 0.007795 0.008731
v 0.019618 0.007795 0.008723
v 0.019609 0.007795 0.007756
v 0.018183 0.006593 0.007096
v 0.019499 0.007599 0.007648
v 0.018760 0.007587 0.008817
v 0.019509 0.007599 0.008832
v 0.018202 0.006593 0.009406
v 0.020277 0.006593 0.007297
v 0.019725 0.007599 0.008612
v 0.017982 0.006593 0.009190
v 0.018535 0.007599 0.007874
v 0.018184 0.006545 0.007181
v 0.020057 0.006581 0.007102
v 0.019500 0.007551 0.007733
v 0.018751 0.007587 0.007676
v 0.019508 0.007551 0.008747
v 0.020076 0.006581 0.009369
v 0.018202 0.006545 0.009321
v 0.020271 0.006581 0.009171
v 0.020192 0.006545 0.007298
v 0.019640 0.007551 0.008613
v 0.019690 0.007583 0.007865
v 0.018068 0.006545 0.009189
v 0.017988 0.006581 0.007316
v 0.018620 0.007551 0.007873
v 0.018562 0.007587 0.008622
v 0.017636 0.006473 0.009762
v 0.020487 0.006151 0.009578
v 0.017795 0.006151 0.009600
v 0.020465 0.006151 0.006886
v 0.017773 0.006151 0.006908
v 0.019604 0.007852 0.008463
v 0.019384 0.007852 0.008700
v 0.019067 0.007852 0.008762
v 0.018774 0.007852 0.008626
v 0.018611 0.007852 0.008330
v 0.018669 0.007852 0.007996
v 0.018889 0.007852 0.007781
v 0.019192 0.007852 0.007724
v 0.019486 0.007852 0.007860
v 0.019643 0.007852 0.008143
v 0.019488 0.011087 0.008617
v 0.019200 0.011087 0.008756
v 0.018885 0.011087 0.008700
v 0.018672 0.011087 0.008481
v 0.018616 0.011087 0.008181
v 0.018814 0.011086 0.007816
v 0.019221 0.011087 0.007734
v 0.019503 0.011087 0.007885
v 0.019657 0.011086 0.008260
v 0.019561 0.011355 0.008667
v 0.018894 0.011348 0.008818
v 0.018654 0.011349 0.008630
v 0.018514 0.011347 0.008307
v 0.018721 0.011348 0.007775
v 0.019400 0.011355 0.007702
v 0.019709 0.011354 0.008147
v 0.019274 0.011860 0.008212
v 0.019204 0.011861 0.008371
v 0.018996 0.011858 0.008322
v 0.019097 0.011858 0.008092
v 0.018991 0.011735 0.008389
v 0.019013 0.011647 0.008477
v 0.019122 0.011735 0.008444
v 0.019215 0.011735 0.008425
v 0.019307 0.011733 0.008334
v 0.019383 0.011651 0.008199
v 0.019306 0.011662 0.008067
v 0.019168 0.011647 0.007985
v 0.019770 0.011315 0.008324
v 0.019597 0.011319 0.008685
v 0.019233 0.011315 0.008883
v 0.018549 0.011130 0.008057
v 0.018558 0.011347 0.008021
v 0.019023 0.011317 0.007605
v 0.019434 0.011317 0.007675
v 0.019701 0.011319 0.007953
v 0.018489 0.011204 0.008147
v 0.018550 0.011203 0.008544
v 0.018855 0.011203 0.008832
v 0.019145 0.011203 0.008885
v 0.019428 0.011204 0.008818
v 0.019712 0.011203 0.008537
v 0.019770 0.011204 0.008143
v 0.019589 0.011203 0.007780
v 0.019233 0.011204 0.007603
v 0.018839 0.011204 0.007661
v 0.018612 0.011203 0.007860
v 0.018528 0.011125 0.008341
v 0.018692 0.011126 0.008672
v 0.019030 0.011127 0.008849
v 0.019417 0.011130 0.008790
v 0.019677 0.011127 0.008516
v 0.019738 0.011128 0.008142
v 0.019555 0.011125 0.007807
v 0.019314 0.011133 0.007659
v 0.019020 0.011127 0.007640
v 0.018697 0.011125 0.007814
v 0.018721 0.011349 0.008545
v 0.018900 0.011349 0.008702
v 0.019133 0.011349 0.008752
v 0.019363 0.011349 0.008701
v 0.019543 0.011349 0.008539
v 0.019638 0.011349 0.008319
v 0.019586 0.011349 0.008006
v 0.019425 0.011349 0.007831
v 0.019206 0.011349 0.007734
v 0.018893 0.011349 0.007788
v 0.018672 0.011349 0.008010
v 0.018622 0.011349 0.008324
v 0.018831 0.011737 0.008293
v 0.018880 0.011949 0.008285
v 0.018911 0.011749 0.008468
v 0.019018 0.011948 0.008480
v 0.019276 0.011950 0.008453
v 0.019392 0.011951 0.008204
v 0.019411 0.011738 0.008101
v 0.019166 0.011949 0.007982
v 0.019189 0.011736 0.007946
v 0.018903 0.011742 0.008021
v 0.018925 0.011949 0.008091
v 0.018885 0.011825 0.008492
v 0.019081 0.011827 0.008587
v 0.019287 0.011823 0.008553
v 0.019408 0.011827 0.008446
v 0.019473 0.011823 0.008298
v 0.019441 0.011825 0.008088
v 0.019332 0.011823 0.007965
v 0.019183 0.011827 0.007900
v 0.019023 0.011823 0.007916
v 0.018881 0.011825 0.008000
v 0.018801 0.011827 0.008143
v 0.018788 0.011825 0.008300
v 0.018933 0.011733 0.008275
v 0.019329 0.011738 0.008180
v 0.019196 0.011738 0.008045
v 0.019038 0.011732 0.008066
v 0.018953 0.011734 0.008153
v 0.019127 0.011738 0.008554
v 0.019391 0.011740 0.008412
v 0.019191 0.011726 0.008153
v 0.019156 0.011731 0.008349
v 0.019030 0.011729 0.008232
v 0.019349 0.011768 0.008253
v 0.019009 0.011774 0.008440
v 0.019074 0.011764 0.008045
v 0.019261 0.011825 0.007980
v 0.019387 0.011829 0.008413
v 0.019189 0.011813 0.008528
v 0.018882 0.011874 0.008485
v 0.018845 0.011812 0.008304
v 0.018875 0.011821 0.008086
v 0.019069 0.011871 0.007905
v 0.019404 0.011844 0.008079
v 0.019482 0.012027 0.008531
v 0.019283 0.012029 0.008665
v 0.018867 0.012031 0.008609
v 0.018730 0.012026 0.008462
v 0.018682 0.012027 0.008190
v 0.019075 0.012030 0.007802
v 0.019532 0.012027 0.008038
v 0.019582 0.012027 0.008263
v 0.019562 0.012103 0.008414
v 0.018680 0.012103 0.008189
v 0.018671 0.012172 0.008110
v 0.018917 0.012175 0.007834
v 0.019121 0.012175 0.007786
v 0.019421 0.012315 0.008569
v 0.019438 0.012314 0.007930
v 0.018955 0.012383 0.008625
v 0.018771 0.012384 0.008012
v 0.019512 0.012384 0.008074
v 0.019422 0.012385 0.008553
v 0.019309 0.012382 0.008613
v 0.018795 0.012383 0.008491
v 0.019062 0.012383 0.007839
v 0.019170 0.012496 0.008566
v 0.018932 0.012495 0.008509
v 0.018806 0.012498 0.008291
v 0.018895 0.012497 0.008016
v 0.019076 0.012495 0.007922
v 0.019270 0.012498 0.007948
v 0.019080 0.012549 0.008517
v 0.018934 0.012551 0.008442
v 0.019123 0.012542 0.007970
v 0.018855 0.012550 0.008289
v 0.018893 0.012546 0.008094
v 0.019236 0.012600 0.008118
v 0.019176 0.012602 0.008399
v 0.019007 0.012617 0.008287
v 0.019096 0.012595 0.008063
v 0.019306 0.012598 0.008270
v 0.019150 0.012632 0.008232
v 0.019542 0.011966 0.008337
v 0.019421 0.011964 0.008549
v 0.019199 0.011965 0.008659
v 0.019049 0.012022 0.008701
v 0.018951 0.011964 0.008627
v 0.018797 0.011965 0.008501
v 0.018697 0.011957 0.008303
v 0.018727 0.011964 0.008095
v 0.018779 0.012028 0.007966
v 0.018860 0.011967 0.007925
v 0.018916 0.012023 0.007833
v 0.019071 0.011964 0.007824
v 0.019332 0.012026 0.007838
v 0.019317 0.011966 0.007869
v 0.019505 0.011965 0.008048
v 0.019478 0.012172 0.008559
v 0.019593 0.012173 0.008314
v 0.019452 0.012103 0.008584
v 0.019260 0.012173 0.008696
v 0.019200 0.012103 0.008708
v 0.019017 0.012173 0.008701
v 0.019007 0.012104 0.008692
v 0.018818 0.012172 0.008598
v 0.018802 0.012103 0.008575
v 0.018691 0.012173 0.008416
v 0.018656 0.012102 0.008309
v 0.018706 0.012103 0.008040
v 0.018779 0.012172 0.007899
v 0.018912 0.012103 0.007825
v 0.019050 0.012172 0.007763
v 0.019199 0.012104 0.007782
v 0.019297 0.012172 0.007805
v 0.019507 0.012173 0.007951
v 0.019460 0.012103 0.007907
v 0.019610 0.012172 0.008149
v 0.019595 0.012103 0.008182
v 0.019549 0.012320 0.008400
v 0.019337 0.012323 0.008644
v 0.019208 0.012386 0.008661
v 0.019058 0.012320 0.008684
v 0.018865 0.012320 0.008596
v 0.018732 0.012321 0.008451
v 0.018709 0.012385 0.008297
v 0.018688 0.012320 0.008185
v 0.018770 0.012321 0.007986
v 0.018927 0.012392 0.007854
v 0.018923 0.012321 0.007846
v 0.019183 0.012320 0.007801
v 0.019240 0.012386 0.007829
v 0.019338 0.012326 0.007826
v 0.019427 0.012392 0.007923
v 0.019540 0.012326 0.008030
v 0.019570 0.012321 0.008171
v 0.019543 0.012383 0.008315
v 0.019458 0.012510 0.008329
v 0.019376 0.012553 0.008379
v 0.019249 0.012553 0.008498
v 0.019315 0.012505 0.008519
v 0.019038 0.012519 0.008582
v 0.018826 0.012519 0.008407
v 0.018800 0.012507 0.008195
v 0.019035 0.012565 0.007961
v 0.018926 0.012520 0.007956
v 0.019300 0.012553 0.008015
v 0.019249 0.012519 0.007913
v 0.019424 0.012504 0.008093
v 0.019408 0.012555 0.008197
v 0.019399 0.012461 0.008593
v 0.019113 0.012448 0.008698
v 0.018634 0.012209 0.008245
v 0.018688 0.012136 0.008026
v 0.018981 0.012101 0.007787
v 0.019290 0.012150 0.007781
v 0.019518 0.012244 0.007935
v 0.019579 0.012406 0.008361
v 0.019523 0.012439 0.008497
v 0.018944 0.012410 0.008689
v 0.018755 0.012343 0.008581
v 0.018639 0.012253 0.008390
v 0.019422 0.012177 0.007823
v 0.019612 0.012337 0.008143
v 0.019642 0.012371 0.008285
v 0.019359 0.012463 0.008655
v 0.018612 0.012150 0.008155
v 0.018784 0.012090 0.007881
v 0.019038 0.012092 0.007756
v 0.019219 0.012101 0.007738
v 0.019592 0.012250 0.007982
v 0.019488 0.012369 0.008593
v 0.019143 0.012385 0.008763
v 0.018708 0.012247 0.008583
v 0.018636 0.012093 0.008236
v 0.018668 0.012051 0.008051
v 0.018982 0.012001 0.007813
v 0.019225 0.012034 0.007765
v 0.019518 0.012130 0.007912
v 0.019657 0.012260 0.008175
v 0.019612 0.012318 0.008394
v 0.019528 0.012341 0.008517
v 0.019270 0.012363 0.008701
v 0.019028 0.012329 0.008725
v 0.018780 0.012248 0.008602
v 0.018670 0.012160 0.008419
v 0.018804 0.012010 0.007910
v 0.018857 0.012004 0.007897
v 0.019149 0.012016 0.007796
v 0.019433 0.012095 0.007877
v 0.019627 0.012229 0.008164
v 0.018482 0.011262 0.008158
v 0.018553 0.011262 0.008543
v 0.018837 0.011263 0.008829
v 0.019243 0.011262 0.008884
v 0.019588 0.011262 0.008708
v 0.019772 0.011263 0.008357
v 0.019711 0.011263 0.007941
v 0.019404 0.011263 0.007652
v 0.019023 0.011262 0.007602
v 0.018665 0.011263 0.007782
v 0.017795 0.002461 0.009600
v 0.020487 0.002461 0.009578
v 0.020465 0.002461 0.006886
v 0.017773 0.002461 0.006908
v 0.020648 0.006473 0.009737
v 0.020648 0.006151 0.009737
v 0.017636 0.006151 0.009762
v 0.020623 0.006473 0.006725
v 0.020623 0.006151 0.006725
v 0.017611 0.006473 0.006750
v 0.017611 0.006151 0.006750
v 0.017990 0.005887 0.009584
v 0.020470 0.005887 0.009383
v 0.020270 0.005887 0.006900
v 0.017789 0.005887 0.007103
v 0.020292 0.005887 0.009559
v 0.020292 0.002724 0.009565
v 0.017989 0.002724 0.009568
v 0.020446 0.005887 0.007081
v 0.020451 0.002724 0.007081
v 0.020455 0.002724 0.009384
v 0.017968 0.005887 0.006931
v 0.017968 0.002724 0.006927
v 0.020270 0.002724 0.006912
v 0.017813 0.005887 0.009405
v 0.017808 0.002724 0.009405
v 0.017805 0.002724 0.007103
vn -0.0082 -0.1207 -0.9927
vn -0.0074 0.4311 -0.9023
vn -0.0040 -0.8726 -0.4884
vn 0.0074 0.4311 0.9023
vn 0.0082 -0.1208 0.9926
vn 0.0040 -0.8726 0.4884
vn 0.8787 0.4768 0.0235
vn 0.6953 -0.0181 0.7185
vn 0.2216 -0.3830 0.8968
vn -0.8847 0.4612 0.0684
vn -0.8623 -0.2720 0.4272
vn -0.2071 -0.3828 0.9003
vn -0.9023 0.4311 0.0074
vn -0.4885 -0.8726 0.0040
vn 0.7092 0.0107 0.7049
vn 0.4866 -0.0058 0.8736
vn 0.9068 -0.0069 0.4216
vn 0.1360 0.0092 0.9907
vn -0.1199 -0.0058 0.9928
vn -0.4687 0.0090 0.8833
vn -0.6833 -0.0058 0.7301
vn -0.8870 0.0092 0.4616
vn -0.9863 -0.0061 0.1647
vn -0.9881 0.0114 -0.1535
vn -0.8855 -0.0071 -0.4646
vn -0.5904 0.0094 -0.8070
vn -0.4604 -0.0016 -0.8877
vn 1.0000 0.0088 0.0004
vn 0.7570 -0.6409 -0.1276
vn -0.0000 -1.0000 -0.0000
vn 0.5453 -0.6447 -0.5357
vn 0.1013 -0.6452 -0.7573
vn 0.4201 0.8494 -0.3193
vn -0.2944 0.8732 -0.3884
vn 0.1900 0.8487 0.4936
vn -0.5234 0.8395 0.1462
vn -0.1172 -0.6576 0.7442
vn -0.4088 -0.2458 0.8789
vn -0.5551 -0.6090 0.5665
vn -0.8459 -0.3041 0.4380
vn -0.7695 -0.6255 0.1287
vn -0.9636 -0.2228 -0.1478
vn -0.6577 -0.7052 -0.2647
vn -0.4413 -0.1248 -0.8886
vn -0.1339 -0.6165 -0.7759
vn -0.5328 -0.6734 -0.5125
vn 0.1412 -0.1191 -0.9828
vn 0.2837 -0.6634 -0.6925
vn 0.1488 0.9639 0.2206
vn -0.2613 0.7101 0.6539
vn 0.2910 0.9198 0.2633
vn -0.1615 0.8957 0.4143
vn -0.4701 0.7829 0.4075
vn -0.2712 0.9569 -0.1041
vn -0.5601 0.7775 -0.2858
vn -0.7014 0.7042 0.1100
vn -0.4575 0.7134 -0.5308
vn 0.0279 0.9686 -0.2473
vn 0.1633 0.8929 -0.4197
vn 0.2710 0.9538 -0.1293
vn 0.4491 0.8894 -0.0851
vn 0.3006 0.9536 -0.0147
vn -0.0641 -0.4873 0.8709
vn -0.0161 0.9423 0.3344
vn 0.7857 -0.4788 0.3917
vn 0.2126 0.9612 0.1759
vn 0.7823 0.6085 -0.1330
vn 0.5034 0.0423 0.8630
vn -0.0138 -0.7647 0.6443
vn 0.5187 -0.7869 0.3343
vn 0.9964 0.0476 0.0697
vn 0.5581 -0.7796 -0.2841
vn 0.4671 -0.8836 0.0321
vn 0.6408 -0.7038 0.3067
vn 0.3158 -0.8955 0.3135
vn 0.3419 -0.7119 0.6135
vn 0.0686 -0.8897 0.4514
vn 0.1111 0.6091 0.7853
vn -0.2067 -0.8942 0.3971
vn -0.3866 -0.9011 0.1963
vn -0.4018 -0.9137 -0.0610
vn -0.2539 -0.8871 -0.3854
vn 0.0727 -0.9105 -0.4070
vn -0.1270 0.6199 -0.7743
vn 0.3290 0.9234 -0.1976
vn 0.3982 0.9135 0.0827
vn 0.1903 -0.0103 0.9817
vn 0.0042 -0.2032 0.9791
vn 0.4614 -0.1158 0.8796
vn 0.8871 -0.0722 0.4559
vn 0.6778 -0.0758 0.7313
vn 0.9864 -0.0766 -0.1457
vn 0.9749 -0.0853 0.2057
vn 0.7042 -0.0302 -0.7094
vn 0.8779 -0.1346 -0.4596
vn 0.3854 -0.0741 -0.9198
vn -0.1586 -0.0606 -0.9855
vn -0.7286 0.0095 -0.6849
vn -0.8473 -0.1774 -0.5006
vn 0.4717 0.8173 0.3310
vn -0.5802 -0.8086 0.0976
vn -0.7835 -0.4783 -0.3966
vn -0.8661 -0.4843 0.1238
vn -0.6190 -0.4840 0.6185
vn 0.2319 0.7936 -0.5625
vn 0.4046 -0.4849 0.7754
vn 0.7429 -0.6211 -0.2496
vn 0.2626 -0.6239 -0.7361
vn 0.0976 -0.8389 -0.5355
vn -0.4023 -0.4725 -0.7841
vn -0.4773 -0.7532 -0.4527
vn -0.3295 0.6358 0.6979
vn -0.7786 0.1214 0.6157
vn -0.0927 0.0277 0.9953
vn 0.8433 0.0640 0.5336
vn 0.4265 0.6694 0.6083
vn 0.8572 0.0653 -0.5109
vn 0.7407 0.6608 -0.1211
vn 0.1519 -0.1192 -0.9812
vn 0.1133 0.6699 -0.7338
vn 0.6736 0.0786 -0.7349
vn -0.3712 -0.0331 -0.9279
vn -0.9765 -0.0340 -0.2127
vn -0.5961 0.6611 -0.4557
vn -0.6040 0.1914 -0.7737
vn 0.5548 0.6059 -0.5702
vn 0.0984 0.6034 -0.7914
vn -0.4505 -0.7569 0.4735
vn -0.9673 0.2243 -0.1185
vn -0.8714 0.1968 0.4493
vn 0.4979 -0.8670 0.0205
vn 0.1031 -0.9618 0.2536
vn 0.1359 -0.9731 -0.1859
vn -0.2558 -0.8605 0.4406
vn -0.2636 -0.9642 -0.0277
vn -0.1433 -0.8808 -0.4513
vn -0.6457 -0.7527 0.1282
vn 0.5835 -0.7400 -0.3344
vn -0.5027 -0.6990 0.5085
vn -0.5163 -0.7875 -0.3365
vn -0.1275 -0.7106 -0.6920
vn 0.2808 -0.7704 -0.5724
vn 0.5554 -0.5428 0.6300
vn 0.1225 -0.7914 0.5990
vn 0.5290 -0.7723 0.3517
vn -0.3473 -0.5651 0.7484
vn -0.5325 -0.5833 -0.6134
vn 0.3735 -0.5367 -0.7566
vn 0.8096 -0.5527 0.1974
vn 0.1604 -0.5242 0.8364
vn -0.6653 -0.5441 0.5111
vn -0.8350 -0.4523 -0.3133
vn -0.0671 -0.5333 -0.8432
vn -0.1405 0.3091 0.9406
vn -0.5593 -0.2468 0.7914
vn -0.8351 -0.2784 0.4745
vn -0.6865 -0.7189 0.1089
vn -0.9800 -0.1814 -0.0818
vn -0.7365 -0.2804 -0.6156
vn -0.4483 0.3094 -0.8387
vn 0.6275 -0.1482 0.7644
vn 0.3644 -0.2699 0.8913
vn 0.7770 -0.2922 0.5576
vn -0.2406 -0.3323 0.9120
vn -0.5455 -0.8380 0.0117
vn -0.8783 -0.2269 -0.4208
vn -0.4394 -0.2901 -0.8501
vn -0.0807 -0.2299 -0.9699
vn 0.1638 -0.1663 -0.9724
vn 0.4257 -0.2604 -0.8666
vn 0.6466 -0.2622 -0.7164
vn 0.8466 -0.3451 -0.4052
vn 0.9352 -0.0638 0.3484
vn 0.7459 0.0377 0.6649
vn -0.2435 0.0550 0.9683
vn 0.1006 -0.1917 0.9763
vn -0.6406 0.0375 0.7670
vn -0.7353 -0.0797 0.6730
vn -0.9284 0.0094 0.3715
vn -0.9525 -0.2986 0.0598
vn -0.9643 0.0312 -0.2630
vn -0.6392 0.4589 -0.6171
vn -0.1343 0.4571 -0.8792
vn 0.9672 -0.2075 -0.1463
vn 0.9872 0.0297 0.1565
vn -0.1417 0.3097 0.9402
vn 0.3171 0.0849 0.9446
vn -0.5670 0.3004 0.7670
vn -0.9431 0.3136 -0.1103
vn 0.6925 -0.0758 -0.7174
vn 0.8100 -0.0082 -0.5863
vn 0.4084 0.0809 -0.9092
vn -0.8514 0.3022 0.4286
vn -0.7912 0.1436 -0.5944
vn -0.4323 0.1669 -0.8862
vn -0.3795 0.5731 -0.7263
vn 0.6816 0.3445 0.6456
vn 0.4356 0.2880 0.8528
vn 0.8825 0.3005 0.3618
vn 0.1493 0.4340 0.8884
vn -0.3591 0.4712 0.8056
vn -0.6779 0.5176 0.5221
vn -0.9083 0.4009 0.1196
vn -0.7507 0.4716 -0.4627
vn -0.2609 0.7784 -0.5710
vn 0.1400 0.5515 -0.8224
vn 0.3964 -0.3492 -0.8491
vn 0.0326 0.1801 -0.9831
vn 0.4451 0.7772 -0.4448
vn 0.8641 -0.3257 -0.3837
vn 0.7371 0.6214 -0.2657
vn 0.9527 0.2634 -0.1514
vn 0.8692 0.4766 0.1319
vn -0.5465 0.4613 0.6989
vn -0.4712 0.5956 0.6506
vn 0.5491 0.0120 -0.8357
vn 0.4276 0.6562 0.6218
vn 0.1110 0.6100 0.7846
vn -0.7505 -0.3012 0.5883
vn -0.8836 0.4496 0.1310
vn -0.7351 0.2399 -0.6341
vn -0.1351 0.4862 -0.8633
vn 0.6712 0.6388 -0.3761
vn 0.7110 0.6800 0.1789
vn 0.4751 0.8216 0.3149
vn 0.2271 0.8201 0.5253
vn -0.0999 0.8964 0.4319
vn -0.3048 0.8883 0.3435
vn -0.4040 0.8934 0.1968
vn -0.5014 0.8647 0.0294
vn -0.5468 0.8304 -0.1070
vn -0.4480 0.8646 -0.2275
vn -0.3748 0.8351 -0.4027
vn -0.0298 0.9252 -0.3784
vn 0.3211 0.0881 -0.9429
vn 0.3679 0.8419 -0.3948
vn 0.5995 0.7914 -0.1194
vn 0.0585 0.9539 0.2944
vn -0.0574 0.9232 0.3800
vn -0.1123 0.9181 -0.3800
vn -0.2371 0.6838 0.6901
vn 0.3133 0.9477 0.0617
vn -0.2474 0.9674 0.0549
vn 0.0425 0.9990 0.0133
vn 0.1743 0.9532 -0.2472
vn -0.0269 0.6953 -0.7182
vn 0.8217 0.5305 -0.2080
vn -0.0072 0.4884 -0.8726
vn -0.1385 -0.8278 0.5436
vn -0.5037 -0.8159 0.2839
vn -0.3440 -0.7609 -0.5502
vn 0.1905 0.9113 -0.3651
vn -0.5425 0.7710 -0.3334
vn -0.1879 -0.9798 0.0681
vn -0.2034 0.8913 -0.4053
vn -0.1712 0.8675 0.4671
vn 0.5378 -0.8430 0.0091
vn -0.7885 0.5366 -0.3005
vn -0.8989 0.2136 -0.3826
vn 0.1926 0.9413 -0.2772
vn -0.5204 0.6396 -0.5657
vn -0.0741 0.8010 -0.5941
vn 0.6131 0.6346 0.4705
vn -0.1020 0.7855 -0.6103
vn 0.3702 -0.6556 0.6581
vn 0.0287 0.6587 -0.7519
vn -0.1026 0.9947 0.0113
vn 0.0934 -0.7558 0.6481
vn -0.2543 0.9658 0.0504
vn -0.1251 0.9001 -0.4173
vn -0.5417 0.8186 -0.1911
vn -0.1532 -0.9390 0.3080
vn 0.8127 0.5825 -0.0116
vn -0.5511 0.7439 -0.3780
vn 0.1033 0.1272 -0.9865
vn 0.2888 0.8104 -0.5098
vn 0.2328 -0.6276 0.7429
vn 0.0676 -0.0027 0.9977
vn -0.8157 0.2328 0.5296
vn 0.2255 0.9493 0.2191
vn -0.7093 -0.6629 -0.2396
vn -0.9497 -0.3115 -0.0327
vn -0.6156 -0.3136 -0.7230
vn 0.8931 -0.2401 -0.3805
vn 0.5486 -0.8282 0.1144
vn 0.5424 -0.2872 -0.7895
vn 0.9735 -0.2270 -0.0284
vn -0.1756 -0.8164 0.5501
vn 0.9906 0.0969 0.0961
vn 0.3465 0.1802 0.9206
vn 0.2695 -0.5683 0.7774
vn 0.4668 -0.8752 -0.1269
vn 0.5509 0.6152 -0.5640
vn -0.5658 0.6129 -0.5516
vn -0.5513 0.6143 0.5645
vn 0.5658 0.6011 0.5643
vn 0.0072 0.4884 0.8726
vn 0.8708 0.4915 -0.0103
vn -0.8726 0.4884 0.0072
vn 0.0392 -0.2798 -0.9593
vn -0.0528 -0.2781 -0.9591
vn 0.9596 -0.2788 0.0378
vn 0.9584 -0.2802 -0.0542
vn 0.0533 -0.2786 0.9589
vn 0.0531 -0.2802 0.9585
vn -0.9589 -0.2813 -0.0380
vn -0.9578 -0.2824 0.0539
vn 0.1389 -0.2345 -0.9622
vn 0.0622 -0.0871 -0.9943
vn 0.9614 -0.2391 0.1365
vn 0.9937 -0.0905 0.0665
vn -0.1500 -0.2326 0.9609
vn -0.0693 -0.0971 0.9929
vn -0.9614 -0.2379 -0.1385
vn -0.9941 -0.0895 -0.0617
vn 0.5821 0.5773 0.5726
vn -0.5726 0.5773 0.5821
vn 0.0082 -0.0000 1.0000
vn 0.5726 0.5774 -0.5821
vn 1.0000 -0.0000 -0.0083
vn -0.5821 0.5773 -0.5726
vn -0.0082 -0.0000 -1.0000
vn -1.0000 -0.0000 0.0082
vn -0.0385 0.5000 -0.8652
vn 0.0313 0.5081 -0.8607
vn 0.2782 0.6279 -0.7269
vn -0.0444 0.5158 -0.8556
vn -0.3434 0.2829 -0.8956
vn 0.0336 0.4464 -0.8942
vn 0.0482 0.4464 0.8935
vn -0.3286 0.2829 0.9011
vn -0.0303 0.5158 0.8562
vn -0.0242 0.5001 0.8656
vn 0.2901 0.6279 0.7222
vn 0.0454 0.5082 0.8601
vn 0.8652 0.4999 -0.0387
vn 0.8622 0.5048 0.0425
vn 0.6713 0.7404 0.0332
vn 0.8556 0.5157 -0.0446
vn 0.9503 -0.0122 -0.3111
vn 0.9093 0.4153 0.0248
vn -0.8651 0.5001 0.0385
vn -0.8607 0.5081 -0.0313
vn -0.7269 0.6278 -0.2782
vn -0.8526 0.5216 0.0311
vn -0.8941 0.4458 0.0436
vn -0.8942 0.4463 -0.0336
vn -0.0000 1.0000 -0.0000
vn 0.0040 0.8727 0.4883
vn -0.9003 -0.3829 -0.2071
vn 0.8968 -0.3831 -0.2214
vn -0.8968 -0.3827 0.2221
vn -0.0040 0.8727 -0.4882
vn 0.9003 -0.3833 0.2063
vn -0.4883 0.8727 0.0040
vn 0.2069 -0.3829 -0.9003
vn 0.4881 -0.8728 -0.0040
vn 0.4885 0.8725 -0.0040
vn -0.2217 -0.3829 -0.8968
vn 0.1365 0.0036 -0.9906
vn 0.7160 0.0035 -0.6981
vn 0.5111 -0.6796 -0.5263
vn 0.7154 -0.6828 -0.1484
vn -0.3706 0.9215 0.1164
vn -0.3582 0.8977 0.2566
vn -0.1673 0.9497 -0.2646
vn 0.2349 0.9360 -0.2622
vn -0.3372 0.6308 0.6988
vn -0.9595 0.0770 0.2711
vn 0.5047 0.7408 0.4432
vn 0.2688 -0.9333 -0.2383
vn 0.3483 0.7281 -0.5904
vn -0.4963 0.1249 0.8591
vn -0.5657 0.8199 0.0881
vn -0.3813 0.7751 -0.5039
vn 0.6303 0.7729 -0.0732
vn -0.1636 0.7661 0.6216
vn -0.7348 0.6622 0.1467
vn 0.7503 0.1871 0.6341
vn 0.9925 0.1145 0.0431
vn 0.8924 0.0951 -0.4412
vn 0.5427 0.1384 -0.8284
vn 0.7241 -0.5790 -0.3748
vn 0.9281 -0.3701 0.0413
vn 0.5712 0.5719 0.5887
vn -0.8094 0.5596 -0.1784
vn 0.5485 -0.8268 0.1247
vn -0.3529 0.6917 -0.6301
vn 0.2044 -0.7249 0.6578
vn -0.1236 -0.8868 0.4454
vn -0.5855 0.4703 0.6603
vn -0.9043 -0.3854 0.1838
vn -0.3442 -0.3693 -0.8632
vn -0.5708 -0.4440 -0.6907
vn -0.0283 -0.0239 0.9993
vn 0.0547 -0.0250 0.9982
vn 0.0532 0.0292 0.9982
vn -0.0297 0.0304 0.9991
vn 0.9993 -0.0238 0.0282
vn 0.9982 -0.0250 -0.0546
vn 0.9982 0.0292 -0.0532
vn 0.9991 0.0303 0.0297
vn 0.0360 -0.0245 -0.9991
vn -0.0469 -0.0254 -0.9986
vn -0.0457 0.0287 -0.9985
vn 0.0372 0.0297 -0.9989
vn -0.9993 -0.0238 -0.0283
vn -0.9982 -0.0250 0.0546
vn -0.9982 0.0292 0.0532
vn -0.9991 0.0304 -0.0297
vn -0.0282 -0.0398 0.9988
vn 0.0563 -0.0411 0.9976
vn -0.0828 0.0007 0.9966
vn 0.0540 0.0506 0.9973
vn 0.0052 0.0866 0.9962
vn 0.9988 -0.0398 0.0281
vn 0.9976 -0.0410 -0.0563
vn 0.9966 0.0007 0.0827
vn 0.9973 0.0506 -0.0540
vn 0.9962 0.0865 -0.0052
vn 0.0368 -0.0410 -0.9985
vn -0.0477 -0.0420 -0.9980
vn 0.1058 0.0006 -0.9944
vn -0.0458 0.0496 -0.9977
vn -0.0074 0.0846 -0.9964
vn -0.9988 -0.0398 -0.0282
vn -0.9976 -0.0410 0.0562
vn -0.9966 0.0007 -0.0828
vn -0.9973 0.0506 0.0540
vn -0.9962 0.0865 0.0052
vt -54.605545 -69.167648
vt -52.799271 -69.147354
vt -56.857010 -69.985886
vt -54.605545 -70.093445
vt -53.991009 -69.167648
vt -55.931213 -69.985886
vt -54.104683 -69.446823
vt -52.298416 -68.868179
vt -52.794460 -69.167648
vt -52.799271 -68.221558
vt -56.857010 -69.060089
vt -52.794460 -70.093445
vt -53.991009 -70.093445
vt -55.931213 -69.060089
vt -54.922726 -68.202156
vt -54.030155 -69.829582
vt -53.415615 -69.431519
vt -54.530212 -68.202156
vt -53.418129 -69.830574
vt -53.367332 -69.830574
vt -54.530212 -67.809647
vt -53.369854 -69.431488
vt -52.223877 -68.485390
vt -54.086311 -69.425827
vt -52.280037 -68.889168
vt -54.085926 -69.835350
vt -53.471390 -69.425743
vt -54.922726 -67.809647
vt -54.032661 -69.430466
vt -52.226387 -68.884537
vt -53.471710 -69.835274
vt -53.313755 -69.835274
vt -53.313526 -69.425865
vt -52.280205 -68.479782
vt -53.295235 -69.446793
vt -52.298496 -68.500702
vt -53.295319 -69.814278
vt -53.490150 -69.814278
vt -54.104633 -69.814270
vt -53.490097 -69.446831
vt -54.560150 -69.275658
vt -54.946198 -68.222458
vt -56.865452 -68.410683
vt -54.698944 -67.789345
vt -54.179153 -69.772209
vt -57.110714 -68.039673
vt -54.786613 -67.506027
vt -54.058327 -68.650803
vt -53.220852 -69.488884
vt -56.286186 -68.020676
vt -54.794682 -67.789345
vt -53.220852 -69.772209
vt -56.374695 -68.029686
vt -52.839851 -69.275658
vt -54.977402 -68.222458
vt -56.064896 -68.397156
vt -55.509830 -68.033180
vt -53.945614 -69.275658
vt -55.040871 -68.932236
vt -53.564617 -69.772217
vt -56.000587 -68.016159
vt -54.825886 -67.789345
vt -52.753880 -68.329567
vt -55.136612 -68.222458
vt -55.200256 -68.184097
vt -55.264561 -68.414177
vt -54.921619 -67.506020
vt -52.372879 -68.826118
vt -53.646126 -68.437576
vt -54.913929 -68.222458
vt -56.833183 -68.428741
vt -53.646126 -69.147354
vt -54.560150 -69.985435
vt -54.938129 -68.932236
vt -56.905556 -68.425186
vt -54.731213 -67.789345
vt -53.265129 -68.934128
vt -57.142982 -68.057724
vt -54.707012 -67.506020
vt -53.265129 -68.650803
vt -54.179153 -69.488884
vt -56.644157 -68.034203
vt -54.762413 -67.789345
vt -54.058327 -68.934128
vt -56.342426 -68.047745
vt -53.677326 -69.147354
vt -52.839851 -69.985435
vt -56.579853 -68.415199
vt -54.985466 -68.932236
vt -53.677326 -68.437576
vt -55.009666 -68.222458
vt -56.097160 -68.415215
vt -54.470528 -69.147354
vt -53.945614 -69.985435
vt -55.048935 -68.222458
vt -55.795425 -68.401672
vt -55.542095 -68.015121
vt -54.470528 -68.437576
vt -55.073139 -68.932236
vt -54.089527 -68.934128
vt -56.032852 -68.034218
vt -54.858150 -67.789345
vt -55.733810 -68.408157
vt -54.089527 -68.650795
vt -53.564617 -69.488884
vt -54.836639 -67.506020
vt -54.882729 -68.222458
vt -55.104340 -68.222458
vt -55.167988 -68.202156
vt -55.469719 -68.028671
vt -54.882729 -68.932236
vt -52.753880 -69.039345
vt -55.128544 -68.932236
vt -55.232296 -68.396118
vt -54.889355 -67.506020
vt -54.501732 -68.719009
vt -54.913551 -67.789345
vt -54.501732 -68.435684
vt -52.372879 -68.542786
vt -54.978962 -67.807617
vt -56.996719 -70.170799
vt -57.000984 -69.009583
vt -56.964569 -68.952530
vt -54.704765 -70.032822
vt -56.263073 -72.729622
vt -55.211422 -71.332008
vt -55.724434 -70.032822
vt -57.282742 -72.729622
vt -54.109951 -71.332008
vt -54.704765 -69.013153
vt -56.231091 -71.332008
vt -54.150852 -71.332008
vt -55.724434 -69.013153
vt -55.170521 -71.332008
vt -53.090282 -71.332008
vt -54.383369 -68.181229
vt -52.808022 -72.729622
vt -52.732307 -72.729622
vt -54.470421 -68.099136
vt -52.484425 -71.504288
vt -54.492611 -67.981537
vt -52.602028 -71.504288
vt -52.692554 -71.504288
vt -54.441406 -67.873337
vt -52.516651 -71.483986
vt -54.330822 -67.815033
vt -52.406067 -71.483986
vt -54.207626 -67.836311
vt -52.282871 -71.483978
vt -52.217258 -71.483986
vt -54.128086 -67.918350
vt -52.768562 -71.483978
vt -54.108505 -68.030899
vt -52.656013 -71.483986
vt -54.159714 -68.139069
vt -52.565533 -71.483986
vt -53.031685 -72.729622
vt -54.264702 -68.196480
vt -52.926697 -72.729622
vt -52.751381 -71.504288
vt -52.463341 -72.729622
vt -56.799660 -68.835091
vt -52.552990 -72.729622
vt -56.906792 -68.885765
vt -52.669373 -72.729622
vt -52.532742 -70.258652
vt -57.023170 -68.863800
vt -52.462799 -70.258652
vt -57.101887 -68.782631
vt -52.351376 -70.258652
vt -57.121300 -68.671211
vt -52.774929 -70.258652
vt -52.244286 -70.258652
vt -57.041504 -68.544701
vt -52.645187 -70.258652
vt -56.895638 -68.507256
vt -52.566689 -70.258652
vt -53.022339 -71.504288
vt -56.791695 -68.564133
vt -52.883324 -71.504288
vt -56.743229 -68.703156
vt -57.244865 -68.855606
vt -56.308418 -68.544327
vt -56.542915 -68.478203
vt -57.192581 -68.592484
vt -54.509930 -67.532845
vt -56.633827 -68.543396
vt -57.192581 -68.645935
vt -56.674404 -68.651527
vt -57.184837 -68.768822
vt -56.603703 -68.866241
vt -54.541130 -67.501053
vt -57.192581 -68.956665
vt -56.360451 -68.874756
vt -56.240833 -68.724442
vt -57.244865 -68.754135
vt -55.939541 -67.878860
vt -55.963478 -67.825432
vt -56.028137 -67.846268
vt -55.997810 -67.913338
vt -56.285568 -67.823990
vt -56.508129 -68.636986
vt -56.499668 -68.600967
vt -56.306831 -67.865189
vt -56.463161 -68.612572
vt -56.420933 -68.622841
vt -56.299896 -67.911621
vt -56.386906 -68.655495
vt -56.266994 -67.945099
vt -56.355507 -68.707794
vt -56.385941 -68.760048
vt -56.439201 -68.789032
vt -56.224693 -68.615982
vt -57.259338 -68.819565
vt -56.282295 -68.525345
vt -54.509930 -67.785065
vt -57.259338 -68.953232
vt -56.418396 -68.454758
vt -54.509933 -67.679131
vt -57.201965 -68.436356
vt -57.136353 -68.628960
vt -56.670670 -68.779236
vt -57.192581 -68.862595
vt -56.491814 -68.926315
vt -54.541130 -67.605705
vt -56.339939 -68.900093
vt -57.259338 -68.592484
vt -54.541130 -67.757591
vt -56.240906 -68.797104
vt -57.259338 -68.681473
vt -57.175259 -68.399574
vt -54.070301 -68.255661
vt -57.175262 -68.253983
vt -54.070305 -68.114899
vt -54.614975 -67.535622
vt -57.175259 -68.164444
vt -54.070301 -68.028328
vt -54.952824 -67.537186
vt -54.614975 -67.643364
vt -54.952824 -67.641357
vt -54.010830 -68.416855
vt -57.245636 -68.566292
vt -54.614975 -67.754715
vt -54.952824 -67.749008
vt -57.245636 -68.483162
vt -54.010826 -68.336472
vt -57.245636 -68.327492
vt -54.010830 -68.185974
vt -55.025707 -67.782494
vt -54.646179 -67.789345
vt -57.245636 -68.197014
vt -54.010830 -68.059822
vt -54.646179 -67.686638
vt -55.025707 -67.683197
vt -54.070301 -68.416855
vt -57.175259 -68.566292
vt -54.646179 -67.530106
vt -55.025711 -67.531853
vt -57.175259 -68.511345
vt -54.070301 -68.363731
vt -57.202858 -68.331085
vt -57.141773 -68.728058
vt -54.593414 -67.504288
vt -57.200184 -68.204605
vt -57.092514 -68.853531
vt -54.593414 -67.604507
vt -56.968777 -68.918663
vt -57.267197 -68.556786
vt -54.593414 -67.748184
vt -56.829632 -68.898102
vt -57.272820 -68.467674
vt -56.736267 -68.795700
vt -57.272892 -68.330795
vt -56.720612 -68.662949
vt -54.667744 -67.782440
vt -57.270321 -68.201889
vt -56.772316 -68.535324
vt -54.667744 -67.716476
vt -56.859856 -68.476151
vt -54.667744 -67.605774
vt -56.967720 -68.472275
vt -54.667744 -67.504288
vt -57.199944 -68.528854
vt -57.090019 -68.535316
vt -56.610134 -68.577538
vt -56.540672 -68.521149
vt -56.454464 -68.498093
vt -56.369377 -68.520569
vt -56.298679 -68.577454
vt -56.266563 -68.661011
vt -56.285149 -68.777107
vt -56.341408 -68.846252
vt -56.424889 -68.878548
vt -56.540989 -68.859955
vt -56.623276 -68.778152
vt -56.642517 -68.662254
vt -56.965824 -67.897003
vt -56.248753 -67.770851
vt -56.080307 -67.854111
vt -56.890022 -67.900681
vt -56.314743 -67.795547
vt -56.965824 -67.832443
vt -56.888092 -67.645744
vt -56.026886 -67.788605
vt -56.890022 -67.848442
vt -55.936684 -67.793640
vt -56.997025 -67.981056
vt -55.901337 -67.881531
vt -56.997025 -67.902390
vt -56.855537 -67.767365
vt -57.072823 -67.866455
vt -56.184998 -67.975945
vt -56.997025 -67.838974
vt -55.975330 -67.956284
vt -56.855537 -67.716164
vt -56.128120 -67.899162
vt -56.965824 -67.990509
vt -56.855537 -67.644936
vt -56.154404 -67.798622
vt -56.061089 -67.923569
vt -56.890022 -67.970131
vt -56.063095 -67.765793
vt -56.915913 -67.640366
vt -56.937180 -67.826241
vt -56.916958 -67.697037
vt -56.006432 -67.744370
vt -56.916122 -67.772820
vt -57.044312 -68.018295
vt -55.930779 -67.757034
vt -57.043354 -67.990051
vt -57.044796 -67.934372
vt -57.044426 -67.858772
vt -55.913586 -67.971573
vt -56.827682 -67.772781
vt -57.044968 -67.812225
vt -55.968410 -67.992706
vt -56.826752 -67.717880
vt -56.827454 -67.658615
vt -56.027641 -67.989639
vt -56.937622 -68.005013
vt -56.827339 -67.623062
vt -56.063095 -67.971573
vt -56.936676 -67.954605
vt -56.937393 -67.895370
vt -56.243744 -67.802734
vt -56.529667 -68.678802
vt -56.209709 -67.948761
vt -56.383381 -68.712883
vt -56.161560 -67.901680
vt -56.430500 -68.761070
vt -56.164253 -67.843330
vt -56.489155 -68.758842
vt -56.522171 -68.725052
vt -56.197533 -67.810051
vt -56.888092 -67.710571
vt -56.341213 -67.876610
vt -56.888092 -67.784599
vt -57.072823 -67.974586
vt -56.293999 -67.971901
vt -53.118996 -67.671860
vt -53.130821 -67.741409
vt -53.174118 -67.699799
vt -53.061722 -67.709587
vt -53.185158 -67.778023
vt -53.161758 -67.628601
vt -53.090031 -67.606506
vt -53.046280 -67.769104
vt -53.120323 -67.807739
vt -53.231434 -67.794525
vt -53.242485 -67.724678
vt -53.233299 -67.646942
vt -53.160912 -67.577843
vt -53.039368 -67.644157
vt -55.056908 -67.759979
vt -57.128929 -68.019371
vt -55.476105 -67.931564
vt -55.476101 -67.989731
vt -52.334995 -67.485184
vt -57.128929 -67.970840
vt -57.017654 -67.776649
vt -52.489624 -67.509377
vt -57.128929 -67.814720
vt -55.113014 -67.501129
vt -55.533516 -67.746811
vt -57.017654 -67.628494
vt -55.113014 -67.563904
vt -55.533512 -67.807083
vt -55.113014 -67.663910
vt -55.533512 -67.887489
vt -52.409733 -67.807823
vt -57.160133 -67.917046
vt -56.984394 -67.665863
vt -55.056908 -67.563904
vt -55.476101 -67.761543
vt -55.056908 -67.663910
vt -55.476101 -67.836983
vt -55.449890 -67.909996
vt -54.399570 -67.697624
vt -55.507301 -67.878967
vt -52.816376 -67.998650
vt -53.103779 -67.904877
vt -54.430775 -67.669922
vt -55.418686 -67.932892
vt -57.132874 -67.611908
vt -55.418457 -67.994804
vt -53.205074 -67.993774
vt -53.226154 -68.071732
vt -57.132858 -67.689857
vt -57.222111 -67.789505
vt -55.281445 -67.977501
vt -52.664154 -67.766083
vt -57.080246 -67.785919
vt -55.281502 -67.740952
vt -52.657402 -67.529587
vt -57.241142 -67.972565
vt -55.225224 -67.721489
vt -53.562847 -67.716537
vt -55.225224 -67.927414
vt -53.632309 -67.942947
vt -55.169121 -67.591354
vt -53.354912 -67.920876
vt -55.169121 -67.759705
vt -57.241138 -68.138077
vt -53.387131 -67.741554
vt -53.433903 -67.721817
vt -55.225224 -67.757721
vt -53.625443 -67.766273
vt -53.520954 -68.007843
vt -53.485001 -67.739105
vt -55.862862 -67.986145
vt -53.569424 -67.763870
vt -55.862862 -67.961411
vt -53.617214 -67.839859
vt -55.862862 -67.885437
vt -53.583401 -67.943405
vt -55.862862 -67.781982
vt -53.517231 -67.976990
vt -55.862862 -67.748337
vt -55.862862 -67.759995
vt -53.443817 -67.965546
vt -55.709545 -67.765450
vt -55.766609 -67.793045
vt -55.695133 -67.963531
vt -55.794464 -67.850586
vt -55.778069 -67.916542
vt -55.653366 -67.912727
vt -55.676094 -67.810066
vt -55.731255 -67.848434
vt -55.705940 -67.930298
vt -55.630150 -67.856316
vt -55.686047 -67.869652
vt -52.992271 -67.737831
vt -55.081810 -67.671959
vt -55.081810 -67.759705
vt -53.032242 -67.823059
vt -57.104027 -68.013306
vt -53.115417 -67.858093
vt -57.104027 -67.942322
vt -52.422653 -67.475334
vt -57.128929 -67.885742
vt -55.137917 -67.509468
vt -53.206413 -67.850517
vt -57.104027 -67.847809
vt -53.267830 -67.800789
vt -55.137917 -67.545700
vt -53.300270 -67.724983
vt -55.137917 -67.621315
vt -53.285805 -67.648521
vt -55.137917 -67.715393
vt -56.984394 -67.595078
vt -52.523033 -67.750816
vt -55.113014 -67.744286
vt -55.533512 -67.971664
vt -57.185036 -67.820786
vt -53.239662 -67.585152
vt -55.137917 -67.774460
vt -52.469429 -67.797653
vt -55.113014 -67.782799
vt -57.160133 -67.838959
vt -53.160477 -67.549088
vt -57.185036 -67.895493
vt -55.476101 -67.725403
vt -57.160133 -67.995132
vt -55.056908 -67.501129
vt -56.984398 -67.764374
vt -53.069462 -67.567871
vt -57.185036 -67.990494
vt -55.081810 -67.509468
vt -52.997040 -67.635292
vt -55.081810 -67.568512
vt -56.800747 -68.009384
vt -54.372704 -67.765945
vt -57.169201 -67.794418
vt -55.334225 -67.969559
vt -53.017860 -68.241623
vt -54.372704 -67.698273
vt -55.334259 -67.891182
vt -54.399574 -67.771889
vt -55.449890 -67.972618
vt -57.043865 -67.790817
vt -56.773880 -68.008148
vt -56.800747 -67.958282
vt -57.169205 -67.719986
vt -57.043865 -67.743530
vt -56.773880 -67.929626
vt -55.418686 -67.716888
vt -57.169327 -67.627304
vt -56.800747 -67.873230
vt -57.043865 -67.664864
vt -56.773880 -67.845642
vt -56.800747 -67.793884
vt -54.430775 -67.493317
vt -55.418472 -67.754898
vt -56.773880 -67.795120
vt -55.507301 -67.735641
vt -57.043865 -67.591377
vt -54.457645 -67.515045
vt -55.418526 -67.816353
vt -54.430771 -67.564163
vt -55.507301 -67.805138
vt -54.457645 -67.613625
vt -52.828224 -68.045914
vt -55.507301 -67.957291
vt -54.457645 -67.722923
vt -52.809711 -67.938889
vt -54.430775 -67.769653
vt -56.831951 -67.793884
vt -53.182419 -67.943703
vt -54.457645 -67.788223
vt -55.507301 -67.994820
vt -56.958183 -67.615005
vt -56.858822 -67.820396
vt -56.831951 -67.873344
vt -53.233223 -68.043449
vt -56.958183 -67.717300
vt -56.858826 -67.929649
vt -55.334404 -67.716888
vt -53.218735 -68.136009
vt -56.831951 -67.958282
vt -57.133072 -67.762482
vt -53.160309 -68.209785
vt -56.831951 -68.009384
vt -54.372704 -67.513596
vt -55.334404 -67.778839
vt -55.449890 -67.739075
vt -56.958183 -67.790825
vt -56.858822 -68.008148
vt -54.399574 -67.515076
vt -53.087875 -68.249756
vt -54.372704 -67.608139
vt -55.449890 -67.826508
vt -54.399570 -67.618835
vt -55.281517 -67.893616
vt -55.194019 -67.715530
vt -52.614502 -67.704346
vt -55.194019 -67.782799
vt -57.221752 -67.743980
vt -57.216236 -68.119896
vt -52.695820 -67.797905
vt -57.241138 -68.067078
vt -53.472935 -67.698639
vt -57.222115 -67.675285
vt -57.216236 -68.010529
vt -57.221855 -67.597374
vt -57.216236 -67.939491
vt -55.366028 -67.723610
vt -55.250122 -67.713142
vt -55.365608 -67.786049
vt -55.250122 -67.775925
vt -55.225224 -67.833344
vt -53.656178 -67.836090
vt -55.365784 -67.880409
vt -55.250122 -67.875923
vt -55.366035 -67.951950
vt -55.250122 -67.956306
vt -57.257839 -67.743454
vt -55.225224 -67.986473
vt -53.571922 -68.002632
vt -55.365608 -67.988022
vt -55.250122 -67.994820
vt -57.079990 -67.616615
vt -57.282745 -67.738815
vt -52.745819 -67.482269
vt -57.080200 -67.714767
vt -57.282742 -67.816864
vt -57.257839 -67.842178
vt -53.457695 -68.009346
vt -55.194019 -67.501129
vt -57.282742 -67.894936
vt -52.692650 -67.491264
vt -53.387466 -67.976204
vt -57.257839 -67.913132
vt -55.169121 -67.524254
vt -55.194019 -67.563896
vt -52.617519 -67.566399
vt -52.605644 -67.620163
vt -55.281586 -67.805351
vt -55.194019 -67.641960
vt -55.169121 -67.671967
vt -53.345379 -67.833206
vt -53.380028 -67.839699
vt -55.574272 -67.829941
vt -55.601395 -67.818039
vt -55.646660 -67.772980
vt -53.419369 -67.767883
vt -55.632607 -67.753899
vt -55.857887 -67.969345
vt -55.727623 -67.745491
vt -55.853989 -67.987129
vt -55.806488 -67.806320
vt -55.853992 -67.926285
vt -53.614235 -67.896088
vt -55.819626 -67.885727
vt -55.854958 -67.844963
vt -55.726391 -67.965164
vt -55.764435 -67.968269
vt -55.853989 -67.764328
vt -55.628761 -67.946960
vt -55.650452 -67.982933
vt -55.853996 -67.749672
vt -55.859924 -67.813698
vt -53.390236 -67.910385
vt -55.579071 -67.921440
vt -55.590897 -67.882065
vt -53.727432 -68.091469
vt -54.029926 -67.503014
vt -56.670532 -68.003143
vt -56.435677 -67.888756
vt -56.676186 -67.892776
vt -53.756569 -67.871811
vt -54.264309 -67.634361
vt -53.781677 -67.952888
vt -54.289875 -67.553474
vt -53.883522 -68.399933
vt -56.602917 -67.837234
vt -53.768574 -68.402397
vt -56.620773 -67.952179
vt -53.677792 -68.339989
vt -54.111801 -67.751427
vt -53.656830 -68.181564
vt -54.051491 -67.592911
vt -54.037205 -67.543182
vt -53.869534 -67.956696
vt -53.680763 -68.127907
vt -56.687435 -67.835457
vt -56.422901 -67.828339
vt -53.705315 -67.743965
vt -56.704521 -67.784477
vt -54.210670 -67.758324
vt -56.404846 -67.774460
vt -54.243340 -67.688934
vt -53.738995 -67.814636
vt -53.969540 -67.695930
vt -56.638233 -68.003120
vt -54.131832 -67.789932
vt -53.713497 -68.381340
vt -56.473125 -68.005508
vt -53.649158 -68.261574
vt -54.078480 -67.673126
vt -53.639168 -68.208702
vt -53.894508 -67.871201
vt -53.861584 -67.999077
vt -56.669434 -67.950409
vt -53.745880 -68.072067
vt -56.441422 -67.981094
vt -53.776825 -67.903366
vt -54.303345 -67.489273
vt -56.603992 -67.784477
vt -53.938328 -68.376022
vt -56.509308 -67.774460
vt -53.799797 -68.001450
vt -56.609055 -67.894958
vt -53.861465 -68.408020
vt -56.510204 -67.830162
vt -53.794014 -68.413345
vt -56.497574 -67.921402
vt -53.656731 -68.321487
vt -53.938194 -67.758415
vt -56.417446 -68.009384
vt -53.893143 -67.985001
vt -53.291054 -68.375160
vt -54.067833 -67.489273
vt -56.708435 -68.009384
vt -56.411045 -67.900421
vt -53.396618 -68.410828
vt -56.381264 -67.778336
vt -53.741711 -67.749283
vt -53.550873 -68.345268
vt -53.789089 -67.860420
vt -53.584564 -68.220650
vt -54.310677 -67.623062
vt -53.814247 -67.940987
vt -53.570293 -68.153572
vt -53.449966 -68.060814
vt -56.533787 -67.834038
vt -56.564991 -67.843460
vt -56.521072 -67.925674
vt -53.361557 -68.049545
vt -56.582989 -67.958405
vt -56.496708 -68.009384
vt -53.983734 -67.728195
vt -53.277260 -68.075867
vt -54.149578 -67.737793
vt -53.935463 -67.830795
vt -53.912949 -67.912254
vt -54.088821 -67.579369
vt -53.903847 -67.962128
vt -54.074596 -67.529724
vt -53.345100 -68.399933
vt -56.707222 -67.956604
vt -56.721600 -67.860519
vt -53.441265 -68.404846
vt -56.741894 -67.790680
vt -54.250031 -67.768555
vt -53.532951 -68.357216
vt -53.575550 -68.291138
vt -54.281467 -67.702736
vt -56.532890 -67.778336
vt -53.830379 -68.013733
vt -53.521046 -68.099098
vt -54.333977 -67.543182
vt -53.501186 -68.091469
vt -54.341255 -67.503014
vt -56.566082 -67.790726
vt -53.390705 -68.055267
vt -56.571152 -67.901192
vt -53.282551 -68.086777
vt -56.601089 -68.009140
vt -54.168976 -67.776382
vt -54.118523 -67.665009
vt -53.947136 -67.826538
vt -54.049461 -68.261688
vt -57.213665 -68.828384
vt -54.049461 -68.118378
vt -57.213665 -68.680161
vt -54.049461 -68.027908
vt -54.973663 -67.529739
vt -57.213665 -68.586594
vt -54.488846 -67.527618
vt -54.973663 -67.678673
vt -54.488846 -67.681656
vt -54.973663 -67.782799
vt -53.989990 -68.387436
vt -54.488846 -67.789345
vt -57.280418 -68.958435
vt -53.989990 -68.259995
vt -57.280418 -68.826622
vt -53.989990 -68.110954
vt -57.280418 -68.672485
vt -53.989990 -68.027908
vt -55.004868 -67.743065
vt -57.280418 -68.586594
vt -54.562218 -67.748245
vt -55.004868 -67.604172
vt -54.562218 -67.604599
vt -54.049461 -68.392647
vt -55.004864 -67.499908
vt -54.562214 -67.496773
vt -57.213665 -68.963821
vt -57.282742 -71.332016
vt -54.109951 -72.729622
vt -56.263073 -71.332016
vt -55.211422 -72.729622
vt -56.231091 -72.729622
vt -54.150852 -72.729622
vt -55.170521 -72.729622
vt -53.090282 -72.729622
vt -56.996719 -71.311714
vt -57.027920 -71.311714
vt -55.823654 -68.952522
vt -56.874542 -71.311714
vt -57.150097 -71.311714
vt -54.644142 -70.093445
vt -56.874542 -70.170799
vt -57.123161 -69.009583
vt -55.785057 -70.093445
vt -57.027920 -70.170799
vt -57.160564 -70.150497
vt -55.823658 -70.093445
vt -57.150097 -70.170799
vt -57.282742 -70.150497
vt -54.644142 -68.952538
vt -57.160564 -69.009583
vt -57.000984 -70.150497
vt -56.964569 -70.093445
vt -57.282742 -69.009583
vt -57.123161 -70.150497
vt -55.785057 -68.952538
vt -55.229744 -70.598007
vt -57.208904 -72.629799
vt -54.500160 -70.101837
vt -55.285259 -71.431831
vt -54.311729 -69.601990
vt -54.224689 -71.431831
vt -54.678543 -69.601990
vt -53.164120 -71.431831
vt -54.868584 -70.598007
vt -56.336910 -72.629799
vt -54.868584 -70.101837
vt -56.336910 -71.431831
vt -55.229744 -70.101837
vt -57.208904 -71.431831
vt -54.861317 -70.101837
vt -56.157253 -71.431831
vt -54.861317 -70.598007
vt -56.157253 -72.629799
vt -54.500160 -70.598007
vt -55.285259 -72.629799
vt -54.672890 -69.601990
vt -55.096684 -71.431831
vt -54.672890 -70.098160
vt -55.096684 -72.629799
vt -54.311729 -70.098160
vt -54.224689 -72.629799
vt -55.039703 -69.601990
vt -54.036114 -71.431831
vt -55.039703 -70.098160
vt -54.036114 -72.629799
vt -54.678543 -70.098160
vt -53.164120 -72.629799
s 1
usemtl lambert2
f 653/1750/744 654/1753/745 643/1718/746
f 644/1721/747 655/1757/748 645/1725/749
f 661/1777/750 659/1771/751 647/1731/752
f 663/1784/753 664/1788/754 650/1740/755
f 664/1789/754 665/1791/756 650/1741/757
f 681/1834/758 672/1812/759 671/1811/760
f 682/1837/761 673/1816/762 672/1814/759
f 683/1839/763 674/1817/764 673/1816/762
f 684/1842/765 675/1821/766 674/1819/764
f 675/1821/766 685/1844/767 676/1823/768
f 676/1823/768 686/1847/769 677/1824/770
f 689/1854/771 671/1811/760 680/1833/772
f 672/1813/773 679/1829/774 671/1810/773
f 673/1815/773 679/1829/774 672/1813/773
f 674/1818/773 679/1829/774 673/1815/773
f 675/1820/773 679/1829/774 674/1818/773
f 676/1822/773 679/1829/774 675/1820/773
f 677/1825/773 679/1829/774 676/1822/773
f 678/1827/775 679/1829/774 677/1825/773
f 671/1810/773 679/1829/774 680/1832/772
f 699/1873/776 698/1872/777 700/1874/778
f 700/1874/778 698/1872/777 697/1871/779
f 730/1940/780 719/1909/781 729/1937/782
f 729/1938/782 718/1907/783 728/1935/784
f 717/1905/785 712/1894/786 728/1935/784
f 726/1931/787 736/1954/788 737/1956/789
f 725/1927/790 735/1952/791 736/1954/788
f 741/1962/792 691/1858/793 690/1857/794
f 739/1960/795 692/1861/796 691/1858/793
f 748/1969/797 713/1896/798 693/1863/799
f 694/1865/800 746/1967/801 695/1868/802
f 744/1965/803 696/1869/804 695/1868/802
f 696/1869/804 743/1964/805 690/1857/794
f 741/1962/792 703/1879/806 740/1961/807
f 705/1882/808 742/1963/809 743/1964/805
f 744/1965/803 706/1884/810 743/1964/805
f 763/2001/811 778/2029/812 779/2031/813
f 765/2005/814 779/2032/813 756/1985/815
f 689/1855/816 732/1946/817 681/1836/818
f 681/1836/818 731/1944/819 682/1838/820
f 691/1858/793 711/1892/821 690/1857/794
f 682/1838/820 730/1941/780 683/1841/822
f 683/1841/822 729/1939/782 684/1843/823
f 728/1936/784 685/1845/824 684/1843/823
f 686/1848/825 736/1955/788 687/1850/826
f 714/1898/827 694/1865/800 695/1868/802
f 696/1869/804 716/1903/828 695/1868/802
f 709/1888/829 696/1870/804 690/1856/794
f 944/2414/830 720/1914/831 721/1918/832
f 722/1920/833 945/2417/834 721/1915/832
f 723/1922/835 946/2420/836 722/1920/833
f 724/1926/837 947/2422/838 723/1922/835
f 725/1928/790 948/2425/839 724/1923/837
f 726/1932/787 949/2428/840 725/1928/790
f 950/2430/841 726/1929/787 727/1934/842
f 700/1874/778 760/1994/843 699/1873/776
f 750/1972/844 777/2028/845 773/2019/846
f 750/1972/844 773/2019/846 701/1875/847
f 703/1878/806 778/2030/812 701/1875/847
f 699/1873/776 753/1978/848 698/1872/777
f 704/1881/849 778/2030/812 703/1878/806
f 705/1883/808 779/2033/813 704/1881/849
f 774/2021/850 756/1986/815 705/1883/808
f 775/2023/851 758/1990/852 774/2021/850
f 758/1990/852 775/2023/851 776/2025/853
f 777/2028/845 759/1993/854 776/2025/853
f 753/1978/855 761/1996/856 762/2000/857
f 764/2004/858 754/1981/859 763/2002/811
f 766/2006/860 755/1983/861 765/2005/814
f 768/2010/862 757/1988/863 767/2007/864
f 769/2013/865 757/1988/863 768/2010/862
f 771/2017/866 760/1995/867 770/2014/868
f 774/2022/850 705/1882/808 706/1884/810
f 774/2022/850 706/1884/810 707/1885/869
f 708/1886/870 775/2024/851 707/1885/869
f 778/2030/812 752/1975/871 750/1972/844
f 693/1864/799 941/2407/872 942/2409/873
f 783/2037/874 781/2035/875 780/2034/876
f 781/2035/875 784/2038/877 782/2036/878
f 785/2039/879 780/2034/876 782/2036/878
f 784/2038/877 790/2044/880 782/2036/878
f 793/2047/881 783/2037/874 780/2034/876
f 789/2043/882 790/2044/880 784/2038/877
f 791/2045/883 792/2046/884 785/2039/879
f 792/2046/884 786/2040/885 785/2039/879
f 834/2129/886 788/2042/887 787/2041/888
f 788/2042/887 837/2136/889 784/2038/877
f 842/2149/890 792/2046/884 791/2045/883
f 792/2046/884 846/2160/891 786/2040/885
f 846/2160/891 793/2047/881 786/2040/885
f 833/2126/892 787/2041/888 783/2037/874
f 834/2129/886 835/2131/893 788/2042/887
f 835/2131/893 837/2136/889 788/2042/887
f 837/2136/889 838/2138/894 789/2043/882
f 789/2043/882 838/2138/894 790/2044/880
f 790/2044/880 840/2142/895 791/2045/883
f 844/2154/896 846/2160/891 792/2046/884
f 836/2134/897 837/2137/889 835/2132/893
f 796/2057/898 838/2139/894 837/2135/889
f 838/2139/894 797/2060/899 839/2141/900
f 839/2141/900 798/2062/901 840/2143/895
f 841/2146/902 842/2150/890 840/2143/895
f 842/2148/890 843/2153/903 844/2155/896
f 850/2173/904 795/2051/905 794/2050/906
f 854/2183/907 796/2059/898 795/2054/905
f 797/2061/899 803/2073/908 798/2063/901
f 798/2063/901 859/2197/909 841/2147/902
f 861/2205/910 799/2066/911 841/2144/902
f 799/2066/911 863/2209/912 845/2159/913
f 866/2219/914 800/2068/915 845/2156/913
f 802/2072/916 848/2166/917 850/2172/904
f 853/2182/918 854/2184/907 852/2179/919
f 854/2184/907 855/2185/920 856/2188/921
f 857/2193/922 858/2195/923 856/2191/921
f 858/2195/923 804/2076/924 859/2198/909
f 860/2200/925 861/2203/910 859/2198/909
f 861/2206/910 862/2207/926 863/2210/912
f 868/2226/927 849/2170/928 802/2072/916
f 872/2236/929 853/2181/918 851/2177/930
f 873/2240/931 855/2187/920 853/2180/918
f 876/2246/932 804/2077/924 857/2192/922
f 808/2087/933 865/2218/934 864/2211/935
f 872/2236/929 873/2238/931 853/2181/918
f 874/2242/936 857/2192/922 855/2187/920
f 874/2242/936 876/2246/932 857/2192/922
f 877/2248/937 879/2253/938 805/2079/939
f 812/2096/940 870/2230/941 869/2228/942
f 870/2232/941 871/2234/943 872/2237/929
f 872/2237/929 809/2089/944 873/2239/931
f 873/2241/931 814/2100/945 874/2243/936
f 875/2244/946 876/2247/932 874/2243/936
f 810/2092/947 877/2249/937 876/2247/932
f 877/2249/937 878/2251/948 879/2254/938
f 881/2260/949 882/2263/950 880/2259/951
f 882/2262/950 883/2267/952 884/2268/953
f 811/2094/954 885/2272/955 884/2268/953
f 886/2273/956 869/2228/942 885/2272/955
f 817/2105/957 814/2101/945 809/2091/944
f 815/2102/958 821/2114/959 881/2261/949
f 890/2279/960 816/2103/961 813/2099/962
f 816/2103/961 817/2105/957 809/2091/944
f 817/2105/957 818/2107/963 814/2101/945
f 819/2109/964 820/2111/965 815/2102/958
f 820/2111/965 821/2114/959 815/2102/958
f 821/2114/959 898/2296/966 811/2095/954
f 898/2296/966 887/2275/967 886/2274/956
f 888/2277/968 890/2280/960 887/2276/967
f 889/2278/969 891/2282/970 890/2280/960
f 823/2116/971 892/2284/972 891/2282/970
f 892/2284/972 825/2118/973 893/2287/974
f 826/2119/975 895/2290/976 893/2287/974
f 895/2290/976 894/2289/977 897/2293/978
f 897/2293/978 896/2292/979 898/2297/966
f 899/2298/980 887/2276/967 898/2297/966
f 828/2121/981 822/2115/982 889/2278/969
f 830/2123/983 824/2117/984 826/2119/975
f 831/2124/985 888/2277/968 899/2298/980
f 825/2118/973 829/2122/986 826/2119/975
f 829/2122/986 830/2123/983 826/2119/975
f 832/2125/987 828/2121/981 831/2124/985
f 829/2122/986 832/2125/987 830/2123/983
f 832/2125/987 827/2120/988 830/2123/983
f 827/2120/988 832/2125/987 831/2124/985
f 782/2036/878 780/2034/876 781/2035/875
f 796/2055/898 836/2133/897 795/2052/905
f 839/2140/900 840/2142/895 838/2138/894
f 799/2064/911 843/2151/903 841/2145/902
f 805/2080/939 860/2202/925 804/2075/924
f 806/2081/989 862/2208/926 805/2080/939
f 864/2212/935 862/2208/926 806/2081/989
f 867/2223/990 865/2215/934 849/2169/928
f 878/2252/948 810/2093/947 815/2102/958
f 882/2264/950 808/2088/933 880/2257/951
f 883/2265/952 881/2261/949 811/2095/954
f 808/2088/933 884/2269/953 885/2270/955
f 653/1751/744 652/1746/991 651/1743/991 654/1754/745
f 816/2104/961 891/2283/992 817/2106/957
f 817/2106/957 892/2285/993 818/2108/963
f 895/2291/994 820/2112/965 819/2110/964
f 894/2289/977 826/2119/975 824/2117/984
f 820/2112/965 897/2294/978 821/2113/959
f 897/2294/978 898/2295/966 821/2113/959
f 908/2316/995 907/2315/996 931/2382/997
f 901/2303/998 915/2337/999 932/2384/1000
f 909/2319/1001 901/2303/998 933/2385/1002
f 902/2305/1003 911/2325/1004 935/2391/1005
f 917/2341/1006 903/2307/1007 937/2397/1008
f 918/2346/1009 904/2309/1010 938/2400/1011
f 905/2311/1012 918/2346/1009 938/2400/1011
f 913/2333/1013 906/2313/1014 940/2404/1015
f 908/2318/995 914/2334/1016 907/2314/996
f 916/2340/1017 902/2304/1003 903/2306/1007
f 919/2349/1018 918/2347/1009 905/2310/1012
f 913/2332/1013 920/2351/1019 906/2312/1014
f 914/2334/1016 913/2332/1013 907/2314/996
f 915/2336/999 921/2354/1020 908/2317/995
f 901/2302/998 922/2358/1021 915/2339/999
f 909/2320/1001 922/2358/1021 901/2302/998
f 911/2326/1004 923/2361/1022 910/2321/1023
f 925/2366/1024 916/2340/1025 917/2345/1026
f 920/2352/1027 928/2375/1028 912/2327/1029
f 914/2335/1016 929/2378/1030 920/2352/1027
f 923/2362/1031 933/2386/1002 922/2359/1021
f 924/2364/1032 935/2390/1005 923/2362/1031
f 926/2368/1033 937/2396/1008 936/2394/1034
f 938/2399/1011 926/2368/1033 927/2372/1035
f 940/2405/1015 928/2375/1028 929/2378/1030
f 901/2303/998 932/2384/1000 933/2385/1002
f 936/2395/1034 903/2307/1007 924/2365/1032
f 905/2311/1012 938/2400/1011 927/2373/1035
f 940/2404/1015 906/2313/1014 928/2377/1028
f 631/1689/1036 636/1702/1037 633/1695/1038 632/1692/1039
f 655/1758/748 644/1722/747 657/1764/1040 656/1760/1040
f 660/1774/1041 658/1767/1041 659/1772/751 661/1778/750
f 664/1790/754 663/1785/753 662/1781/1042 665/1792/756
f 635/1700/1043 634/1698/1044 636/1703/1037 631/1690/1036
f 637/1705/1045 635/1701/1046 631/1691/1036 632/1693/1039
f 638/1707/1047 637/1706/1048 632/1694/1039 633/1696/1038
f 634/1699/1049 638/1708/1050 633/1697/1038 636/1704/1037
f 641/1713/1051 628/1681/1052 634/1698/1044 635/1700/1043
f 637/1705/1045 640/1712/1053 641/1714/1054 635/1701/1046
f 638/1707/1047 639/1709/1055 640/1711/1056 637/1706/1048
f 628/1682/1057 639/1710/1058 638/1708/1050 634/1699/1049
f 955/2442/1059 666/1795/1060 957/2448/1061 956/2445/1061
f 958/2451/1062 955/2443/1059 956/2446/1063 959/2454/1063
f 960/2457/1064 958/2452/1062 959/2455/1065 961/2460/1065
f 666/1796/1060 960/2458/1064 961/2461/1066 957/2449/1066
f 627/1678/1067 626/1675/1068 642/1715/1069 652/1747/1070
f 641/1713/1051 627/1678/1067 652/1747/1070 643/1719/1071
f 654/1755/1072 628/1681/1052 641/1713/1051 643/1719/1071
f 642/1715/1069 626/1675/1068 628/1681/1052 654/1755/1072
f 640/1711/1056 639/1709/1055 644/1723/1073 645/1726/1074
f 656/1761/1075 630/1686/1076 640/1711/1056 645/1726/1074
f 646/1728/1077 629/1683/1078 630/1686/1076 656/1761/1075
f 639/1709/1055 629/1683/1078 646/1728/1077 644/1723/1073
f 630/1687/1079 627/1679/1080 647/1732/1081 658/1768/1082
f 640/1712/1053 630/1687/1079 658/1768/1082 648/1734/1083
f 641/1714/1054 640/1712/1053 648/1734/1083 661/1779/1084
f 647/1732/1081 627/1679/1080 641/1714/1054 661/1779/1084
f 626/1676/1085 629/1684/1086 649/1737/1087 663/1786/1088
f 628/1682/1057 626/1676/1085 663/1786/1088 650/1742/1089
f 665/1793/1090 639/1710/1058 628/1682/1057 650/1742/1089
f 649/1737/1087 629/1684/1086 639/1710/1058 665/1793/1090
f 955/2444/1059 630/1688/1091 629/1685/1091 666/1797/1060
f 642/1716/1069 651/1744/1092 652/1748/1070
f 652/1749/1070 653/1752/1093 643/1720/1071
f 654/1756/1072 651/1745/1094 642/1717/1069
f 645/1727/1074 655/1759/1095 656/1762/1075
f 656/1763/1075 657/1765/1096 646/1729/1077
f 646/1730/1077 657/1766/1097 644/1724/1073
f 647/1733/1081 659/1773/1098 658/1769/1082
f 658/1770/1082 660/1775/1099 648/1735/1083
f 648/1736/1083 660/1776/1100 661/1780/1084
f 649/1738/1087 662/1782/1101 663/1787/1088
f 665/1794/1090 662/1783/1102 649/1739/1087
f 958/2453/1062 627/1680/1091 630/1688/1091 955/2444/1059
f 626/1677/1091 627/1680/1091 958/2453/1062 960/2459/1064
f 666/1797/1060 629/1685/1091 626/1677/1091 960/2459/1064
f 678/1828/775 677/1826/770 686/1846/769 687/1849/1103
f 689/1854/771 681/1834/758 671/1811/760
f 681/1835/758 682/1837/761 672/1814/759
f 682/1837/761 683/1839/763 673/1816/762
f 683/1840/763 684/1842/765 674/1819/764
f 675/1821/766 684/1842/765 685/1844/767
f 676/1823/768 685/1844/767 686/1847/769
f 679/1830/774 678/1828/775 687/1849/1103 688/1851/1104
f 680/1833/772 679/1831/774 688/1852/1104 689/1854/771
f 731/1942/819 732/1945/817 722/1919/833 721/1916/832
f 720/1913/831 730/1940/780 731/1943/819 721/1917/832
f 727/1933/842 737/1957/789 712/1894/786 717/1905/785
f 730/1940/780 720/1913/831 719/1909/781
f 729/1938/782 719/1910/781 718/1907/783
f 718/1907/783 717/1905/785 728/1935/784
f 724/1924/837 734/1949/1105 735/1952/791 725/1927/790
f 727/1933/842 726/1930/787 737/1957/789
f 726/1931/787 725/1927/790 736/1954/788
f 733/1947/1106 734/1950/1105 724/1925/837 723/1921/835
f 722/1919/833 732/1945/817 733/1947/1106 723/1921/835
f 749/1970/1107 693/1863/799 692/1861/796 738/1959/1108
f 743/1964/805 742/1963/809 690/1857/794
f 742/1963/809 741/1962/792 690/1857/794
f 741/1962/792 740/1961/807 691/1858/793
f 740/1961/807 739/1960/795 691/1858/793
f 739/1960/795 738/1959/1108 692/1861/796
f 747/1968/1109 694/1865/800 713/1896/798 748/1969/797
f 693/1863/799 749/1970/1107 748/1969/797
f 777/2027/845 748/1969/797 749/1970/1107 773/2020/846
f 694/1865/800 747/1968/1109 746/1967/801
f 746/1967/801 745/1966/1110 695/1868/802
f 745/1966/1110 744/1965/803 695/1868/802
f 696/1869/804 744/1965/803 743/1964/805
f 773/2020/846 749/1970/1107 738/1959/1108 701/1876/847
f 738/1959/1108 739/1960/795 702/1877/1111 701/1876/847
f 702/1877/1111 739/1960/795 740/1961/807 703/1879/806
f 704/1880/849 741/1962/792 742/1963/809 705/1882/808
f 741/1962/792 704/1880/849 703/1879/806
f 746/1967/801 747/1968/1109 776/2026/853 708/1886/870
f 743/1964/805 706/1884/810 705/1882/808
f 744/1965/803 707/1885/869 706/1884/810
f 745/1966/1110 707/1885/869 744/1965/803
f 746/1967/801 708/1886/870 745/1966/1110
f 776/2026/853 747/1968/1109 748/1969/797 777/2027/845
f 771/2017/866 759/1991/854 750/1971/844 772/2018/1112
f 708/1886/870 707/1885/869 745/1966/1110
f 759/1991/854 771/2017/866 770/2014/868
f 750/1971/844 752/1976/871 761/1998/856 772/2018/1112
f 761/1997/856 752/1977/871 778/2029/812 762/1999/857
f 767/2008/864 756/1984/815 758/1989/852 768/2011/862
f 763/2001/811 762/1999/857 778/2029/812
f 764/2004/858 763/2002/811 779/2032/813
f 765/2005/814 764/2004/858 779/2032/813
f 766/2006/860 765/2005/814 756/1985/815
f 767/2009/864 766/2006/860 756/1985/815
f 758/1989/852 759/1992/854 769/2012/865 768/2011/862
f 686/1848/825 685/1845/824 712/1895/786 737/1958/789
f 759/1992/854 770/2015/868 769/2012/865
f 710/1889/1113 709/1887/829 690/1857/794
f 681/1836/818 732/1946/817 731/1944/819
f 690/1857/794 711/1892/821 710/1889/1113
f 682/1838/820 731/1944/819 730/1941/780
f 683/1841/822 730/1941/780 729/1939/782
f 729/1939/782 728/1936/784 684/1843/823
f 728/1936/784 712/1895/786 685/1845/824
f 734/1951/1105 688/1853/1114 687/1850/826 735/1953/791
f 737/1958/789 736/1955/788 686/1848/825
f 736/1955/788 735/1953/791 687/1850/826
f 695/1868/802 715/1900/1115 714/1898/827
f 733/1948/1106 689/1855/816 688/1853/1114 734/1951/1105
f 695/1868/802 716/1903/828 715/1900/1115
f 941/2406/872 717/1906/785 718/1908/783 942/2408/873
f 696/1870/804 709/1888/829 716/1904/828
f 733/1948/1106 732/1946/817 689/1855/816
f 718/1908/783 719/1911/781 943/2410/1116 942/2408/873
f 943/2411/1116 719/1912/781 720/1914/831 944/2414/830
f 727/1934/842 717/1906/785 941/2406/872 950/2430/841
f 721/1918/832 945/2416/834 944/2414/830
f 722/1920/833 946/2420/836 945/2417/834
f 947/2422/838 946/2420/836 723/1922/835
f 724/1926/837 948/2424/839 947/2422/838
f 725/1928/790 949/2428/840 948/2425/839
f 950/2431/841 949/2428/840 726/1932/787
f 755/1982/1117 697/1871/779 698/1872/777 754/1980/1118
f 750/1972/844 759/1993/854 777/2028/845
f 699/1873/776 760/1994/843 751/1973/1119
f 751/1973/1119 753/1978/848 699/1873/776
f 778/2030/812 750/1972/844 701/1875/847
f 753/1978/848 754/1980/1118 698/1872/777
f 779/2033/813 778/2030/812 704/1881/849
f 705/1883/808 756/1986/815 779/2033/813
f 757/1988/1120 700/1874/778 697/1871/779 755/1982/1117
f 774/2021/850 758/1990/852 756/1986/815
f 762/2000/857 763/2003/811 754/1980/859 753/1978/855
f 776/2025/853 759/1993/854 758/1990/852
f 700/1874/778 757/1988/1120 760/1994/843
f 764/2004/858 765/2005/814 755/1983/861 754/1981/859
f 755/1983/861 766/2006/860 767/2009/864 757/1987/863
f 757/1988/863 769/2013/865 770/2016/868 760/1994/867
f 771/2017/866 772/2018/1112 751/1974/1121 760/1995/867
f 751/1974/1121 772/2018/1112 761/1998/856 753/1979/855
f 692/1862/796 942/2409/873 943/2412/1116 691/1859/793
f 703/1879/806 701/1876/847 702/1877/1111
f 775/2024/851 774/2022/850 707/1885/869
f 776/2026/853 775/2024/851 708/1886/870
f 692/1862/796 693/1864/799 942/2409/873
f 943/2413/1116 944/2415/830 711/1893/821 691/1860/793
f 711/1893/821 944/2415/830 945/2418/834 710/1890/1122
f 710/1891/1122 945/2419/834 946/2421/836 709/1888/1123
f 709/1888/1123 946/2421/836 947/2423/838 716/1904/1124
f 947/2423/838 948/2426/839 715/1901/1125 716/1904/1124
f 948/2427/839 949/2429/840 714/1899/827 715/1902/1125
f 714/1899/827 949/2429/840 950/2432/841 694/1866/800
f 950/2433/841 941/2407/872 713/1897/798 694/1867/800
f 781/2035/875 783/2037/874 787/2041/888 788/2042/887
f 693/1864/799 713/1897/798 941/2407/872
f 783/2037/874 793/2047/881 847/2163/1126 833/2126/892
f 788/2042/887 784/2038/877 781/2035/875
f 790/2044/880 791/2045/883 782/2036/878
f 782/2036/878 791/2045/883 785/2039/879
f 785/2039/879 786/2040/885 780/2034/876
f 780/2034/876 786/2040/885 793/2047/881
f 784/2038/877 837/2136/889 789/2043/882
f 794/2048/906 834/2128/886 833/2127/892 801/2069/1127
f 787/2041/888 833/2126/892 834/2129/886
f 790/2044/880 838/2138/894 840/2142/895
f 791/2045/883 840/2142/895 842/2149/890
f 842/2149/890 844/2154/896 792/2046/884
f 846/2160/891 847/2163/1126 793/2047/881
f 795/2053/905 835/2132/893 834/2130/886 794/2049/906
f 845/2157/913 846/2161/891 844/2155/896 799/2065/911
f 795/2053/905 836/2134/897 835/2132/893
f 836/2134/897 796/2056/898 837/2137/889
f 796/2057/898 797/2060/899 838/2139/894
f 839/2141/900 797/2060/899 798/2062/901
f 840/2143/895 798/2062/901 841/2146/902
f 841/2146/902 843/2152/903 842/2150/890
f 844/2155/896 843/2153/903 799/2065/911
f 847/2164/1126 846/2162/891 845/2158/913 800/2067/915
f 801/2069/1127 833/2127/892 847/2164/1126 800/2067/915
f 858/2194/923 797/2061/899 796/2058/898 856/2189/921
f 794/2050/906 802/2071/916 850/2173/904
f 795/2054/905 850/2174/904 852/2178/919
f 852/2178/919 854/2183/907 795/2054/905
f 796/2059/898 854/2183/907 856/2190/921
f 868/2225/927 801/2070/1127 800/2068/915 866/2219/914
f 797/2061/899 858/2194/923 803/2073/908
f 798/2063/901 803/2073/908 859/2197/909
f 859/2197/909 861/2204/910 841/2147/902
f 799/2066/911 861/2205/910 863/2209/912
f 863/2209/912 866/2220/914 845/2159/913
f 802/2071/916 794/2050/906 801/2070/1127 868/2225/927
f 851/2176/930 852/2179/919 850/2175/904 848/2165/917
f 802/2072/916 849/2170/928 848/2166/917
f 866/2221/914 863/2210/912 864/2213/935 865/2216/934
f 851/2176/930 853/2182/918 852/2179/919
f 854/2184/907 853/2182/918 855/2185/920
f 855/2186/920 857/2193/922 856/2191/921
f 857/2193/922 804/2076/924 858/2195/923
f 859/2198/909 804/2076/924 860/2200/925
f 860/2201/925 862/2207/926 861/2206/910
f 863/2210/912 862/2207/926 864/2213/935
f 867/2224/990 868/2226/927 866/2222/914 865/2217/934
f 870/2231/941 851/2177/930 848/2167/917 807/2083/1128
f 868/2226/927 867/2224/990 849/2170/928
f 849/2171/928 869/2227/942 848/2168/917
f 806/2082/989 805/2078/939 879/2255/938 880/2258/951
f 870/2231/941 872/2236/929 851/2177/930
f 804/2077/924 876/2246/932 877/2248/937
f 804/2077/924 877/2248/937 805/2079/939
f 806/2082/989 880/2258/951 864/2214/935
f 880/2258/951 808/2086/933 864/2214/935
f 865/2218/934 808/2087/933 885/2271/955
f 865/2218/934 885/2271/955 849/2171/928
f 869/2227/942 807/2084/1128 848/2168/917
f 873/2240/931 874/2242/936 855/2187/920
f 880/2259/951 879/2256/938 878/2250/948 881/2260/949
f 885/2271/955 869/2227/942 849/2171/928
f 886/2273/956 812/2096/940 869/2228/942
f 812/2097/940 871/2234/943 870/2232/941
f 872/2237/929 871/2234/943 809/2089/944
f 873/2241/931 809/2090/944 814/2100/945
f 814/2100/945 875/2244/946 874/2243/936
f 875/2244/946 810/2092/947 876/2247/932
f 877/2249/937 810/2092/947 878/2251/948
f 810/2093/947 875/2245/946 818/2107/963 893/2286/1129
f 882/2263/950 881/2260/949 883/2266/952
f 884/2268/953 883/2267/952 811/2094/954
f 811/2094/954 886/2273/956 885/2272/955
f 812/2098/940 890/2279/960 813/2099/962
f 813/2099/962 816/2103/961 871/2235/943
f 871/2235/943 816/2103/961 809/2091/944
f 814/2101/945 818/2107/963 875/2245/946
f 812/2098/940 886/2274/956 887/2275/967 890/2279/960
f 893/2286/1129 819/2109/964 810/2093/947
f 810/2093/947 819/2109/964 815/2102/958
f 881/2261/949 821/2114/959 811/2095/954
f 811/2095/954 898/2296/966 886/2274/956
f 889/2278/969 888/2277/968 831/2124/985 828/2121/981
f 888/2277/968 889/2278/969 890/2280/960
f 889/2278/969 822/2115/982 891/2282/970
f 822/2115/982 823/2116/971 891/2282/970
f 892/2284/972 823/2116/971 825/2118/973
f 825/2118/973 826/2119/975 893/2287/974
f 895/2290/976 826/2119/975 894/2289/977
f 894/2289/977 896/2292/979 897/2293/978
f 898/2297/966 896/2292/979 899/2298/980
f 899/2298/980 888/2277/968 887/2276/967
f 896/2292/979 824/2117/984 830/2123/983 827/2120/988
f 822/2115/982 829/2122/986 823/2116/971
f 823/2116/971 829/2122/986 825/2118/973
f 831/2124/985 899/2298/980 896/2292/979 827/2120/988
f 933/2385/1002 934/2387/1130 910/2322/1023 909/2319/1001
f 822/2115/982 828/2121/981 829/2122/986
f 828/2121/981 832/2125/987 829/2122/986
f 858/2196/923 859/2199/909 803/2074/908
f 805/2080/939 862/2208/926 860/2202/925
f 807/2085/1128 869/2229/942 870/2233/941
f 813/2099/962 871/2235/943 812/2098/940
f 815/2102/958 881/2261/949 878/2252/948
f 882/2264/950 884/2269/953 808/2088/933
f 816/2104/961 890/2281/960 891/2283/992
f 817/2106/957 891/2283/992 892/2285/993
f 818/2108/963 892/2285/993 893/2288/1129
f 893/2288/1129 895/2291/994 819/2110/964
f 895/2291/994 897/2294/978 820/2112/965
f 824/2117/984 896/2292/979 894/2289/977
f 900/2300/1131 908/2316/995 931/2382/997
f 932/2384/1000 915/2337/999 900/2301/1131
f 934/2388/1130 935/2391/1005 911/2325/1004 910/2323/1023
f 930/2379/1132 914/2335/1016 908/2317/995 921/2354/1020
f 904/2309/1010 917/2342/1006 937/2398/1008
f 939/2402/1133 912/2328/1134 905/2311/1012
f 906/2313/1014 912/2329/1134 939/2403/1133
f 900/2299/1131 915/2338/999 908/2318/995
f 902/2304/1003 916/2340/1017 911/2326/1004
f 903/2306/1007 917/2345/1006 916/2340/1017
f 904/2308/1010 918/2347/1009 917/2343/1006
f 912/2330/1134 919/2349/1018 905/2310/1012
f 906/2312/1014 920/2351/1019 912/2330/1134
f 914/2334/1016 920/2351/1019 913/2332/1013
f 909/2320/1001 910/2324/1023 923/2360/1022 922/2358/1021
f 922/2358/1021 921/2353/1020 915/2339/999
f 911/2326/1004 916/2340/1025 924/2363/1135 923/2361/1022
f 917/2344/1026 918/2348/1009 926/2369/1136 936/2392/1137
f 925/2366/1024 924/2363/1135 916/2340/1025
f 936/2393/1137 925/2366/1024 917/2345/1026
f 918/2348/1009 919/2350/1018 927/2371/1035 926/2369/1136
f 927/2371/1035 919/2350/1018 912/2331/1029 928/2374/1028
f 940/2404/1015 930/2380/1132 907/2315/996 913/2333/1013
f 920/2352/1027 929/2378/1030 928/2375/1028
f 914/2335/1016 930/2379/1132 929/2378/1030
f 921/2354/1020 931/2381/997 930/2379/1132
f 922/2359/1021 932/2383/1000 921/2355/1020
f 922/2359/1021 933/2386/1002 932/2383/1000
f 923/2362/1031 934/2389/1130 933/2386/1002
f 935/2390/1005 934/2389/1130 923/2362/1031
f 925/2367/1024 936/2394/1137 924/2364/1135
f 928/2376/1028 939/2401/1133 927/2372/1035
f 930/2379/1132 940/2405/1015 929/2378/1030
f 931/2382/997 907/2315/996 930/2380/1132
f 921/2356/1020 900/2300/1131 931/2382/997
f 932/2384/1000 900/2301/1131 921/2357/1020
f 924/2365/1032 902/2305/1003 935/2391/1005
f 924/2365/1032 903/2307/1007 902/2305/1003
f 937/2397/1008 903/2307/1007 936/2395/1034
f 926/2370/1033 904/2309/1010 937/2398/1008
f 938/2400/1011 904/2309/1010 926/2370/1033
f 939/2402/1133 905/2311/1012 927/2373/1035
f 928/2377/1028 906/2313/1014 939/2403/1133
f 966/2471/1138 962/2463/1139 968/2475/1140 967/2473/1141
f 969/2477/1142 963/2465/1143 971/2481/1144 970/2479/1145
f 972/2483/1146 964/2467/1147 974/2487/1148 973/2485/1149
f 975/2489/1150 965/2469/1151 977/2493/1152 976/2491/1153
f 957/2450/773 668/1801/773 667/1798/773 956/2447/773
f 667/1798/773 669/1804/773 959/2456/773 956/2447/773
f 669/1804/773 670/1807/773 961/2462/773 959/2456/773
f 670/1807/773 668/1801/773 957/2450/773 961/2462/773
f 966/2472/1138 667/1799/1154 668/1802/1155 962/2464/1139
f 952/2436/1156 667/1799/1154 966/2472/1138 967/2474/1141
f 951/2434/1157 952/2436/1158 967/2474/1141 968/2476/1140
f 962/2464/1139 668/1802/1155 951/2434/1157 968/2476/1140
f 969/2478/1142 669/1805/1159 667/1800/1160 963/2466/1143
f 953/2438/1161 669/1805/1159 969/2478/1142 970/2480/1145
f 952/2437/1162 953/2438/1163 970/2480/1145 971/2482/1144
f 963/2466/1143 667/1800/1160 952/2437/1162 971/2482/1144
f 670/1808/1164 669/1806/1165 964/2468/1147 972/2484/1146
f 954/2440/1166 670/1808/1164 972/2484/1146 973/2486/1149
f 974/2488/1148 953/2439/1167 954/2440/1168 973/2486/1149
f 964/2468/1147 669/1806/1165 953/2439/1167 974/2488/1148
f 975/2490/1150 668/1803/1169 670/1809/1170 965/2470/1151
f 951/2435/1171 668/1803/1169 975/2490/1150 976/2492/1153
f 954/2441/1172 951/2435/1173 976/2492/1153 977/2494/1152
f 965/2470/1151 670/1809/1170 954/2441/1172 977/2494/1152
o pCube2204
v -0.020333 0.006473 0.007031
v -0.017889 0.006473 0.007011
v -0.019588 0.007795 0.007763
v -0.020313 0.006473 0.009475
v -0.017868 0.006473 0.009455
v -0.018571 0.007999 0.007707
v -0.018562 0.007991 0.008775
v -0.019630 0.007999 0.008779
v -0.019649 0.007843 0.007705
v -0.018562 0.007844 0.007695
v -0.019639 0.007991 0.007712
v -0.018552 0.007843 0.008781
v -0.019639 0.007842 0.008791
v -0.019581 0.007795 0.008731
v -0.018613 0.007795 0.008723
v -0.018621 0.007795 0.007756
v -0.020047 0.006593 0.007096
v -0.018173 0.006593 0.007081
v -0.018732 0.007599 0.007648
v -0.019480 0.007599 0.007654
v -0.019470 0.007599 0.008838
v -0.018722 0.007599 0.008832
v -0.020028 0.006593 0.009406
v -0.017938 0.006593 0.009171
v -0.017953 0.006593 0.007297
v -0.018505 0.007599 0.008612
v -0.020248 0.006593 0.009190
v -0.019696 0.007599 0.007874
v -0.020046 0.006545 0.007181
v -0.018173 0.006545 0.007166
v -0.018731 0.007551 0.007733
v -0.019479 0.007551 0.007739
v -0.019470 0.007551 0.008753
v -0.018722 0.007551 0.008747
v -0.018154 0.006581 0.009369
v -0.020029 0.006545 0.009321
v -0.018023 0.006545 0.009171
v -0.018039 0.006545 0.007298
v -0.018591 0.007551 0.008613
v -0.018540 0.007583 0.007865
v -0.020163 0.006545 0.009189
v -0.020242 0.006581 0.007316
v -0.019611 0.007551 0.007873
v -0.019668 0.007587 0.008622
v -0.020594 0.006473 0.009762
v -0.017743 0.006151 0.009578
v -0.020436 0.006151 0.009600
v -0.017766 0.006151 0.006886
v -0.020458 0.006151 0.006908
v -0.018586 0.007852 0.008383
v -0.018846 0.007852 0.008700
v -0.019163 0.007852 0.008762
v -0.019516 0.007852 0.008577
v -0.019613 0.007852 0.008081
v -0.019341 0.007852 0.007781
v -0.018961 0.007852 0.007729
v -0.018644 0.007852 0.007989
v -0.018742 0.011087 0.008617
v -0.019030 0.011087 0.008756
v -0.019423 0.011088 0.008661
v -0.019625 0.011085 0.008250
v -0.019480 0.011087 0.007891
v -0.018792 0.011086 0.007811
v -0.018573 0.011086 0.008260
v -0.018633 0.011345 0.008656
v -0.018880 0.011348 0.008816
v -0.019116 0.011347 0.008854
v -0.019376 0.011344 0.008796
v -0.019510 0.011348 0.007775
v -0.018831 0.011355 0.007702
v -0.018957 0.011860 0.008212
v -0.019026 0.011861 0.008371
v -0.019234 0.011858 0.008322
v -0.019134 0.011858 0.008092
v -0.019282 0.011651 0.008426
v -0.019129 0.011735 0.008441
v -0.019057 0.011651 0.008497
v -0.019015 0.011735 0.008425
v -0.018923 0.011733 0.008334
v -0.018847 0.011651 0.008199
v -0.018980 0.011727 0.008077
v -0.019142 0.011651 0.007989
v -0.019244 0.011735 0.008105
v -0.019301 0.011735 0.008232
v -0.018461 0.011315 0.008324
v -0.019607 0.011349 0.008587
v -0.019739 0.011315 0.008334
v -0.019682 0.011130 0.008057
v -0.019673 0.011350 0.008039
v -0.019221 0.011135 0.007635
v -0.019207 0.011317 0.007605
v -0.018797 0.011317 0.007675
v -0.018532 0.011348 0.007999
v -0.019741 0.011204 0.008147
v -0.019680 0.011203 0.008544
v -0.019376 0.011203 0.008832
v -0.019085 0.011203 0.008885
v -0.018802 0.011204 0.008818
v -0.018518 0.011203 0.008537
v -0.018460 0.011204 0.008143
v -0.018641 0.011203 0.007780
v -0.018998 0.011204 0.007603
v -0.019391 0.011204 0.007661
v -0.019619 0.011203 0.007860
v -0.019702 0.011125 0.008341
v -0.019538 0.011126 0.008672
v -0.019200 0.011127 0.008849
v -0.018813 0.011130 0.008790
v -0.018554 0.011127 0.008516
v -0.018493 0.011128 0.008142
v -0.018675 0.011125 0.007807
v -0.018916 0.011133 0.007659
v -0.019184 0.011085 0.007730
v -0.019533 0.011125 0.007814
v -0.019509 0.011349 0.008545
v -0.019330 0.011349 0.008703
v -0.019021 0.011349 0.008751
v -0.018734 0.011349 0.008604
v -0.018593 0.011349 0.008319
v -0.018644 0.011349 0.008006
v -0.018806 0.011349 0.007831
v -0.019024 0.011349 0.007734
v -0.019338 0.011349 0.007788
v -0.019559 0.011349 0.008010
v -0.019608 0.011349 0.008324
v -0.019384 0.011749 0.008101
v -0.019381 0.011738 0.008384
v -0.019350 0.011949 0.008285
v -0.019213 0.011948 0.008480
v -0.019149 0.011737 0.008542
v -0.018952 0.011738 0.008507
v -0.018954 0.011950 0.008453
v -0.018816 0.011749 0.008377
v -0.018839 0.011951 0.008204
v -0.018805 0.011737 0.008184
v -0.018967 0.011746 0.007945
v -0.019064 0.011949 0.007982
v -0.019224 0.011735 0.007971
v -0.019306 0.011949 0.008091
v -0.019345 0.011825 0.008492
v -0.019150 0.011827 0.008587
v -0.018943 0.011823 0.008553
v -0.018823 0.011827 0.008446
v -0.018758 0.011823 0.008298
v -0.018790 0.011825 0.008088
v -0.018899 0.011823 0.007965
v -0.019047 0.011827 0.007900
v -0.019207 0.011823 0.007916
v -0.019349 0.011825 0.008000
v -0.019428 0.011829 0.008140
v -0.019444 0.011823 0.008297
v -0.019267 0.011738 0.008370
v -0.018901 0.011738 0.008180
v -0.019105 0.011738 0.008034
v -0.019332 0.011651 0.008130
v -0.019093 0.011716 0.008203
v -0.019271 0.011763 0.008131
v -0.019110 0.011777 0.008011
v -0.019064 0.011745 0.008410
v -0.019237 0.011764 0.008399
v -0.019300 0.011762 0.008283
v -0.018959 0.011795 0.008025
v -0.019091 0.011838 0.008561
v -0.018873 0.011771 0.008234
v -0.018844 0.011827 0.008410
v -0.019348 0.011874 0.008485
v -0.019445 0.011878 0.008296
v -0.019335 0.011846 0.008026
v -0.018733 0.011968 0.008425
v -0.019507 0.011963 0.008159
v -0.019192 0.011961 0.007841
v -0.018740 0.011961 0.008043
v -0.018746 0.012027 0.008525
v -0.018959 0.012030 0.008668
v -0.019414 0.012028 0.008564
v -0.019514 0.012027 0.008412
v -0.019548 0.012027 0.008190
v -0.019155 0.012030 0.007802
v -0.018699 0.012027 0.008038
v -0.018648 0.012027 0.008263
v -0.018674 0.012104 0.008419
v -0.019550 0.012103 0.008189
v -0.019559 0.012172 0.008110
v -0.018758 0.012172 0.008564
v -0.019052 0.012319 0.008684
v -0.019536 0.012314 0.008279
v -0.019029 0.012316 0.007809
v -0.019275 0.012383 0.008625
v -0.019459 0.012384 0.008012
v -0.018743 0.012382 0.008042
v -0.019436 0.012383 0.008491
v -0.019168 0.012383 0.007839
v -0.019141 0.012496 0.008567
v -0.019424 0.012498 0.008291
v -0.019335 0.012497 0.008016
v -0.019154 0.012495 0.007922
v -0.018960 0.012498 0.007948
v -0.018785 0.012496 0.008353
v -0.019153 0.012553 0.008519
v -0.019296 0.012551 0.008442
v -0.019378 0.012554 0.008293
v -0.019107 0.012542 0.007970
v -0.018906 0.012547 0.008046
v -0.019330 0.012542 0.008088
v -0.018991 0.012601 0.008371
v -0.019178 0.012600 0.008397
v -0.019168 0.012601 0.008090
v -0.018981 0.012619 0.008203
v -0.019189 0.012627 0.008276
v -0.018684 0.011965 0.008323
v -0.018809 0.011964 0.008549
v -0.019031 0.011965 0.008659
v -0.019177 0.012026 0.008689
v -0.019275 0.011966 0.008625
v -0.019450 0.011965 0.008475
v -0.019534 0.011957 0.008303
v -0.019490 0.011957 0.008049
v -0.019451 0.012028 0.007966
v -0.019371 0.011967 0.007925
v -0.019314 0.012023 0.007833
v -0.019163 0.011958 0.007810
v -0.018898 0.012026 0.007838
v -0.018914 0.011966 0.007869
v -0.018711 0.011957 0.008041
v -0.018638 0.012173 0.008314
v -0.018766 0.012101 0.008592
v -0.018978 0.012172 0.008696
v -0.018963 0.012103 0.008695
v -0.019176 0.012172 0.008709
v -0.019223 0.012103 0.008692
v -0.019388 0.012173 0.008610
v -0.019428 0.012103 0.008575
v -0.019539 0.012173 0.008416
v -0.019575 0.012102 0.008309
v -0.019524 0.012103 0.008040
v -0.019441 0.012172 0.007910
v -0.019318 0.012103 0.007825
v -0.019184 0.012173 0.007782
v -0.019032 0.012104 0.007782
v -0.018940 0.012173 0.007801
v -0.018723 0.012173 0.007951
v -0.018770 0.012103 0.007907
v -0.018621 0.012172 0.008149
v -0.018635 0.012103 0.008182
v -0.018681 0.012320 0.008400
v -0.018809 0.012385 0.008549
v -0.018865 0.012322 0.008634
v -0.019028 0.012383 0.008656
v -0.019311 0.012321 0.008641
v -0.019493 0.012321 0.008457
v -0.019521 0.012385 0.008297
v -0.019548 0.012322 0.008188
v -0.019460 0.012321 0.007986
v -0.019303 0.012392 0.007854
v -0.019307 0.012321 0.007846
v -0.018990 0.012386 0.007829
v -0.019032 0.012326 0.007782
v -0.018794 0.012393 0.007929
v -0.018789 0.012319 0.007927
v -0.018689 0.012385 0.008159
v -0.018662 0.012322 0.008152
v -0.018693 0.012384 0.008355
v -0.018765 0.012520 0.008342
v -0.018935 0.012553 0.008477
v -0.018938 0.012508 0.008535
v -0.019193 0.012519 0.008582
v -0.019379 0.012510 0.008433
v -0.019430 0.012507 0.008195
v -0.019315 0.012565 0.008033
v -0.019304 0.012520 0.007956
v -0.019023 0.012565 0.007958
v -0.018981 0.012519 0.007913
v -0.018842 0.012565 0.008109
v -0.018807 0.012504 0.008093
v -0.018825 0.012552 0.008292
v -0.018742 0.012450 0.008536
v -0.019117 0.012448 0.008698
v -0.019596 0.012209 0.008245
v -0.019542 0.012136 0.008026
v -0.019249 0.012101 0.007787
v -0.018940 0.012150 0.007781
v -0.018712 0.012244 0.007935
v -0.018650 0.012404 0.008355
v -0.019286 0.012410 0.008689
v -0.019475 0.012343 0.008581
v -0.019591 0.012253 0.008390
v -0.018809 0.012177 0.007823
v -0.018618 0.012337 0.008143
v -0.018589 0.012371 0.008285
v -0.018871 0.012463 0.008655
v -0.019619 0.012150 0.008155
v -0.019446 0.012090 0.007881
v -0.019192 0.012092 0.007756
v -0.019011 0.012101 0.007738
v -0.018638 0.012250 0.007982
v -0.018884 0.012384 0.008693
v -0.019185 0.012363 0.008750
v -0.019523 0.012247 0.008583
v -0.019594 0.012093 0.008236
v -0.019563 0.012051 0.008051
v -0.019248 0.012001 0.007813
v -0.019005 0.012034 0.007765
v -0.018713 0.012130 0.007912
v -0.018574 0.012260 0.008175
v -0.018646 0.012350 0.008479
v -0.018702 0.012341 0.008517
v -0.018960 0.012363 0.008701
v -0.019203 0.012329 0.008725
v -0.019450 0.012248 0.008602
v -0.019560 0.012160 0.008419
v -0.019426 0.012010 0.007910
v -0.019373 0.012004 0.007897
v -0.019081 0.012016 0.007796
v -0.018797 0.012095 0.007877
v -0.018603 0.012229 0.008164
v -0.019748 0.011262 0.008158
v -0.019677 0.011262 0.008543
v -0.019393 0.011263 0.008829
v -0.018988 0.011262 0.008884
v -0.018642 0.011262 0.008708
v -0.018459 0.011263 0.008357
v -0.018519 0.011263 0.007941
v -0.018826 0.011263 0.007652
v -0.019208 0.011262 0.007602
v -0.019566 0.011263 0.007782
v -0.020436 0.002461 0.009600
v -0.017743 0.002461 0.009578
v -0.017766 0.002461 0.006886
v -0.020458 0.002461 0.006908
v -0.017582 0.006473 0.009737
v -0.017582 0.006151 0.009737
v -0.020594 0.006151 0.009762
v -0.017607 0.006473 0.006725
v -0.017607 0.006151 0.006725
v -0.020619 0.006473 0.006750
v -0.020619 0.006151 0.006750
v -0.020241 0.005887 0.009584
v -0.017760 0.005887 0.009383
v -0.017961 0.005887 0.006900
v -0.020441 0.005887 0.007103
v -0.017939 0.005887 0.009559
v -0.017939 0.002724 0.009565
v -0.020241 0.002724 0.009568
v -0.017784 0.005887 0.007081
v -0.017779 0.002724 0.007081
v -0.017776 0.002724 0.009384
v -0.020263 0.005887 0.006931
v -0.020263 0.002724 0.006927
v -0.017960 0.002724 0.006912
v -0.020417 0.005887 0.009405
v -0.020422 0.002724 0.009405
v -0.020426 0.002724 0.007103
vn -0.0072 0.4884 -0.8726
vn 0.8925 0.4481 0.0512
vn 0.6919 -0.0336 0.7212
vn 0.2216 -0.3830 0.8968
vn -0.8847 0.4612 0.0684
vn -0.8623 -0.2720 0.4272
vn -0.2071 -0.3828 0.9003
vn -0.9023 0.4311 0.0074
vn -0.4885 -0.8726 0.0040
vn 0.7091 0.0107 0.7050
vn 0.5127 -0.0072 0.8585
vn 0.9634 -0.0089 0.2678
vn 0.1065 0.0105 0.9943
vn -0.1431 -0.0074 0.9897
vn -0.6248 0.0134 0.7806
vn -0.8012 -0.0114 0.5983
vn -0.9992 0.0151 0.0375
vn -0.9629 -0.0114 -0.2695
vn -0.7453 0.0126 -0.6666
vn -0.3584 -0.6409 -0.6788
vn -0.1237 -0.5913 -0.7969
vn 0.2095 -0.6313 -0.7467
vn 0.4706 -0.6087 -0.6387
vn 0.6708 -0.6380 -0.3781
vn 0.9999 0.0153 -0.0033
vn -0.0000 -1.0000 -0.0000
vn 0.4201 0.8494 -0.3193
vn -0.2944 0.8732 -0.3884
vn 0.1900 0.8487 0.4936
vn -0.5234 0.8395 0.1462
vn -0.1195 -0.6659 0.7364
vn -0.4088 -0.2458 0.8789
vn -0.5656 -0.6103 0.5547
vn -0.8459 -0.3041 0.4381
vn -0.7658 -0.6258 0.1481
vn -0.9636 -0.2228 -0.1478
vn -0.6609 -0.7025 -0.2641
vn -0.4450 -0.1187 -0.8876
vn -0.1536 -0.5553 -0.8174
vn -0.5123 -0.6781 -0.5270
vn 0.1416 -0.1208 -0.9825
vn 0.2662 -0.6686 -0.6943
vn 0.3128 0.9021 0.2972
vn 0.2502 0.7799 0.5737
vn 0.5434 0.7160 0.4383
vn 0.1276 0.9076 0.4000
vn -0.0854 0.7759 0.6250
vn -0.4717 0.7763 0.4182
vn -0.4117 0.9067 0.0918
vn -0.5494 0.7891 -0.2748
vn -0.4537 0.7183 -0.5274
vn 0.0525 0.9682 -0.2447
vn 0.1629 0.8926 -0.4204
vn 0.3243 0.9201 -0.2197
vn 0.6519 0.7240 -0.2253
vn 0.5094 0.8598 0.0370
vn -0.5876 0.6160 0.5246
vn -0.2644 0.9470 0.1827
vn -0.1994 0.9281 0.3143
vn 0.8056 -0.4616 0.3714
vn 0.7720 0.6199 -0.1406
vn -0.1034 0.6183 -0.7791
vn -0.1199 0.9294 -0.3490
vn 0.8465 0.1532 0.5099
vn 0.2764 -0.7990 0.5341
vn 0.6075 -0.7383 0.2931
vn 0.9905 0.1175 0.0715
vn 0.5712 -0.8097 -0.1348
vn 0.8219 0.1110 -0.5587
vn 0.2951 -0.6960 -0.6546
vn -0.6052 -0.7463 -0.2771
vn -0.7418 0.0908 -0.6645
vn -0.2186 -0.8186 -0.5311
vn 0.4551 -0.8899 0.0314
vn 0.6408 -0.7038 0.3067
vn 0.3158 -0.8955 0.3135
vn 0.3419 -0.7119 0.6135
vn 0.0637 -0.8934 0.4448
vn -0.2422 -0.9046 0.3509
vn -0.9032 0.4038 0.1455
vn -0.1270 0.6199 -0.7743
vn 0.7920 0.6084 0.0511
vn 0.1736 0.1100 0.9787
vn 0.0042 -0.2032 0.9791
vn 0.4614 -0.1158 0.8796
vn 0.8871 -0.0722 0.4559
vn 0.6798 -0.0422 0.7322
vn 0.9864 -0.0766 -0.1457
vn 0.9769 -0.0520 0.2071
vn 0.7042 -0.0302 -0.7094
vn 0.8711 -0.0597 -0.4875
vn 0.3879 -0.0405 -0.9208
vn -0.1586 -0.0606 -0.9855
vn -0.7297 0.0239 -0.6834
vn -0.8473 -0.1774 -0.5006
vn -0.5849 -0.7456 0.3194
vn -0.5964 -0.5093 -0.6204
vn -0.9174 -0.3838 -0.1048
vn 0.4717 0.8173 0.3310
vn -0.6313 -0.6672 0.3954
vn -0.1910 -0.5046 0.8420
vn -0.0982 -0.8154 0.5705
vn 0.2319 0.7936 -0.5625
vn 0.3940 -0.5027 0.7694
vn 0.7067 -0.6776 -0.2035
vn -0.2262 -0.7919 -0.5672
vn -0.3313 0.6351 0.6978
vn -0.7488 0.1119 0.6533
vn -0.0662 -0.0395 0.9970
vn 0.4265 0.6694 0.6083
vn 0.2964 0.0777 0.9519
vn 0.7407 0.6608 -0.1211
vn 0.1101 -0.0354 -0.9933
vn 0.1133 0.6699 -0.7338
vn 0.7158 0.1525 -0.6815
vn -0.3697 -0.0016 -0.9291
vn -0.9811 0.0034 -0.1934
vn -0.5945 0.6624 -0.4558
vn 0.5322 -0.4358 -0.7258
vn -0.9655 0.2254 -0.1301
vn -0.8698 0.1500 0.4700
vn 0.5085 -0.8593 -0.0551
vn 0.1163 -0.9239 0.3645
vn 0.0111 -0.9988 -0.0483
vn -0.3121 -0.8788 0.3611
vn 0.5235 -0.7661 0.3729
vn 0.3203 -0.8081 -0.4943
vn 0.0294 -0.7434 0.6682
vn -0.5122 -0.7293 -0.4536
vn -0.0476 -0.9651 -0.2574
vn -0.0260 -0.8422 -0.5386
vn 0.2209 -0.9683 -0.1164
vn 0.5501 -0.5287 0.6464
vn -0.5372 -0.5857 -0.6070
vn 0.3755 -0.5162 -0.7698
vn 0.8200 -0.5436 0.1790
vn 0.6720 0.6476 0.3591
vn 0.1641 -0.4929 0.8545
vn -0.3752 -0.4852 0.7898
vn -0.4930 -0.7095 0.5035
vn -0.7090 -0.5238 0.4722
vn -0.7499 -0.6543 0.0980
vn 0.2809 -0.9594 0.0258
vn -0.1251 -0.3001 0.9457
vn -0.6469 -0.3323 0.6864
vn -0.8790 -0.2517 0.4051
vn -0.6685 -0.7362 0.1055
vn -0.9781 -0.1887 -0.0878
vn -0.5916 -0.7524 -0.2897
vn -0.7345 -0.2209 -0.6417
vn -0.4741 0.3424 -0.8111
vn -0.0349 -0.7743 -0.6318
vn -0.3041 -0.1264 0.9442
vn 0.3834 -0.2134 0.8986
vn -0.5493 -0.8356 0.0003
vn -0.8760 -0.1915 -0.4427
vn -0.4490 -0.1852 -0.8741
vn -0.0733 -0.1590 -0.9845
vn 0.1361 -0.1206 -0.9833
vn 0.4318 -0.2067 -0.8780
vn 0.6465 -0.2629 -0.7161
vn 0.8653 -0.2794 -0.4160
vn 0.9214 -0.0845 0.3793
vn 0.7388 0.1631 0.6539
vn 0.5508 -0.5879 0.5924
vn 0.2944 0.1476 0.9442
vn 0.2942 -0.1111 0.9493
vn -0.1507 0.0296 0.9881
vn -0.6112 0.0441 0.7903
vn -0.7117 -0.0886 0.6969
vn -0.9209 0.0088 0.3896
vn -0.9691 -0.2389 0.0613
vn -0.9679 0.0164 -0.2506
vn -0.7038 -0.0402 -0.7092
vn -0.1642 0.0128 -0.9863
vn 0.9679 -0.2064 -0.1435
vn 0.9862 0.0140 0.1648
vn 0.0757 0.2614 0.9623
vn -0.8357 0.2910 0.4657
vn 0.1498 -0.5051 -0.8500
vn 0.3824 0.0776 -0.9207
vn 0.6899 0.1836 -0.7002
vn 0.8094 -0.0301 -0.5865
vn 0.4524 0.2076 0.8673
vn -0.4492 0.2984 0.8421
vn -0.7923 0.2302 -0.5650
vn -0.4270 0.2080 -0.8800
vn 0.6494 0.4450 0.6166
vn 0.8966 0.2525 0.3639
vn 0.1142 0.4884 0.8651
vn -0.6992 0.4613 0.5462
vn -0.8997 0.4159 0.1328
vn -0.9396 0.3240 -0.1102
vn -0.7451 0.4763 -0.4668
vn -0.2621 0.8045 -0.5331
vn 0.0606 -0.3307 -0.9418
vn 0.4719 0.7680 -0.4330
vn 0.8536 0.4776 0.2080
vn 0.9590 0.1862 -0.2136
vn -0.6289 0.6620 0.4078
vn -0.3126 0.5335 0.7859
vn -0.4710 0.5957 0.6506
vn 0.5451 0.0192 -0.8382
vn 0.2093 0.5685 -0.7956
vn 0.3505 0.6550 0.6694
vn -0.0367 0.1515 0.9878
vn -0.7097 0.6963 0.1072
vn -0.7351 0.2400 -0.6340
vn -0.1352 0.4862 -0.8634
vn 0.7070 0.5938 -0.3841
vn -0.3850 0.9220 -0.0419
vn 0.9144 0.1422 0.3789
vn 0.8540 0.4882 -0.1799
vn 0.3162 0.8390 0.4427
vn 0.4619 0.8739 0.1512
vn -0.3292 0.0536 0.9428
vn -0.3618 0.8602 0.3595
vn -0.5795 0.8093 0.0960
vn -0.6453 0.7592 -0.0844
vn -0.5903 0.6605 -0.4640
vn -0.3160 0.7375 -0.5968
vn 0.2721 0.9464 -0.1740
vn -0.1392 0.9440 0.2991
vn -0.0321 0.9020 0.4305
vn -0.1296 0.9263 -0.3538
vn 0.2302 0.6781 0.6980
vn 0.6097 0.7834 0.1202
vn 0.2552 0.9619 -0.0979
vn 0.3824 0.9211 0.0733
vn -0.4989 0.6595 0.5623
vn 0.1675 0.9616 0.2173
vn -0.1689 0.9836 0.0635
vn 0.5107 -0.8104 -0.2871
vn 0.8217 0.5305 -0.2080
vn -0.3440 -0.7609 -0.5502
vn 0.3700 0.7975 0.4765
vn 0.3673 0.0025 -0.9301
vn -0.1835 0.7997 0.5717
vn -0.2586 0.9556 0.1416
vn -0.5331 0.8162 -0.2228
vn -0.2389 -0.9623 0.1297
vn 0.0569 0.9560 -0.2878
vn -0.0827 0.9903 0.1119
vn 0.0435 -0.9988 -0.0228
vn -0.3983 0.8936 -0.2072
vn 0.0691 -0.9966 -0.0456
vn 0.1925 0.9413 -0.2773
vn -0.5204 0.6395 -0.5659
vn -0.0738 0.8012 -0.5938
vn 0.6131 0.6346 0.4705
vn -0.1021 0.7857 -0.6101
vn 0.3702 -0.6556 0.6581
vn 0.0287 0.6587 -0.7519
vn -0.1026 0.9947 0.0112
vn 0.0934 -0.7558 0.6481
vn -0.2543 0.9658 0.0504
vn -0.1257 0.8836 -0.4510
vn -0.5417 0.8186 -0.1911
vn -0.1549 -0.9387 0.3081
vn 0.8213 0.5703 -0.0122
vn -0.5511 0.7439 -0.3780
vn 0.1033 0.1272 -0.9865
vn 0.2887 0.8104 -0.5097
vn 0.8036 -0.5395 0.2515
vn -0.1736 0.4861 0.8565
vn -0.8215 0.2752 0.4994
vn -0.0163 0.9997 0.0179
vn -0.7093 -0.6629 -0.2396
vn -0.9497 -0.3115 -0.0327
vn -0.6156 -0.3136 -0.7230
vn 0.8931 -0.2401 -0.3805
vn 0.5486 -0.8282 0.1144
vn 0.5424 -0.2872 -0.7895
vn 0.9724 -0.2329 -0.0100
vn 0.0611 -0.6130 0.7877
vn 0.5019 -0.4989 0.7065
vn -0.1676 -0.8223 0.5438
vn 0.9906 0.0969 0.0962
vn 0.3465 0.1802 0.9206
vn 0.2695 -0.5683 0.7774
vn 0.4668 -0.8752 -0.1269
vn 0.5509 0.6152 -0.5640
vn -0.5658 0.6129 -0.5516
vn -0.5634 0.6026 0.5651
vn 0.5658 0.6012 0.5643
vn -0.0209 0.5156 0.8566
vn 0.8860 0.4634 0.0175
vn -0.8726 0.4884 0.0072
vn 0.0392 -0.2798 -0.9593
vn -0.0528 -0.2781 -0.9591
vn 0.9596 -0.2788 0.0378
vn 0.9584 -0.2802 -0.0542
vn 0.0533 -0.2786 0.9589
vn 0.0531 -0.2802 0.9585
vn -0.9591 -0.2780 0.0539
vn -0.9578 -0.2824 0.0539
vn 0.1592 -0.2146 -0.9637
vn 0.0495 -0.0728 -0.9961
vn 0.9609 -0.2320 0.1514
vn 0.9937 -0.0905 0.0665
vn -0.1583 -0.2174 0.9632
vn -0.0642 -0.0827 0.9945
vn -0.9614 -0.2379 -0.1385
vn -0.9941 -0.0895 -0.0617
vn 0.5821 0.5773 0.5726
vn -0.5726 0.5774 0.5821
vn 0.0082 -0.0000 1.0000
vn 0.5726 0.5774 -0.5821
vn 1.0000 -0.0000 -0.0083
vn -0.5821 0.5774 -0.5726
vn -0.0082 -0.0000 -1.0000
vn -1.0000 -0.0000 0.0082
vn -0.0086 0.4875 -0.8731
vn -0.0056 0.4874 -0.8731
vn -0.0059 0.4876 -0.8730
vn -0.0083 0.4877 -0.8730
vn -0.0084 0.4855 -0.8742
vn -0.0057 0.4854 -0.8743
vn 0.0086 0.4855 0.8742
vn -0.3243 0.3060 0.8951
vn -0.0303 0.5158 0.8562
vn -0.0242 0.5001 0.8656
vn 0.0094 0.7478 0.6638
vn 0.0109 0.5182 0.8552
vn 0.8731 0.4875 -0.0088
vn 0.8797 0.4738 0.0400
vn 0.8785 0.4768 0.0306
vn 0.8730 0.4876 -0.0085
vn 0.9911 0.1318 -0.0179
vn 0.9093 0.4153 0.0248
vn -0.8651 0.5001 0.0385
vn -0.8607 0.5081 -0.0313
vn -0.7269 0.6278 -0.2782
vn -0.8526 0.5216 0.0311
vn -0.8941 0.4458 0.0436
vn -0.8942 0.4463 -0.0336
vn 0.0040 0.8726 0.4884
vn -0.9003 -0.3828 -0.2071
vn -0.0040 -0.8726 -0.4884
vn 0.8968 -0.3831 -0.2214
vn 0.0040 -0.8726 0.4883
vn 0.9003 -0.3832 0.2065
vn -0.8968 -0.3827 0.2221
vn -0.0040 0.8727 -0.4882
vn -0.4882 0.8727 0.0040
vn 0.2069 -0.3829 -0.9003
vn -0.0000 1.0000 -0.0000
vn 0.4881 -0.8728 -0.0040
vn 0.4885 0.8725 -0.0040
vn -0.2217 -0.3829 -0.8968
vn 0.5316 -0.6765 -0.5097
vn 0.7059 -0.6930 -0.1466
vn -0.3079 0.7538 0.5805
vn -0.3781 0.9063 -0.1887
vn -0.6964 0.6283 -0.3467
vn 0.2511 0.9346 -0.2522
vn 0.1285 0.6220 0.7724
vn -0.9680 0.0820 0.2371
vn -0.4176 -0.9086 -0.0076
vn -0.2708 -0.9293 -0.2509
vn 0.3441 0.7270 -0.5941
vn -0.4676 0.1495 0.8712
vn -0.5657 0.8199 0.0881
vn -0.3813 0.7751 -0.5039
vn 0.6303 0.7729 -0.0732
vn -0.1636 0.7661 0.6216
vn -0.7358 0.6606 0.1493
vn 0.5409 0.2793 -0.7934
vn -0.4644 -0.8840 0.0538
vn -0.4059 -0.8790 -0.2501
vn 0.7611 -0.1771 0.6240
vn 0.9531 -0.2974 0.0556
vn -0.9057 0.3997 0.1410
vn -0.7924 0.5840 -0.1761
vn 0.1432 0.7732 -0.6177
vn 0.5485 -0.8268 0.1248
vn 0.7927 -0.5894 0.1556
vn -0.1235 -0.8866 0.4457
vn -0.5856 0.4703 0.6602
vn -0.9043 -0.3854 0.1838
vn -0.3442 -0.3693 -0.8632
vn -0.5708 -0.4441 -0.6907
vn -0.0283 -0.0239 0.9993
vn 0.0547 -0.0250 0.9982
vn 0.0532 0.0292 0.9982
vn -0.0297 0.0304 0.9991
vn 0.9993 -0.0238 0.0282
vn 0.9982 -0.0250 -0.0546
vn 0.9982 0.0292 -0.0532
vn 0.9991 0.0303 0.0297
vn 0.0360 -0.0245 -0.9991
vn -0.0469 -0.0254 -0.9986
vn -0.0457 0.0287 -0.9985
vn 0.0372 0.0297 -0.9989
vn -0.9993 -0.0238 -0.0283
vn -0.9982 -0.0250 0.0546
vn -0.9982 0.0292 0.0531
vn -0.9991 0.0304 -0.0297
vn -0.0282 -0.0398 0.9988
vn 0.0563 -0.0411 0.9976
vn -0.0828 0.0007 0.9966
vn 0.0540 0.0506 0.9973
vn 0.0052 0.0866 0.9962
vn 0.9988 -0.0398 0.0281
vn 0.9976 -0.0410 -0.0563
vn 0.9966 0.0007 0.0827
vn 0.9973 0.0506 -0.0540
vn 0.9962 0.0865 -0.0052
vn 0.0368 -0.0410 -0.9985
vn -0.0477 -0.0420 -0.9980
vn 0.1058 0.0006 -0.9944
vn -0.0458 0.0496 -0.9977
vn -0.0074 0.0846 -0.9964
vn -0.9988 -0.0398 -0.0282
vn -0.9976 -0.0410 0.0562
vn -0.9966 0.0007 -0.0828
vn -0.9973 0.0506 0.0540
vn -0.9962 0.0865 0.0052
vt -52.942951 -71.616272
vt -51.136677 -71.595978
vt -55.194416 -72.434509
vt -52.942951 -72.542068
vt -52.328415 -71.616272
vt -54.268620 -72.434509
vt -52.442089 -71.895447
vt -50.635822 -71.316803
vt -51.131866 -71.616272
vt -51.136677 -70.670181
vt -55.194416 -71.508713
vt -51.131866 -72.542068
vt -52.328415 -72.542068
vt -54.268620 -71.508713
vt -53.260132 -70.650780
vt -52.367558 -72.278206
vt -51.753021 -71.880142
vt -52.867619 -70.650780
vt -51.755539 -72.279198
vt -51.704742 -72.279198
vt -52.867619 -70.258270
vt -51.707260 -71.880112
vt -50.561283 -70.934013
vt -52.423714 -71.874458
vt -50.617443 -71.337791
vt -52.423332 -72.283974
vt -51.808792 -71.874374
vt -53.260132 -70.258270
vt -52.370068 -71.879089
vt -50.563793 -71.333160
vt -51.809116 -72.283905
vt -51.651161 -72.283905
vt -51.650932 -71.874489
vt -50.617611 -70.928406
vt -51.632637 -71.895424
vt -50.635906 -70.949326
vt -51.632721 -72.262901
vt -51.827557 -72.262901
vt -52.442039 -72.262886
vt -51.827503 -71.895462
vt -52.897556 -71.724281
vt -53.283604 -70.671082
vt -55.202858 -70.859306
vt -52.897556 -72.434059
vt -53.283604 -71.380859
vt -55.234898 -70.869293
vt -52.516560 -72.220833
vt -55.448120 -70.488297
vt -53.036350 -70.237968
vt -52.516560 -71.937508
vt -53.036350 -69.954643
vt -54.989632 -70.478310
vt -51.558258 -71.937508
vt -53.132088 -69.954643
vt -54.615524 -70.464783
vt -51.558258 -72.220833
vt -53.132088 -70.237968
vt -54.712101 -70.478310
vt -51.177258 -71.724281
vt -54.402302 -70.845779
vt -53.314808 -70.671082
vt -52.283020 -72.434059
vt -53.378277 -70.671082
vt -54.124767 -70.845779
vt -53.847237 -70.481804
vt -52.283020 -71.724281
vt -53.378277 -71.380859
vt -51.902023 -72.220840
vt -54.337994 -70.464783
vt -53.163292 -70.237968
vt -51.091286 -70.778191
vt -53.474018 -70.671082
vt -53.537663 -70.632721
vt -53.601967 -70.862801
vt -53.259026 -69.954643
vt -50.710285 -71.274742
vt -51.983532 -70.886200
vt -53.251335 -70.671082
vt -55.170589 -70.877365
vt -51.983532 -71.595978
vt -53.251335 -71.380859
vt -55.267166 -70.887352
vt -51.602535 -71.382751
vt -55.480389 -70.506348
vt -53.068619 -70.237968
vt -51.602535 -71.099426
vt -53.068619 -69.954643
vt -54.957363 -70.496368
vt -52.395733 -71.099426
vt -53.099819 -69.954643
vt -54.647793 -70.482841
vt -52.395733 -71.382751
vt -53.099819 -70.237968
vt -54.679832 -70.496368
vt -52.014732 -71.595978
vt -51.177258 -72.434059
vt -54.917259 -70.863823
vt -53.322876 -71.380859
vt -52.014732 -70.886200
vt -54.434566 -70.863838
vt -53.347073 -70.671082
vt -52.807934 -71.595978
vt -53.410545 -70.671082
vt -54.157036 -70.863838
vt -53.879501 -70.463745
vt -52.807934 -70.886200
vt -53.410545 -71.380859
vt -52.426933 -71.382751
vt -54.370258 -70.482841
vt -53.195557 -70.237968
vt -54.071220 -70.856781
vt -52.426933 -71.099419
vt -51.902023 -71.937508
vt -53.174049 -69.954643
vt -53.220135 -70.671082
vt -53.441746 -70.671082
vt -53.505394 -70.650780
vt -53.807125 -70.477287
vt -53.220135 -71.380859
vt -51.091286 -71.487968
vt -53.465950 -71.380859
vt -53.569702 -70.844742
vt -53.226761 -69.954643
vt -52.839138 -71.167633
vt -53.250957 -70.237968
vt -52.839138 -70.884308
vt -50.710285 -70.991409
vt -53.316372 -70.256241
vt -55.334126 -72.619423
vt -55.338390 -71.458206
vt -55.301975 -71.401154
vt -53.042171 -72.481445
vt -54.600479 -75.178246
vt -53.548828 -73.780632
vt -54.061840 -72.481445
vt -55.620148 -75.178246
vt -52.447357 -73.780632
vt -53.042171 -71.461777
vt -54.568497 -73.780632
vt -52.488258 -73.780632
vt -54.061840 -71.461777
vt -53.507927 -73.780632
vt -51.427689 -73.780632
vt -52.689434 -70.637772
vt -51.176773 -75.178253
vt -51.069714 -75.178246
vt -52.807823 -70.547760
vt -50.821831 -73.952911
vt -52.830017 -70.430161
vt -50.939430 -73.952911
vt -51.029961 -73.952911
vt -52.755714 -70.305634
vt -50.830956 -73.932610
vt -52.579056 -70.275391
vt -50.654297 -73.932610
vt -50.554665 -73.932610
vt -52.465492 -70.366974
vt -51.105965 -73.932610
vt -51.386787 -75.178246
vt -52.455696 -70.506050
vt -50.966888 -73.932610
vt -52.545021 -70.624695
vt -51.321186 -75.178246
vt -51.088783 -73.952911
vt -50.800747 -75.178246
vt -55.137070 -71.283722
vt -50.890396 -75.178246
vt -55.244202 -71.334389
vt -51.013287 -75.178246
vt -50.845001 -72.707275
vt -55.385014 -71.291183
vt -50.714607 -72.707275
vt -55.456211 -71.145660
vt -50.581696 -72.707275
vt -51.132153 -72.707275
vt -55.408043 -71.012749
vt -50.923916 -72.707275
vt -51.359745 -73.952911
vt -55.158249 -70.993332
vt -51.220730 -73.952911
vt -55.080635 -71.151772
vt -55.582272 -71.304230
vt -54.616245 -70.985252
vt -52.847336 -70.233688
vt -55.596745 -71.401855
vt -54.707424 -70.922890
vt -52.847336 -70.166336
vt -54.791870 -70.910202
vt -52.847336 -70.091682
vt -54.893867 -70.935150
vt -55.529987 -71.041107
vt -52.847336 -69.981476
vt -54.941109 -71.314857
vt -52.878536 -69.949677
vt -55.529987 -71.405289
vt -54.697861 -71.323387
vt -54.276951 -70.327484
vt -54.300880 -70.274055
vt -54.365540 -70.294899
vt -54.335220 -70.361954
vt -54.863636 -71.069313
vt -54.644352 -70.314545
vt -54.803585 -71.064316
vt -54.774734 -71.040359
vt -54.637299 -70.360245
vt -54.758339 -71.071465
vt -54.724308 -71.104126
vt -54.604401 -70.393723
vt -54.692909 -71.156418
vt -54.747414 -71.204185
vt -54.505215 -70.376610
vt -54.806042 -71.238647
vt -54.515720 -70.272606
vt -54.845612 -71.192642
vt -54.557571 -70.251358
vt -54.869514 -71.148026
vt -55.596745 -71.268188
vt -55.515518 -71.168892
vt -54.986294 -71.013763
vt -55.529987 -71.094559
vt -55.529987 -71.204910
vt -55.539364 -70.884979
vt -55.473759 -71.077583
vt -54.996357 -71.212898
vt -55.518318 -71.278305
vt -53.005150 -70.049278
vt -55.310112 -70.918045
vt -54.829224 -71.374939
vt -52.878536 -70.054329
vt -54.677345 -71.348724
vt -55.596745 -71.041107
vt -52.878540 -70.206207
vt -54.578293 -71.227051
vt -55.593025 -71.148773
vt -55.512665 -70.848198
vt -52.407707 -70.704285
vt -55.512665 -70.702599
vt -52.407707 -70.563522
vt -52.952377 -69.984245
vt -55.512665 -70.613068
vt -52.407707 -70.476952
vt -53.290230 -69.985809
vt -52.952381 -70.091988
vt -53.290230 -70.089981
vt -52.348236 -70.865479
vt -55.583042 -71.014915
vt -52.952381 -70.203339
vt -53.290230 -70.197632
vt -55.583042 -70.931786
vt -52.348236 -70.785095
vt -55.583042 -70.776108
vt -52.348236 -70.634598
vt -53.363113 -70.231117
vt -52.983585 -70.237968
vt -55.583038 -70.645638
vt -52.348236 -70.508446
vt -52.983585 -70.135262
vt -53.363113 -70.131821
vt -52.407707 -70.865479
vt -55.512665 -71.014915
vt -52.983585 -69.978729
vt -53.363113 -69.980469
vt -55.512665 -70.959969
vt -52.407707 -70.812355
vt -55.540264 -70.779724
vt -55.479179 -71.176682
vt -52.930820 -69.952911
vt -55.537590 -70.653229
vt -55.429924 -71.302155
vt -52.930820 -70.053131
vt -55.306183 -71.367294
vt -55.604603 -71.005409
vt -52.930820 -70.196808
vt -55.167042 -71.346718
vt -55.610222 -70.916298
vt -55.073673 -71.244324
vt -55.610298 -70.779427
vt -55.058014 -71.111572
vt -53.005150 -70.231064
vt -55.607727 -70.650520
vt -55.109718 -70.983948
vt -53.005150 -70.165100
vt -55.197266 -70.924774
vt -51.047226 -72.707275
vt -55.297684 -70.954300
vt -53.005150 -69.952911
vt -55.537350 -70.977478
vt -55.427425 -70.983932
vt -54.947536 -71.026161
vt -54.878067 -70.969704
vt -54.763481 -70.951294
vt -54.657299 -71.004883
vt -54.603966 -71.109619
vt -54.622566 -71.225731
vt -54.678810 -71.294876
vt -54.762291 -71.327164
vt -54.878399 -71.308578
vt -54.960690 -71.226761
vt -54.979919 -71.110870
vt -54.516174 -70.222519
vt -55.303230 -70.417038
vt -55.225498 -70.094368
vt -55.303230 -70.315643
vt -54.616207 -70.230484
vt -54.417713 -70.302734
vt -55.227428 -70.349297
vt -54.364296 -70.237228
vt -55.227428 -70.297058
vt -55.225498 -70.145760
vt -54.675507 -70.307991
vt -55.225494 -70.219627
vt -55.410229 -70.459435
vt -54.667946 -70.383614
vt -54.274090 -70.242264
vt -55.334431 -70.429680
vt -54.619675 -70.431664
vt -55.410229 -70.414200
vt -54.238739 -70.330154
vt -55.334431 -70.351021
vt -55.410225 -70.342461
vt -54.551304 -70.437195
vt -54.468285 -70.372292
vt -55.410229 -70.281677
vt -55.192944 -70.186752
vt -55.334431 -70.287598
vt -54.312737 -70.404907
vt -55.303230 -70.459435
vt -55.192944 -70.093559
vt -54.476242 -70.284607
vt -54.398499 -70.372185
vt -55.227428 -70.418747
vt -54.400501 -70.214417
vt -55.253323 -70.088989
vt -55.274590 -70.274872
vt -55.254456 -70.144722
vt -54.344772 -70.193138
vt -55.253525 -70.221436
vt -55.381721 -70.466919
vt -54.268188 -70.205650
vt -55.380764 -70.438667
vt -55.382206 -70.382996
vt -55.381832 -70.307404
vt -54.250992 -70.420197
vt -55.165085 -70.221405
vt -55.382374 -70.260841
vt -54.305817 -70.441330
vt -55.164162 -70.166519
vt -55.164860 -70.107239
vt -54.365047 -70.438263
vt -55.275024 -70.453636
vt -55.164749 -70.071686
vt -54.400501 -70.420197
vt -55.273186 -70.403236
vt -55.275215 -70.344528
vt -54.851406 -71.094635
vt -54.613930 -70.266876
vt -54.720795 -71.161507
vt -54.547115 -70.397385
vt -54.792747 -71.213631
vt -54.495033 -70.325485
vt -54.882011 -71.183548
vt -51.474136 -70.139877
vt -51.540680 -70.108559
vt -51.481232 -70.068039
vt -51.463821 -70.212265
vt -51.527176 -70.213272
vt -51.551907 -70.166977
vt -51.421288 -70.073174
vt -51.476906 -70.272240
vt -51.396008 -70.152023
vt -51.383423 -70.216911
vt -51.568840 -70.243149
vt -51.604778 -70.171921
vt -51.562969 -70.070312
vt -51.342232 -70.221085
vt -51.623402 -70.130669
vt -51.496174 -70.008301
vt -51.344406 -70.090576
vt -53.394314 -70.208611
vt -55.466335 -70.467995
vt -53.813507 -70.383629
vt -55.466335 -70.419464
vt -53.813507 -70.438354
vt -55.355057 -70.223389
vt -55.466335 -70.263344
vt -53.450424 -69.968338
vt -55.355061 -70.043701
vt -53.870918 -70.195435
vt -53.450420 -70.036789
vt -53.870918 -70.255707
vt -53.450424 -70.112526
vt -53.870918 -70.336113
vt -50.747139 -70.256447
vt -55.497540 -70.365669
vt -55.321800 -70.114487
vt -53.394310 -70.012527
vt -53.813507 -70.210167
vt -53.394314 -70.112534
vt -53.813507 -70.285606
vt -50.829178 -70.535225
vt -53.787296 -70.377876
vt -52.736977 -70.146248
vt -53.844704 -70.327591
vt -51.153782 -70.447266
vt -52.768181 -70.118546
vt -53.756092 -70.381516
vt -52.710106 -70.214561
vt -55.138153 -70.458008
vt -55.506695 -70.243042
vt -53.671623 -70.422668
vt -55.559361 -70.161575
vt -55.553642 -70.490440
vt -53.703144 -70.291313
vt -51.269398 -70.106255
vt -51.080376 -69.934120
vt -55.417759 -70.166252
vt -55.578545 -70.421188
vt -53.562630 -70.170113
vt -51.900257 -70.165161
vt -53.562630 -70.376038
vt -51.969719 -70.391571
vt -51.703575 -70.380226
vt -53.562630 -70.206345
vt -51.962849 -70.214890
vt -51.858360 -70.456459
vt -54.200268 -70.434387
vt -51.851822 -70.188110
vt -51.954628 -70.288483
vt -54.200268 -70.334061
vt -51.920807 -70.392044
vt -54.200268 -70.230606
vt -51.854637 -70.425613
vt -54.200268 -70.196953
vt -54.200268 -70.208618
vt -51.781219 -70.414169
vt -51.725262 -70.267838
vt -54.200272 -70.354698
vt -54.047989 -70.211807
vt -54.104019 -70.241669
vt -54.133926 -70.298622
vt -54.032539 -70.412155
vt -53.959705 -70.375168
vt -54.112217 -70.365784
vt -53.990837 -70.267822
vt -54.058872 -70.259224
vt -54.055752 -70.370949
vt -53.990250 -70.326660
vt -54.062370 -70.308868
vt -53.419216 -70.120590
vt -51.318321 -70.182182
vt -53.419216 -70.208328
vt -55.441433 -70.461929
vt -51.369659 -70.271698
vt -51.452824 -70.306717
vt -55.441433 -70.390945
vt -55.466335 -70.334366
vt -55.355061 -70.089241
vt -53.475323 -69.958092
vt -51.541504 -70.294930
vt -55.441437 -70.296432
vt -51.609859 -70.238945
vt -53.475323 -69.994324
vt -53.475323 -70.069946
vt -51.637680 -70.173599
vt -53.475323 -70.164017
vt -51.621307 -70.079544
vt -55.321800 -70.043701
vt -50.860443 -70.199440
vt -53.450420 -70.192909
vt -53.870918 -70.420288
vt -55.522442 -70.269409
vt -51.577065 -70.033783
vt -53.475323 -70.223083
vt -50.806831 -70.246277
vt -53.450420 -70.231422
vt -55.497540 -70.287582
vt -51.498730 -69.992615
vt -55.522442 -70.344116
vt -53.813507 -70.174026
vt -55.497540 -70.443756
vt -53.394314 -69.949753
vt -55.321800 -70.212997
vt -51.406864 -70.016495
vt -55.522446 -70.439125
vt -53.419216 -69.958092
vt -51.333061 -70.079521
vt -53.419216 -70.017136
vt -51.355259 -70.690247
vt -52.710110 -70.146896
vt -53.671661 -70.339798
vt -52.736977 -70.220512
vt -50.864674 -70.598930
vt -55.111286 -70.456772
vt -55.138153 -70.406906
vt -55.506607 -70.173492
vt -50.939323 -70.633911
vt -53.787296 -70.443443
vt -55.381271 -70.215836
vt -55.111286 -70.378296
vt -55.506779 -70.089005
vt -55.138153 -70.321854
vt -55.381271 -70.113480
vt -55.111286 -70.294266
vt -55.506817 -70.041122
vt -53.755932 -70.175217
vt -55.138153 -70.242508
vt -52.768181 -69.941940
vt -55.111286 -70.243744
vt -55.381271 -70.040001
vt -53.844711 -70.184265
vt -52.795052 -69.963669
vt -52.768181 -70.012779
vt -53.755936 -70.264984
vt -53.844707 -70.253761
vt -52.795052 -70.062241
vt -51.165634 -70.494537
vt -53.844707 -70.405914
vt -52.795052 -70.171547
vt -51.147121 -70.387520
vt -55.470249 -70.037529
vt -52.768181 -70.218277
vt -55.169357 -70.242508
vt -53.755863 -70.443428
vt -52.795052 -70.236847
vt -53.844707 -70.443443
vt -55.295589 -70.063629
vt -55.196228 -70.269012
vt -55.470375 -70.105576
vt -55.169357 -70.321976
vt -55.295589 -70.165924
vt -55.196228 -70.378273
vt -53.671810 -70.165512
vt -55.169357 -70.406906
vt -55.470478 -70.215500
vt -51.497719 -70.658417
vt -55.169357 -70.458008
vt -52.710114 -69.962212
vt -53.671810 -70.227463
vt -53.787292 -70.187698
vt -55.295589 -70.239449
vt -55.196228 -70.456772
vt -52.736977 -69.963699
vt -51.425278 -70.698380
vt -52.710106 -70.056755
vt -53.787292 -70.275131
vt -52.736977 -70.067451
vt -53.618923 -70.342239
vt -53.531425 -70.164146
vt -53.506527 -70.208328
vt -55.578545 -70.586700
vt -51.728397 -70.188393
vt -55.559685 -70.238106
vt -53.531425 -70.231422
vt -53.618732 -70.421928
vt -55.553642 -70.568520
vt -55.578545 -70.515701
vt -51.808685 -70.154129
vt -55.559685 -70.068832
vt -53.703014 -70.172318
vt -55.553638 -70.408386
vt -53.587528 -70.161766
vt -53.703197 -70.208427
vt -53.587528 -70.223663
vt -51.256817 -70.175392
vt -53.562630 -70.281975
vt -51.993587 -70.284729
vt -53.703186 -70.354973
vt -53.587528 -70.324539
vt -51.277485 -70.068817
vt -53.703442 -70.400566
vt -53.587528 -70.404930
vt -55.595245 -70.192085
vt -53.562630 -70.435097
vt -51.909325 -70.451263
vt -53.703014 -70.436646
vt -55.417397 -70.065247
vt -53.587528 -70.443443
vt -51.183449 -69.945221
vt -55.620148 -70.187439
vt -55.595245 -70.290802
vt -51.795097 -70.457970
vt -51.081253 -69.923256
vt -55.620148 -70.292358
vt -53.506531 -69.975853
vt -55.595245 -70.361755
vt -51.721901 -70.421860
vt -55.620148 -70.367813
vt -50.992680 -69.976486
vt -55.417652 -70.234543
vt -53.618904 -70.189575
vt -53.531425 -69.969009
vt -53.506527 -70.039978
vt -51.681229 -70.338524
vt -53.618992 -70.253975
vt -53.531425 -70.058723
vt -53.506527 -70.120590
vt -51.685329 -70.264145
vt -53.911858 -70.278038
vt -54.191399 -70.351822
vt -53.972260 -70.231148
vt -53.970013 -70.202530
vt -51.784649 -70.198601
vt -54.194458 -70.426178
vt -54.191395 -70.435745
vt -54.065033 -70.194107
vt -51.918056 -70.219513
vt -54.143898 -70.254944
vt -54.194397 -70.384399
vt -51.951641 -70.344719
vt -54.157036 -70.334351
vt -54.192368 -70.293579
vt -54.103539 -70.386940
vt -54.101845 -70.416893
vt -54.191399 -70.212959
vt -54.002766 -70.415352
vt -53.987862 -70.431557
vt -54.191399 -70.198296
vt -53.935635 -70.363068
vt -51.727112 -70.357956
vt -53.916481 -70.370064
vt -54.197483 -70.263107
vt -53.928787 -70.297272
vt -52.033592 -70.564499
vt -52.206940 -70.405319
vt -52.372208 -69.978531
vt -55.007935 -70.451759
vt -55.013596 -70.341400
vt -54.773083 -70.337379
vt -52.093975 -70.320435
vt -52.601715 -70.082985
vt -52.119087 -70.401512
vt -52.627281 -70.002098
vt -52.220928 -70.848557
vt -54.940323 -70.285858
vt -52.105980 -70.851021
vt -54.958183 -70.400803
vt -52.015198 -70.788612
vt -52.449207 -70.200050
vt -51.994236 -70.630188
vt -52.389091 -70.041473
vt -55.024841 -70.284081
vt -54.760307 -70.276962
vt -52.042725 -70.192589
vt -55.041927 -70.233101
vt -52.548080 -70.206955
vt -54.742252 -70.223083
vt -52.580746 -70.137558
vt -52.076401 -70.263268
vt -52.306946 -70.144554
vt -54.975639 -70.451744
vt -52.469238 -70.238556
vt -52.050903 -70.829956
vt -54.810532 -70.454132
vt -51.986565 -70.710190
vt -52.415886 -70.121750
vt -51.976578 -70.657333
vt -52.231918 -70.319824
vt -55.006840 -70.399033
vt -52.198990 -70.447701
vt -54.778824 -70.429718
vt -52.114227 -70.351982
vt -52.640751 -69.937897
vt -54.941399 -70.233101
vt -52.275734 -70.824646
vt -54.846714 -70.223083
vt -52.137203 -70.450073
vt -54.946461 -70.343582
vt -52.198872 -70.856644
vt -54.847610 -70.278786
vt -52.131420 -70.861969
vt -54.834980 -70.370026
vt -51.994141 -70.770119
vt -52.275600 -70.207039
vt -51.658516 -70.841965
vt -54.755367 -70.426010
vt -52.230576 -70.452377
vt -52.405239 -69.937897
vt -55.045841 -70.458008
vt -54.743484 -70.312798
vt -51.770279 -70.862190
vt -54.718670 -70.226959
vt -52.079117 -70.197914
vt -51.888283 -70.793892
vt -52.126495 -70.309044
vt -51.921967 -70.669273
vt -52.648087 -70.071686
vt -52.151657 -70.389618
vt -51.907700 -70.602188
vt -51.787369 -70.509445
vt -54.871193 -70.282661
vt -54.902397 -70.292084
vt -54.858482 -70.374298
vt -51.698967 -70.498169
vt -54.920395 -70.407028
vt -54.834114 -70.458008
vt -52.321136 -70.176826
vt -51.614666 -70.524490
vt -52.486984 -70.186417
vt -52.272869 -70.279419
vt -52.426228 -70.027992
vt -52.238953 -70.390221
vt -52.241253 -70.410751
vt -52.412003 -69.978340
vt -51.682507 -70.848557
vt -55.044628 -70.405228
vt -55.058830 -70.309341
vt -51.778458 -70.853500
vt -55.079300 -70.239311
vt -52.587433 -70.217178
vt -51.870354 -70.805847
vt -51.912956 -70.739761
vt -52.618874 -70.151352
vt -54.870296 -70.226959
vt -52.167786 -70.462357
vt -51.858452 -70.547714
vt -52.671383 -69.991806
vt -51.838593 -70.540092
vt -52.678661 -69.951637
vt -54.903492 -70.239349
vt -51.728111 -70.503891
vt -54.908558 -70.349808
vt -51.619957 -70.535400
vt -54.938496 -70.457764
vt -52.506382 -70.225006
vt -52.455925 -70.113632
vt -52.284546 -70.275162
vt -52.386868 -70.710320
vt -55.551071 -71.277008
vt -52.386868 -70.567009
vt -55.551071 -71.128784
vt -52.386868 -70.476532
vt -53.311073 -69.982086
vt -55.551071 -71.035217
vt -52.826252 -69.980103
vt -53.311066 -70.127289
vt -52.826248 -70.130272
vt -53.311069 -70.231422
vt -52.327393 -70.836060
vt -52.826252 -70.237968
vt -55.617821 -71.407051
vt -52.327396 -70.708618
vt -55.617825 -71.275246
vt -52.327393 -70.559586
vt -55.617821 -71.121109
vt -52.327396 -70.476532
vt -53.342270 -70.191681
vt -55.617825 -71.035217
vt -52.899620 -70.196869
vt -53.342270 -70.052795
vt -52.899620 -70.053223
vt -52.386868 -70.841270
vt -53.342270 -69.948532
vt -52.899620 -69.945396
vt -55.551071 -71.412445
vt -55.620148 -73.780640
vt -52.447357 -75.178246
vt -54.600479 -73.780640
vt -53.548828 -75.178246
vt -54.568497 -75.178246
vt -52.488258 -75.178246
vt -53.507927 -75.178246
vt -51.427689 -75.178246
vt -55.334126 -73.760338
vt -55.365326 -73.760338
vt -54.161060 -71.401154
vt -55.211948 -73.760338
vt -55.487503 -73.760338
vt -52.981548 -72.542068
vt -55.211948 -72.619423
vt -55.460567 -71.458206
vt -54.122463 -72.542068
vt -55.365326 -72.619423
vt -55.497971 -72.599121
vt -54.161064 -72.542068
vt -55.487503 -72.619423
vt -55.620148 -72.599121
vt -52.981548 -71.401161
vt -55.497971 -71.458206
vt -55.338390 -72.599121
vt -55.301975 -72.542068
vt -55.620148 -71.458206
vt -55.460567 -72.599121
vt -54.122463 -71.401161
vt -53.567150 -73.046631
vt -55.546310 -75.078423
vt -52.837566 -72.550461
vt -53.622665 -73.880455
vt -52.649136 -72.050613
vt -52.562096 -73.880455
vt -53.015949 -72.050613
vt -51.501526 -73.880455
vt -53.205990 -73.046631
vt -54.674316 -75.078423
vt -53.205990 -72.550461
vt -54.674316 -73.880455
vt -53.567150 -72.550461
vt -55.546310 -73.880455
vt -53.198723 -72.550461
vt -54.494659 -73.880455
vt -53.198723 -73.046631
vt -54.494659 -75.078423
vt -52.837566 -73.046631
vt -53.622665 -75.078423
vt -53.010296 -72.050613
vt -53.434090 -73.880455
vt -53.010296 -72.546783
vt -53.434090 -75.078423
vt -52.649136 -72.546783
vt -52.562096 -75.078423
vt -53.377110 -72.050613
vt -52.373520 -73.880455
vt -53.377110 -72.546783
vt -52.373520 -75.078423
vt -53.015949 -72.546783
vt -51.501526 -75.078423
s 1
usemtl lambert2
f 1008/2577/1174 1007/2574/1174 1006/2571/1174 1009/2580/1174
f 1017/2605/1175 1015/2599/1176 1002/2559/1177
f 1019/2612/1178 1020/2616/1179 1005/2568/1180
f 1020/2617/1179 1021/2619/1181 1005/2569/1182
f 1035/2658/1183 1028/2640/1184 1027/2639/1185
f 1036/2661/1186 1029/2644/1187 1028/2642/1184
f 1037/2663/1188 1030/2645/1189 1029/2644/1187
f 1038/2666/1190 1031/2649/1191 1030/2647/1189
f 1031/2649/1191 1039/2668/1192 1032/2650/1193
f 1090/2778/1194 1033/2655/1195 1032/2652/1193
f 1040/2672/1196 1034/2657/1197 1033/2653/1195
f 1041/2674/1198 1027/2639/1185 1034/2657/1197
f 1028/2641/1199 1033/2654/1195 1027/2638/1199
f 1029/2643/1199 1033/2654/1195 1028/2641/1199
f 1030/2646/1199 1033/2654/1195 1029/2643/1199
f 1031/2648/1199 1033/2654/1195 1030/2646/1199
f 1032/2651/1193 1033/2654/1195 1031/2648/1199
f 1027/2638/1199 1033/2654/1195 1034/2656/1197
f 1050/2693/1200 1049/2692/1201 1051/2694/1202
f 1051/2694/1202 1049/2692/1201 1048/2691/1203
f 1084/2764/1204 1073/2733/1205 1083/2761/1206
f 1083/2762/1206 1072/2731/1207 1082/2759/1208
f 1071/2729/1209 1065/2716/1210 1082/2759/1208
f 1080/2755/1211 1067/2720/1212 1091/2780/1213
f 1079/2751/1214 1089/2776/1215 1067/2720/1212
f 1095/2786/1216 1043/2680/1217 1042/2677/1218
f 1094/2785/1219 1044/2682/1220 1043/2680/1217
f 1063/2713/1221 1102/2793/1222 1066/2718/1223
f 1046/2687/1224 1099/2790/1225 1047/2690/1226
f 1097/2788/1227 1070/2727/1228 1047/2690/1226
f 1070/2727/1228 1096/2787/1229 1042/2677/1218
f 1052/2695/1230 1092/2783/1231 1093/2784/1232
f 1056/2701/1233 1095/2786/1216 1096/2787/1229
f 1097/2788/1227 1057/2703/1234 1096/2787/1229
f 1059/2706/1235 1099/2790/1225 1100/2791/1236
f 1120/2834/1237 1108/2806/1238 1110/2811/1239
f 1121/2835/1240 1110/2811/1239 1112/2814/1241
f 1122/2836/1242 1112/2814/1241 1113/2817/1243
f 1103/2795/1244 1126/2844/1245 1115/2821/1246
f 1041/2675/1247 1086/2770/1248 1035/2660/1249
f 1035/2660/1249 1085/2768/1250 1036/2662/1251
f 1036/2662/1251 1084/2765/1204 1037/2665/1252
f 1064/2715/1253 1063/2712/1221 1066/2719/1223
f 1068/2722/1254 1046/2687/1224 1047/2690/1226
f 1062/2711/1255 1070/2728/1228 1042/2676/1218
f 1296/3229/1256 1074/2738/1257 1075/2742/1258
f 1076/2744/1259 1297/3232/1260 1075/2739/1258
f 1077/2746/1261 1298/3235/1262 1076/2744/1259
f 1078/2750/1263 1299/3237/1264 1077/2746/1261
f 1079/2752/1214 1300/3240/1265 1078/2747/1263
f 1080/2756/1211 1301/3243/1266 1079/2752/1214
f 1302/3245/1267 1080/2753/1211 1081/2758/1268
f 1067/2721/1212 1089/2777/1215 1090/2779/1194
f 1104/2798/1269 1060/2707/1270 1061/2709/1271
f 1051/2694/1202 1116/2824/1272 1050/2693/1200
f 1104/2798/1269 1061/2709/1271 1129/2850/1273
f 1053/2696/1274 1107/2804/1275 1129/2850/1273
f 1050/2693/1200 1106/2801/1276 1049/2692/1201
f 1055/2699/1277 1107/2804/1275 1053/2696/1274
f 1056/2702/1233 1108/2807/1238 1055/2699/1277
f 1130/2852/1278 1112/2815/1241 1056/2702/1233
f 1060/2707/1270 1115/2823/1246 1131/2854/1279
f 1106/2801/1280 1117/2826/1281 1118/2830/1282
f 1120/2834/1237 1109/2809/1283 1119/2832/1284
f 1122/2836/1242 1111/2813/1285 1121/2835/1240
f 1124/2840/1286 1114/2820/1287 1123/2837/1288
f 1125/2843/1289 1114/2820/1287 1124/2840/1286
f 1127/2847/1290 1116/2825/1291 1126/2844/1245
f 1052/2695/1230 1129/2849/1273 1061/2710/1271
f 1053/2697/1274 1129/2849/1273 1052/2695/1230
f 1130/2851/1278 1056/2701/1233 1057/2703/1234
f 1130/2851/1278 1057/2703/1234 1058/2704/1292
f 1059/2706/1235 1131/2853/1279 1058/2704/1292
f 1060/2708/1270 1131/2853/1279 1059/2706/1235
f 1103/2794/1244 1115/2823/1246 1104/2798/1269
f 1110/2810/1239 1108/2807/1238 1112/2815/1241
f 1113/2816/1243 1112/2815/1241 1058/2705/1292
f 1113/2816/1243 1058/2705/1292 1115/2823/1246
f 1064/2715/1253 1293/3222/1293 1294/3224/1294
f 1141/2864/1295 1136/2859/1296 1133/2856/1297
f 1136/2859/1296 1137/2860/1298 1133/2856/1297
f 1142/2865/1299 1136/2859/1296 1141/2864/1295
f 1139/2862/1300 1141/2864/1295 1133/2856/1297
f 1136/2859/1296 1140/2863/1301 1137/2860/1298
f 1145/2868/1302 1148/2871/1303 1135/2858/1304
f 1149/2872/1305 1141/2864/1295 1139/2862/1300
f 1188/2947/1306 1140/2863/1301 1142/2865/1299
f 1196/2966/1307 1148/2871/1303 1145/2868/1302
f 1200/2977/1308 1149/2872/1305 1139/2862/1300
f 1187/2944/1309 1142/2865/1299 1141/2864/1295
f 1146/2869/1310 1188/2947/1306 1142/2865/1299
f 1188/2947/1306 1189/2948/1311 1140/2863/1301
f 1189/2948/1311 1191/2953/1312 1140/2863/1301
f 1143/2866/1313 1192/2955/1314 1144/2867/1315
f 1147/2870/1316 1196/2966/1307 1145/2868/1302
f 1187/2944/1309 1146/2869/1310 1142/2865/1299
f 1190/2950/1317 1191/2954/1312 1189/2949/1311
f 1152/2880/1318 1192/2956/1314 1191/2952/1312
f 1192/2956/1314 1153/2883/1319 1193/2957/1320
f 1193/2957/1320 1154/2885/1321 1194/2959/1322
f 1195/2963/1323 1196/2967/1307 1194/2959/1322
f 1196/2965/1307 1197/2970/1324 1198/2972/1325
f 1207/2996/1326 1190/2951/1317 1151/2878/1327
f 1153/2884/1319 1159/2897/1328 1154/2886/1321
f 1154/2886/1321 1212/3011/1329 1195/2964/1323
f 1214/3020/1330 1155/2889/1331 1195/2961/1323
f 1155/2889/1331 1216/3024/1332 1199/2976/1333
f 1219/3033/1334 1156/2891/1335 1199/2973/1333
f 1158/2896/1336 1161/2901/1337 1203/2985/1338
f 1203/2987/1338 1204/2988/1339 1205/2993/1340
f 1206/2995/1341 1207/2997/1326 1205/2993/1340
f 1207/2997/1326 1208/3000/1342 1209/3002/1343
f 1210/3006/1344 1211/3009/1345 1209/3005/1343
f 1211/3009/1345 1160/2899/1346 1212/3012/1329
f 1213/3015/1347 1214/3018/1330 1212/3012/1329
f 1214/3021/1330 1215/3023/1348 1216/3025/1332
f 1221/3040/1349 1202/2983/1350 1158/2896/1336
f 1162/2905/1351 1206/2994/1341 1204/2989/1339
f 1227/3056/1352 1210/3007/1344 1208/2999/1342
f 1215/3022/1348 1164/2910/1353 1217/3028/1354
f 1236/3084/1355 1218/3032/1356 1217/3026/1354
f 1224/3046/1357 1162/2905/1351 1161/2903/1337
f 1162/2905/1351 1226/3052/1358 1206/2994/1341
f 1226/3052/1358 1208/2998/1342 1206/2994/1341
f 1226/3053/1358 1227/3056/1352 1208/2999/1342
f 1230/3064/1359 1232/3069/1360 1213/3017/1347
f 1213/3014/1347 1232/3070/1360 1215/3022/1348
f 1232/3070/1360 1164/2910/1353 1215/3022/1348
f 1223/3043/1361 1224/3047/1357 1222/3042/1362
f 1224/3049/1357 1225/3050/1363 1162/2906/1351
f 1226/3055/1358 1168/2917/1364 1227/3057/1352
f 1228/3059/1365 1229/3062/1366 1227/3057/1352
f 1166/2914/1367 1230/3065/1359 1229/3062/1366
f 1230/3065/1359 1231/3067/1368 1232/3071/1360
f 1234/3077/1369 1235/3079/1370 1236/3081/1355
f 1239/3090/1371 1222/3042/1362 1238/3089/1372
f 1244/3100/1373 1168/2918/1364 1165/2913/1374
f 1169/2919/1375 1174/2929/1376 1233/3075/1377
f 1223/3045/1361 1242/3096/1378 1225/3051/1363
f 1242/3096/1378 1170/2921/1379 1225/3051/1363
f 1170/2921/1379 1244/3100/1373 1165/2913/1374
f 1244/3100/1373 1171/2922/1380 1168/2918/1364
f 1172/2924/1381 1173/2926/1382 1169/2919/1375
f 1173/2926/1382 1174/2929/1376 1169/2919/1375
f 1174/2929/1376 1251/3113/1383 1167/2916/1384
f 1251/3113/1383 1175/2930/1385 1237/3087/1386
f 1237/3087/1386 1175/2930/1385 1239/3091/1371
f 1241/3094/1387 1242/3095/1378 1240/3092/1388
f 1241/3094/1387 1243/3099/1389 1242/3095/1378
f 1177/2933/1390 1244/3101/1373 1243/3099/1389
f 1244/3101/1373 1178/2934/1391 1245/3104/1392
f 1246/3106/1393 1247/3107/1394 1245/3104/1392
f 1250/3112/1395 1240/3092/1388 1251/3114/1383
f 1183/2939/1396 1177/2933/1390 1176/2932/1397
f 1184/2940/1398 1179/2935/1399 1181/2937/1400
f 1185/2941/1401 1252/3116/1402 1180/2936/1403
f 1182/2938/1404 1186/2942/1405 1183/2939/1396
f 1193/2958/1320 1147/2870/1316 1192/2955/1314
f 1194/2960/1322 1196/2966/1307 1147/2870/1316
f 1196/2966/1307 1198/2971/1325 1148/2871/1303
f 1155/2887/1331 1197/2968/1324 1195/2962/1323
f 1198/2971/1325 1200/2977/1308 1148/2871/1303
f 1200/2977/1308 1201/2980/1406 1149/2872/1305
f 1201/2980/1406 1187/2944/1309 1149/2872/1305
f 1203/2986/1338 1205/2990/1340 1158/2894/1336
f 1220/3037/1407 1218/3029/1356 1202/2982/1350
f 1231/3068/1368 1166/2915/1367 1169/2919/1375
f 1232/3072/1360 1234/3076/1369 1164/2909/1353
f 1234/3076/1369 1236/3082/1355 1164/2909/1353
f 1235/3080/1370 1233/3075/1377 1167/2916/1384
f 1242/3097/1378 1243/3098/1389 1170/2920/1379
f 1170/2920/1379 1243/3098/1389 1244/3102/1373
f 1247/3108/1408 1173/2927/1382 1172/2925/1381
f 1246/3106/1409 1181/2937/1400 1179/2935/1399
f 1173/2927/1382 1249/3111/1410 1174/2928/1376
f 1180/2936/1403 1248/3109/1411 1179/2935/1399
f 1249/3111/1410 1251/3115/1383 1174/2928/1376
f 1252/3116/1402 1250/3112/1395 1180/2936/1403
f 1253/3119/1412 1260/3134/1413 1283/3197/1414
f 1254/3121/1415 1267/3152/1416 1284/3199/1417
f 1261/3135/1418 1254/3121/1415 1285/3200/1419
f 1255/3124/1420 1263/3141/1421 1287/3206/1422
f 1269/3156/1423 1256/3126/1424 1289/3212/1425
f 1270/3161/1426 1257/3128/1427 1290/3215/1428
f 1258/3130/1429 1270/3161/1426 1290/3215/1428
f 1265/3149/1430 1259/3132/1431 1292/3219/1432
f 1253/3117/1412 1266/3150/1433 1260/3133/1413
f 1268/3155/1434 1255/3123/1420 1256/3125/1424
f 1271/3164/1435 1270/3162/1426 1258/3129/1429
f 1265/3148/1430 1272/3166/1436 1259/3131/1431
f 1266/3150/1433 1265/3148/1430 1260/3133/1413
f 1253/3118/1412 1282/3195/1437 1266/3151/1433
f 1261/3136/1418 1274/3173/1438 1254/3122/1415
f 1263/3142/1421 1275/3176/1439 1262/3137/1440
f 1277/3181/1441 1268/3155/1442 1269/3160/1443
f 1272/3167/1444 1280/3190/1445 1264/3143/1446
f 1266/3151/1433 1281/3193/1447 1272/3167/1444
f 1274/3174/1448 1284/3198/1417 1273/3168/1449
f 1275/3177/1450 1285/3201/1419 1274/3174/1448
f 1276/3179/1451 1287/3205/1422 1275/3177/1450
f 1278/3183/1452 1289/3211/1425 1288/3209/1453
f 1290/3214/1428 1278/3183/1452 1279/3187/1454
f 1292/3220/1432 1280/3190/1445 1281/3193/1447
f 1283/3197/1414 1260/3134/1413 1282/3194/1437
f 1254/3121/1415 1284/3199/1417 1285/3200/1419
f 1288/3210/1453 1256/3126/1424 1276/3180/1451
f 1258/3130/1429 1290/3215/1428 1279/3188/1454
f 1292/3219/1432 1259/3132/1431 1280/3192/1445
f 983/2509/1455 988/2522/1456 985/2515/1457 984/2512/1458
f 1011/2586/1459 1010/2583/1459 1013/2593/1459 1012/2589/1459
f 1016/2602/1460 1014/2596/1460 1015/2600/1176 1017/2606/1175
f 1020/2618/1179 1019/2613/1178 1018/2609/1461 1021/2620/1181
f 987/2520/1462 986/2518/1463 988/2523/1456 983/2510/1455
f 989/2525/1464 987/2521/1465 983/2511/1455 984/2513/1458
f 990/2527/1466 989/2526/1467 984/2514/1458 985/2516/1457
f 986/2519/1468 990/2528/1469 985/2517/1457 988/2524/1456
f 993/2533/1470 980/2501/1471 986/2518/1463 987/2520/1462
f 989/2525/1464 992/2532/1472 993/2534/1473 987/2521/1465
f 990/2527/1466 991/2529/1474 992/2531/1475 989/2526/1467
f 980/2502/1476 991/2530/1477 990/2528/1469 986/2519/1468
f 1307/3257/1478 1022/2623/1479 1309/3263/1480 1308/3260/1480
f 1310/3266/1481 1307/3258/1478 1308/3261/1482 1311/3269/1482
f 1312/3272/1483 1310/3267/1481 1311/3270/1484 1313/3275/1484
f 1022/2624/1479 1312/3273/1483 1313/3276/1485 1309/3264/1485
f 979/2498/1486 978/2495/1487 994/2535/1488 995/2538/1489
f 993/2533/1470 979/2498/1486 995/2538/1489 996/2541/1490
f 997/2544/1491 980/2501/1471 993/2533/1470 996/2541/1490
f 994/2535/1488 978/2495/1487 980/2501/1471 997/2544/1491
f 992/2531/1475 991/2529/1474 998/2547/1492 999/2550/1493
f 1012/2590/1494 982/2506/1495 992/2531/1475 999/2550/1493
f 1000/2553/1496 981/2503/1497 982/2506/1495 1012/2590/1494
f 991/2529/1474 981/2503/1497 1000/2553/1496 998/2547/1492
f 982/2507/1498 979/2499/1499 1002/2560/1500 1001/2556/1501
f 992/2532/1472 982/2507/1498 1001/2556/1501 1003/2562/1502
f 993/2534/1473 992/2532/1472 1003/2562/1502 1017/2607/1503
f 1002/2560/1500 979/2499/1499 993/2534/1473 1017/2607/1503
f 978/2496/1504 981/2504/1505 1004/2565/1506 1019/2614/1507
f 980/2502/1476 978/2496/1504 1019/2614/1507 1005/2570/1508
f 1021/2621/1509 991/2530/1477 980/2502/1476 1005/2570/1508
f 1004/2565/1506 981/2504/1505 991/2530/1477 1021/2621/1509
f 1007/2575/1510 995/2539/1510 994/2536/1510 1006/2572/1510
f 996/2542/1511 995/2540/1511 1007/2576/1511 1008/2578/1511
f 997/2545/1512 996/2543/1512 1008/2579/1512 1009/2581/1512
f 994/2537/1513 997/2546/1513 1009/2582/1513 1006/2573/1513
f 1011/2587/1514 999/2551/1514 998/2548/1514 1010/2584/1514
f 1010/2585/1515 998/2549/1515 1000/2554/1515 1013/2594/1515
f 999/2552/1493 1011/2588/1516 1012/2591/1494
f 1012/2592/1494 1013/2595/1517 1000/2555/1496
f 1014/2597/1518 1001/2557/1518 1002/2561/1518 1015/2601/1518
f 1003/2563/1519 1001/2558/1519 1014/2598/1519 1016/2603/1519
f 1307/3259/1478 982/2508/1520 981/2505/1520 1022/2625/1479
f 1003/2564/1502 1016/2604/1521 1017/2608/1503
f 1004/2566/1506 1018/2610/1522 1019/2615/1507
f 1021/2622/1509 1018/2611/1523 1004/2567/1506
f 1310/3268/1481 979/2500/1520 982/2508/1520 1307/3259/1478
f 978/2497/1520 979/2500/1520 1310/3268/1481 1312/3274/1483
f 1022/2625/1479 981/2505/1520 978/2497/1520 1312/3274/1483
f 1085/2766/1250 1086/2769/1248 1076/2743/1259 1075/2740/1258
f 1041/2674/1198 1035/2658/1183 1027/2639/1185
f 1035/2659/1183 1036/2661/1186 1028/2642/1184
f 1036/2661/1186 1037/2663/1188 1029/2644/1187
f 1037/2664/1188 1038/2666/1190 1030/2647/1189
f 1031/2649/1191 1038/2666/1190 1039/2668/1192
f 1032/2652/1193 1039/2669/1192 1090/2778/1194
f 1033/2655/1195 1090/2778/1194 1040/2671/1196
f 1040/2672/1196 1041/2674/1198 1034/2657/1197
f 1074/2737/1257 1084/2764/1204 1085/2767/1250 1075/2741/1258
f 1081/2757/1268 1091/2781/1213 1065/2716/1210 1071/2729/1209
f 1084/2764/1204 1074/2737/1257 1073/2733/1205
f 1083/2762/1206 1073/2734/1205 1072/2731/1207
f 1072/2731/1207 1071/2729/1209 1082/2759/1208
f 1078/2748/1263 1088/2773/1524 1089/2776/1215 1079/2751/1214
f 1081/2757/1268 1080/2754/1211 1091/2781/1213
f 1080/2755/1211 1079/2751/1214 1067/2720/1212
f 1087/2771/1525 1088/2774/1524 1078/2749/1263 1077/2745/1261
f 1076/2743/1259 1086/2769/1248 1087/2771/1525 1077/2745/1261
f 1093/2784/1232 1045/2684/1526 1044/2682/1220 1094/2785/1219
f 1096/2787/1229 1095/2786/1216 1042/2677/1218
f 1095/2786/1216 1094/2785/1219 1043/2680/1217
f 1063/2713/1221 1045/2684/1526 1093/2784/1232 1092/2783/1231
f 1100/2791/1236 1046/2687/1224 1066/2718/1223 1101/2792/1527
f 1063/2713/1221 1092/2783/1231 1102/2793/1222
f 1066/2718/1223 1102/2793/1222 1101/2792/1527
f 1132/2855/1528 1101/2792/1527 1102/2793/1222 1061/2710/1271
f 1046/2687/1224 1100/2791/1236 1099/2790/1225
f 1099/2790/1225 1098/2789/1529 1047/2690/1226
f 1098/2789/1529 1097/2788/1227 1047/2690/1226
f 1070/2727/1228 1097/2788/1227 1096/2787/1229
f 1061/2710/1271 1102/2793/1222 1092/2783/1231 1052/2695/1230
f 1053/2697/1274 1093/2784/1232 1094/2785/1219 1054/2698/1530
f 1093/2784/1232 1053/2697/1274 1052/2695/1230
f 1054/2698/1530 1094/2785/1219 1095/2786/1216 1055/2700/1277
f 1060/2708/1270 1100/2791/1236 1101/2792/1527 1132/2855/1528
f 1095/2786/1216 1056/2701/1233 1055/2700/1277
f 1096/2787/1229 1057/2703/1234 1056/2701/1233
f 1097/2788/1227 1058/2704/1292 1057/2703/1234
f 1098/2789/1529 1058/2704/1292 1097/2788/1227
f 1099/2790/1225 1058/2704/1292 1098/2789/1529
f 1099/2790/1225 1059/2706/1235 1058/2704/1292
f 1100/2791/1236 1060/2708/1270 1059/2706/1235
f 1103/2795/1244 1104/2797/1269 1128/2848/1531 1127/2847/1290
f 1103/2795/1244 1127/2847/1290 1126/2844/1245
f 1117/2827/1281 1104/2796/1269 1107/2803/1275 1118/2829/1282
f 1117/2828/1281 1128/2848/1531 1104/2797/1269
f 1107/2803/1275 1108/2805/1238 1119/2831/1284 1118/2829/1282
f 1113/2818/1243 1115/2822/1246 1125/2842/1289 1124/2841/1286
f 1120/2834/1237 1119/2832/1284 1108/2806/1238
f 1121/2835/1240 1120/2834/1237 1110/2811/1239
f 1122/2836/1242 1121/2835/1240 1112/2814/1241
f 1123/2839/1288 1122/2836/1242 1113/2817/1243
f 1113/2818/1243 1124/2841/1286 1123/2838/1288
f 1038/2667/1532 1037/2665/1252 1083/2763/1206 1082/2760/1208
f 1115/2822/1246 1126/2845/1245 1125/2842/1289
f 1035/2660/1249 1086/2770/1248 1085/2768/1250
f 1036/2662/1251 1085/2768/1250 1084/2765/1204
f 1037/2665/1252 1084/2765/1204 1083/2763/1206
f 1039/2670/1533 1038/2667/1532 1065/2717/1210 1091/2782/1213
f 1082/2760/1208 1065/2717/1210 1038/2667/1532
f 1090/2779/1194 1039/2670/1533 1091/2782/1213 1067/2721/1212
f 1087/2772/1525 1041/2675/1247 1040/2673/1196 1088/2775/1524
f 1090/2779/1194 1089/2777/1215 1040/2673/1196
f 1047/2690/1226 1069/2724/1534 1068/2722/1254
f 1040/2673/1196 1089/2777/1215 1088/2775/1524
f 1047/2690/1226 1070/2727/1228 1069/2724/1534
f 1293/3221/1293 1071/2730/1209 1072/2732/1207 1294/3223/1294
f 1087/2772/1525 1086/2770/1248 1041/2675/1247
f 1072/2732/1207 1073/2735/1205 1295/3225/1535 1294/3223/1294
f 1295/3226/1535 1073/2736/1205 1074/2738/1257 1296/3229/1256
f 1081/2758/1268 1071/2730/1209 1293/3221/1293 1302/3245/1267
f 1075/2742/1258 1297/3231/1260 1296/3229/1256
f 1076/2744/1259 1298/3235/1262 1297/3232/1260
f 1299/3237/1264 1298/3235/1262 1077/2746/1261
f 1078/2750/1263 1300/3239/1265 1299/3237/1264
f 1079/2752/1214 1301/3243/1266 1300/3240/1265
f 1302/3246/1267 1301/3243/1266 1080/2756/1211
f 1111/2812/1536 1048/2691/1203 1049/2692/1201 1109/2808/1537
f 1104/2798/1269 1115/2823/1246 1060/2707/1270
f 1050/2693/1200 1116/2824/1272 1105/2799/1538
f 1105/2799/1538 1106/2801/1276 1050/2693/1200
f 1107/2804/1275 1104/2798/1269 1129/2850/1273
f 1106/2801/1276 1109/2808/1537 1049/2692/1201
f 1108/2807/1238 1107/2804/1275 1055/2699/1277
f 1056/2702/1233 1112/2815/1241 1108/2807/1238
f 1114/2820/1539 1051/2694/1202 1048/2691/1203 1111/2812/1536
f 1130/2852/1278 1058/2705/1292 1112/2815/1241
f 1118/2830/1282 1119/2833/1284 1109/2808/1283 1106/2801/1280
f 1131/2854/1279 1115/2823/1246 1058/2705/1292
f 1051/2694/1202 1114/2820/1539 1116/2824/1272
f 1120/2834/1237 1121/2835/1240 1111/2813/1285 1109/2809/1283
f 1111/2813/1285 1122/2836/1242 1123/2839/1288 1114/2819/1287
f 1114/2820/1287 1125/2843/1289 1126/2846/1245 1116/2824/1291
f 1127/2847/1290 1128/2848/1531 1105/2800/1540 1116/2825/1291
f 1105/2800/1540 1128/2848/1531 1117/2828/1281 1106/2802/1280
f 1063/2714/1221 1294/3224/1294 1295/3227/1535 1045/2685/1526
f 1055/2700/1277 1053/2697/1274 1054/2698/1530
f 1061/2710/1271 1060/2708/1270 1132/2855/1528
f 1063/2714/1221 1064/2715/1253 1294/3224/1294
f 1295/3228/1535 1296/3230/1256 1044/2683/1220 1045/2686/1526
f 1043/2681/1217 1296/3230/1256 1297/3233/1260 1042/2678/1218
f 1043/2681/1217 1044/2683/1220 1296/3230/1256
f 1042/2679/1218 1297/3234/1260 1298/3236/1262 1062/2711/1255
f 1062/2711/1255 1298/3236/1262 1299/3238/1264 1070/2728/1228
f 1299/3238/1264 1300/3241/1265 1069/2725/1541 1070/2728/1228
f 1300/3242/1265 1301/3244/1266 1068/2723/1254 1069/2726/1541
f 1068/2723/1254 1301/3244/1266 1302/3247/1267 1046/2688/1224
f 1302/3248/1267 1293/3222/1293 1066/2719/1223 1046/2689/1224
f 1138/2861/1542 1137/2860/1298 1143/2866/1313 1144/2867/1315
f 1064/2715/1253 1066/2719/1223 1293/3222/1293
f 1137/2860/1298 1138/2861/1542 1133/2856/1297
f 1133/2856/1297 1138/2861/1542 1134/2857/1543
f 1134/2857/1543 1135/2858/1304 1133/2856/1297
f 1133/2856/1297 1135/2858/1304 1139/2862/1300
f 1134/2857/1543 1145/2868/1302 1135/2858/1304
f 1142/2865/1299 1140/2863/1301 1136/2859/1296
f 1140/2863/1301 1143/2866/1313 1137/2860/1298
f 1147/2870/1316 1134/2857/1543 1138/2861/1542 1144/2867/1315
f 1200/2977/1308 1139/2862/1300 1135/2858/1304 1148/2871/1303
f 1134/2857/1543 1147/2870/1316 1145/2868/1302
f 1140/2863/1301 1191/2953/1312 1143/2866/1313
f 1150/2873/1544 1188/2945/1306 1187/2943/1309 1157/2892/1545
f 1149/2872/1305 1187/2944/1309 1141/2864/1295
f 1143/2866/1313 1191/2953/1312 1192/2955/1314
f 1144/2867/1315 1192/2955/1314 1147/2870/1316
f 1151/2876/1327 1189/2949/1311 1188/2946/1306 1150/2874/1544
f 1199/2974/1333 1200/2978/1308 1198/2972/1325 1155/2888/1331
f 1151/2876/1327 1190/2950/1317 1189/2949/1311
f 1190/2950/1317 1152/2879/1318 1191/2954/1312
f 1192/2956/1314 1152/2880/1318 1153/2883/1319
f 1193/2957/1320 1153/2883/1319 1154/2885/1321
f 1194/2959/1322 1154/2885/1321 1195/2963/1323
f 1195/2963/1323 1197/2969/1324 1196/2967/1307
f 1198/2972/1325 1197/2970/1324 1155/2888/1331
f 1201/2981/1406 1200/2979/1308 1199/2975/1333 1156/2890/1335
f 1157/2892/1545 1187/2943/1309 1201/2981/1406 1156/2890/1335
f 1205/2991/1340 1151/2877/1327 1150/2875/1544 1158/2895/1336
f 1209/3003/1343 1152/2881/1318 1190/2951/1317 1207/2996/1326
f 1205/2992/1340 1207/2996/1326 1151/2878/1327
f 1211/3008/1345 1153/2884/1319 1152/2882/1318 1209/3004/1343
f 1221/3039/1349 1157/2893/1545 1156/2891/1335 1219/3033/1334
f 1153/2884/1319 1211/3008/1345 1159/2897/1328
f 1154/2886/1321 1159/2897/1328 1212/3011/1329
f 1212/3011/1329 1214/3019/1330 1195/2964/1323
f 1155/2889/1331 1214/3020/1330 1216/3024/1332
f 1216/3024/1332 1219/3034/1334 1199/2976/1333
f 1158/2895/1336 1150/2875/1544 1157/2893/1545 1221/3039/1349
f 1219/3035/1334 1216/3025/1332 1217/3027/1354 1218/3030/1356
f 1158/2896/1336 1202/2983/1350 1161/2901/1337
f 1203/2987/1338 1161/2902/1337 1204/2988/1339
f 1204/2988/1339 1206/2995/1341 1205/2993/1340
f 1207/2997/1326 1206/2995/1341 1208/3000/1342
f 1208/3001/1342 1210/3006/1344 1209/3005/1343
f 1210/3006/1344 1160/2899/1346 1211/3009/1345
f 1212/3012/1329 1160/2899/1346 1213/3015/1347
f 1213/3016/1347 1215/3023/1348 1214/3021/1330
f 1216/3025/1332 1215/3023/1348 1217/3027/1354
f 1220/3038/1407 1221/3040/1349 1219/3036/1334 1218/3031/1356
f 1160/2900/1346 1210/3007/1344 1163/2907/1546 1229/3061/1366
f 1221/3040/1349 1220/3038/1407 1202/2983/1350
f 1202/2984/1350 1222/3041/1362 1161/2904/1337
f 1161/2903/1337 1162/2905/1351 1204/2989/1339
f 1165/2911/1374 1226/3054/1358 1162/2906/1351 1225/3050/1363
f 1160/2900/1346 1229/3061/1366 1230/3064/1359
f 1160/2900/1346 1230/3064/1359 1213/3017/1347
f 1164/2910/1353 1236/3083/1355 1217/3028/1354
f 1218/3032/1356 1236/3084/1355 1238/3088/1372
f 1218/3032/1356 1238/3088/1372 1202/2984/1350
f 1222/3041/1362 1224/3048/1357 1161/2904/1337
f 1227/3056/1352 1163/2907/1546 1210/3007/1344
f 1238/3088/1372 1222/3041/1362 1202/2984/1350
f 1239/3090/1371 1223/3043/1361 1222/3042/1362
f 1223/3044/1361 1225/3050/1363 1224/3049/1357
f 1234/3077/1369 1232/3073/1360 1231/3066/1368 1233/3074/1377
f 1226/3055/1358 1165/2912/1374 1168/2917/1364
f 1168/2917/1364 1228/3059/1365 1227/3057/1352
f 1228/3059/1365 1166/2914/1367 1229/3062/1366
f 1230/3065/1359 1166/2914/1367 1231/3067/1368
f 1238/3089/1372 1236/3085/1355 1235/3078/1370 1237/3086/1386
f 1234/3077/1369 1233/3074/1377 1235/3079/1370
f 1166/2915/1367 1228/3060/1365 1171/2922/1380 1245/3103/1547
f 1237/3086/1386 1239/3090/1371 1238/3089/1372
f 1239/3091/1371 1175/2930/1385 1223/3045/1361
f 1225/3051/1363 1170/2921/1379 1165/2913/1374
f 1168/2918/1364 1171/2922/1380 1228/3060/1365
f 1248/3109/1548 1249/3110/1410 1247/3107/1394 1246/3106/1393
f 1245/3103/1547 1172/2924/1381 1166/2915/1367
f 1166/2915/1367 1172/2924/1381 1169/2919/1375
f 1233/3075/1377 1174/2929/1376 1167/2916/1384
f 1167/2916/1384 1251/3113/1383 1237/3087/1386
f 1175/2930/1385 1242/3096/1378 1223/3045/1361
f 1252/3116/1402 1241/3094/1387 1240/3092/1388
f 1241/3094/1387 1176/2932/1397 1243/3099/1389
f 1176/2932/1397 1177/2933/1390 1243/3099/1389
f 1244/3101/1373 1177/2933/1390 1178/2934/1391
f 1178/2934/1391 1246/3106/1393 1245/3104/1392
f 1250/3112/1395 1251/3114/1383 1249/3110/1410 1248/3109/1548
f 1182/2938/1404 1241/3094/1387 1252/3116/1402 1185/2941/1401
f 1250/3112/1395 1252/3116/1402 1240/3092/1388
f 1176/2932/1397 1241/3094/1387 1182/2938/1404 1183/2939/1396
f 1186/2942/1405 1178/2934/1391 1177/2933/1390 1183/2939/1396
f 1285/3200/1419 1286/3202/1549 1262/3138/1440 1261/3135/1418
f 1178/2934/1391 1186/2942/1405 1181/2937/1400
f 1179/2935/1399 1184/2940/1398 1180/2936/1403
f 1186/2942/1405 1184/2940/1398 1181/2937/1400
f 1184/2940/1398 1185/2941/1401 1180/2936/1403
f 1185/2941/1401 1186/2942/1405 1182/2938/1404
f 1184/2940/1398 1186/2942/1405 1185/2941/1401
f 1187/2944/1309 1188/2947/1306 1146/2869/1310
f 1193/2958/1320 1194/2960/1322 1147/2870/1316
f 1211/3010/1345 1212/3013/1329 1159/2898/1328
f 1163/2908/1546 1227/3058/1352 1229/3063/1366
f 1169/2919/1375 1233/3075/1377 1231/3068/1368
f 1237/3087/1386 1235/3080/1370 1167/2916/1384
f 1175/2931/1385 1240/3093/1550 1242/3097/1378
f 1171/2923/1380 1244/3102/1373 1245/3105/1547
f 1181/2937/1400 1246/3106/1409 1178/2934/1391
f 1245/3105/1547 1247/3108/1408 1172/2925/1381
f 1247/3108/1408 1249/3111/1410 1173/2927/1382
f 1248/3109/1411 1246/3106/1409 1179/2935/1399
f 1250/3112/1395 1248/3109/1411 1180/2936/1403
f 1251/3115/1383 1240/3093/1550 1175/2931/1385
f 1284/3199/1417 1267/3152/1416 1253/3120/1412
f 1286/3203/1549 1287/3206/1422 1263/3141/1421 1262/3139/1440
f 1282/3195/1437 1253/3118/1412 1267/3153/1416 1273/3170/1449
f 1257/3128/1427 1269/3157/1423 1289/3213/1425
f 1291/3217/1551 1264/3144/1552 1258/3130/1429
f 1259/3132/1431 1264/3145/1552 1291/3218/1551
f 1255/3123/1420 1268/3155/1434 1263/3142/1421
f 1256/3125/1424 1269/3160/1423 1268/3155/1434
f 1257/3127/1427 1270/3162/1426 1269/3158/1423
f 1264/3146/1552 1271/3164/1435 1258/3129/1429
f 1259/3131/1431 1272/3166/1436 1264/3146/1552
f 1266/3150/1433 1272/3166/1436 1265/3148/1430
f 1273/3169/1449 1267/3154/1416 1254/3122/1415 1274/3173/1438
f 1261/3136/1418 1262/3140/1440 1275/3175/1439 1274/3173/1438
f 1263/3142/1421 1268/3155/1442 1276/3178/1553 1275/3176/1439
f 1269/3159/1443 1270/3163/1426 1278/3184/1554 1288/3207/1555
f 1277/3181/1441 1276/3178/1553 1268/3155/1442
f 1288/3208/1555 1277/3181/1441 1269/3160/1443
f 1270/3163/1426 1271/3165/1435 1279/3186/1454 1278/3184/1554
f 1279/3186/1454 1271/3165/1435 1264/3147/1446 1280/3189/1445
f 1292/3219/1432 1282/3194/1437 1260/3134/1413 1265/3149/1430
f 1272/3167/1444 1281/3193/1447 1280/3190/1445
f 1266/3151/1433 1282/3195/1437 1281/3193/1447
f 1273/3170/1449 1283/3196/1414 1282/3195/1437
f 1274/3174/1448 1285/3201/1419 1284/3198/1417
f 1275/3177/1450 1286/3204/1549 1285/3201/1419
f 1287/3205/1422 1286/3204/1549 1275/3177/1450
f 1277/3182/1441 1288/3209/1555 1276/3179/1553
f 1280/3191/1445 1291/3216/1551 1279/3187/1454
f 1282/3195/1437 1292/3220/1432 1281/3193/1447
f 1273/3171/1449 1253/3119/1412 1283/3197/1414
f 1284/3199/1417 1253/3120/1412 1273/3172/1449
f 1276/3180/1451 1255/3124/1420 1287/3206/1422
f 1276/3180/1451 1256/3126/1424 1255/3124/1420
f 1289/3212/1425 1256/3126/1424 1288/3210/1453
f 1278/3185/1452 1257/3128/1427 1289/3213/1425
f 1290/3215/1428 1257/3128/1427 1278/3185/1452
f 1291/3217/1551 1258/3130/1429 1279/3188/1454
f 1280/3192/1445 1259/3132/1431 1291/3218/1551
f 1318/3286/1556 1314/3278/1557 1320/3290/1558 1319/3288/1559
f 1321/3292/1560 1315/3280/1561 1323/3296/1562 1322/3294/1563
f 1324/3298/1564 1316/3282/1565 1326/3302/1566 1325/3300/1567
f 1327/3304/1568 1317/3284/1569 1329/3308/1570 1328/3306/1571
f 1309/3265/1199 1024/2629/1199 1023/2626/1199 1308/3262/1199
f 1023/2626/1199 1025/2632/1199 1311/3271/1199 1308/3262/1199
f 1025/2632/1199 1026/2635/1199 1313/3277/1199 1311/3271/1199
f 1026/2635/1199 1024/2629/1199 1309/3265/1199 1313/3277/1199
f 1318/3287/1556 1023/2627/1572 1024/2630/1573 1314/3279/1557
f 1304/3251/1574 1023/2627/1572 1318/3287/1556 1319/3289/1559
f 1303/3249/1575 1304/3251/1576 1319/3289/1559 1320/3291/1558
f 1314/3279/1557 1024/2630/1573 1303/3249/1575 1320/3291/1558
f 1321/3293/1560 1025/2633/1577 1023/2628/1578 1315/3281/1561
f 1305/3253/1579 1025/2633/1577 1321/3293/1560 1322/3295/1563
f 1304/3252/1580 1305/3253/1581 1322/3295/1563 1323/3297/1562
f 1315/3281/1561 1023/2628/1578 1304/3252/1580 1323/3297/1562
f 1026/2636/1582 1025/2634/1583 1316/3283/1565 1324/3299/1564
f 1306/3255/1584 1026/2636/1582 1324/3299/1564 1325/3301/1567
f 1326/3303/1566 1305/3254/1585 1306/3255/1586 1325/3301/1567
f 1316/3283/1565 1025/2634/1583 1305/3254/1585 1326/3303/1566
f 1327/3305/1568 1024/2631/1587 1026/2637/1588 1317/3285/1569
f 1303/3250/1589 1024/2631/1587 1327/3305/1568 1328/3307/1571
f 1306/3256/1590 1303/3250/1591 1328/3307/1571 1329/3309/1570
f 1317/3285/1569 1026/2637/1588 1306/3256/1590 1329/3309/1570
